address	type	used_by_functions	string
004001b8	char[8]		.text
004001e0	char[8]		.data
00400208	char[8]		.rsrc
00400240	TerminatedCString		MSVBVM60.DLL
004107e9	string		BonziBUDDY
004107f5	string		BonziBUDDY
00411fb6	unicode		g*\AC:\Source\VB\BonziBuddy\Peedy.vbp
00425121	string		BonziBUDDY.CalendarVB
00425137	string		CalendarVB
00425288	string		AgentCtl.dll
00425295	string		AgentObjectsCtl.Agent
004252ab	string		Agent
00425418	string		ReadyState
0042542f	string		SHDocVwCtl.WebBrowser
00425445	string		WebBrowser
00425578	string		LookupTimeOut
00425586	string		BlockingMode
00425593	string		IncludeDefaultMX
004255ec	string		UTDns.dll
004255f6	string		UTDNSLibCtl.DNS
00425738	string		MSINET.OCX
00425743	string		InetCtlsObjects.Inet
00425918	string		Enabled
00425920	string		HotTracking
0042592c	string		MultiSelect
00425938	string		Separators
00425998	string		MSComctlLib.TabStrip
004259ad	string		TabStrip
00425b48	string		Enabled
00425b50	string		BorderStyle
00425bb1	string		MSComctlLib.Toolbar
00425bc5	string		Toolbar
00425d7d	string		MSComctlLib.StatusBar
00425d93	string		StatusBar
00425f35	string		MSComctlLib.ProgressBar
00425f4d	string		ProgressBar
0042612d	string		MSComctlLib.TreeView
00426142	string		TreeView
0042631d	string		MSComctlLib.ListView
00426332	string		ListView
00426465	string		MSComctlLib.ImageList
0042647b	string		ImageList
00426600	string		Enabled
0042665d	string		MSComctlLib.Slider
00426670	string		Slider
004267b8	string		MSWINSCK.OCX
004267c5	string		MSWinsockLib.Winsock
004267da	string		Winsock
004268d4	string		Regicon.ocx
004268e0	string		RegistryControl.RegiCon
004268f8	string		RegiCon
00426aa8	string		BackColor
00426ab2	string		Enabled
00426aba	string		TextRTF
00426afd	string		RichTextLib.RichTextBox
00426b15	string		RichTextBox
00426cb8	string		Caption
00426cf2	string		Threed.SSFrame
00426d01	string		SSFrame
00426eb0	string		Caption
00426eea	string		Threed.SSPanel
00426ef9	string		SSPanel
004270c0	string		Caption
004270c8	string		Value
00427100	string		Threed.SSCommand
00427111	string		SSCommand
004272d8	string		Caption
00427306	string		sstabs2.ocx
00427312	string		ActiveTabs.SSActiveTabs
0042732a	string		SSActiveTabs
0042742e	string		sstabs2.ocx
0042743a	string		ActiveTabs.SSActiveTabPanel
00427456	string		SSActiveTabPanel
00431868	string		frmAppointment
00431878	string		frmInput
00431884	string		frmSpeak
00431890	string		frmProgress
0043189c	string		frmMailSetup
004318ac	string		frmAddFile
004318b8	string		frmDownloader
004318c8	string		frmDownloaderOptions
004318e0	string		frmDialog
004318ec	string		frmConnectionType
00431900	string		CalendarVB
0043190c	string		clsBBPlayer
00431918	string		clsStoryReader
00431928	string		clsDownloadManager
0043193c	string		CCalendarVBMethods
00431950	string		CCalendarVBVars
00431960	string		CCalendarVBPeriod
00431974	string		CCalendarVBPeriods
00431990	string		clsDrawPictures
004319a0	string		CPeriod
004319a8	string		CPeriods
004319b8	string		CMemoryDC
004319c4	string		cFlatControl
004319d4	string		FToolTip
004319e0	string		ppAppearance
004319f0	string		frmCalendar2
00431a00	string		clsAddressBook
00431a10	string		clsBBuddyMoveClass
00431a24	string		frmAddressBook
00431a34	string		frmAddressProperties
00431a4c	string		frmNBAbout
00431a58	string		frmNBProgress
00431a68	string		frmNetBOOST
00431a74	string		frmRegistration
00431a84	string		modFancyPreviousInstanceStuff
00431aa4	string		frmEmailConfirm
00431ab4	string		frmEmailQueue
00431ac4	string		modMail
00431acc	string		frmTellAFriend
00431adc	string		frmSingSong
00431ae8	string		frmMusicLicense
00431af8	string		frmBBIMReverseList
00431b0c	string		BBIMContact
00431b18	string		BBIMContacts
00431b28	string		BBIMSession
00431b34	string		BBIMSessions
00431b44	string		mnuUpdate
00431b50	string		modGenericCommands
00431b64	string		frmBBIMDialog
00431b74	string		frmMsgEdit
00431b80	string		modTextCrypt
00431b90	string		frmOptionsTabbed
00431ba4	string		frmBBIMSession
00431bb4	string		frmBBIMUserProperties
00431bcc	string		frmBBIMOptions
00431bdc	string		frmBBIMMain
00431bf0	string		modAgent
00431bfc	string		frmAgent
00431c08	string		frmMainMenu
00431c14	string		BonziBUDDY
00431c24	unicode	FUN_0054a070,FUN_0054cbf0	SaveAsDialogCancel
00431c50	unicode	006162b5,FUN_00540370,FUN_00540eb0,FUN_0054c5a0,FUN_0054cbf0,FUN_00551a50,FUN_0055b3d0,FUN_0055bc90,FUN_0055c780,FUN_0055cfb0,FUN_0055da50,FUN_0055e030,FUN_0055e110,FUN_0055e750,FUN_00596580,FUN_00596e30,FUN_00599550,FUN_0059add0,FUN_0059b550,FUN_005a9550,FUN_005aeed0,FUN_005af7d0,FUN_005b3150,FUN_005b32e0,FUN_005baf40,FUN_005bdc30,FUN_005be1e0,FUN_005bee00,FUN_005d3130,FUN_005d7cd0,FUN_005d9510,FUN_005d9c20,FUN_005e1920,FUN_005e3320,FUN_005e6100,FUN_005f3320,FUN_005f47a0,FUN_005f55f0,FUN_005f95b0,FUN_005fa2c0,FUN_005fcc40,FUN_00600110,FUN_00600720,FUN_00602560,FUN_006041c0,FUN_00604fb0,FUN_00605ba0,FUN_0060f810,FUN_00610660,FUN_00611140,FUN_00611b50,FUN_00615120,FUN_00615c20,FUN_00616830,FUN_00617990,FUN_00617c40,FUN_00618dc0,FUN_00619770,FUN_0061c9d0,FUN_0061d750,FUN_0061de30,FUN_0061f6f0,FUN_00633a30,FUN_00636440,FUN_0063a890,FUN_0063b1a0,FUN_0063b3d0,FUN_0063bfd0,FUN_0063c6d0,FUN_0063cdd0,FUN_0063ebb0,FUN_0063f280,FUN_00640360,FUN_006442f0,FUN_00644a00,FUN_0064cc30,FUN_0064de40,FUN_0064e0a0,FUN_0064e9c0,FUN_0064f8b0,FUN_006516c0,FUN_00653d20,FUN_00655bd0,FUN_00655fa0,FUN_006560f0,FUN_006562c0,FUN_00657280,FUN_00658240,FUN_0065a960,FUN_0065bd60,FUN_0065d480,FUN_006638c0,FUN_00667120,FUN_00667b80,FUN_00668b60,FUN_0066aaa0,FUN_0066b030,FUN_0066d240	BONZIBUDDY
00431c6c	unicode	FUN_00667b80	Bonzi.acs
00431c84	unicode	FUN_0061de30,FUN_00640a60,FUN_0064f8b0,FUN_006638c0,FUN_00667b80,FUN_00668b60	Bonzi
00431c94	unicode	FUN_00664e90	BonziBDY.exe
00431cb4	unicode		HTTP://search.yahoo.com/bin/search?p=
00431d04	unicode	FUN_00649290,FUN_0064a800	http://www.bonzi.com/bonzibuddy/home.asp?loc=http://bonzi.snap.com/search/directory/results/1,61,bonzi-0,00.html?keyword=
00431dfc	unicode	FUN_00629fa0	http://bonzi.snap.com/search/directory/results/1,61,bonzi-0,00.html?tt.bonzi.nb.0.search
00431eb4	unicode	FUN_0062d440	Update.exe
00431ed0	unicode	FUN_0062d440,FUN_0064e0a0,FUN_0064e9c0	Daily.nbd
00431ee8	unicode		HTTP://www.lycos.com/cgi-bin/pursuit?&query=
00431f48	unicode	FUN_0053f360,FUN_00649290	What are we looking for?  Enter search word(s) or topic(s) below and we'll travel the world until we find it!
00432028	unicode	FUN_006509c0	HTTP://download.bonzi.com/updates/bbyupdatewithreader.exe
004320a0	unicode	FUN_005b32e0,FUN_005b96b0	www.bonzi.com/emsmtp.asp
004320d8	unicode	FUN_0053f360,FUN_0061f6f0	Let's Travel! Simply enter the web site address below and off we go! (ie: www.bonzi.com)
00432190	unicode	FUN_0053f360,FUN_005e0100,FUN_0061f6f0	Enter your name or a name that you would like to be called and press OK.
00432228	unicode	FUN_0062d440	HTTP://download.bonzi.com/updates/bbyupdate.exe
0043228c	unicode	FUN_0062c9a0	Results.html
004322ac	unicode	FUN_0058dcd0,FUN_005905e0,FUN_00591db0,FUN_00593b80,FUN_005942e0,FUN_00653d20	Apps.nbd
004322c4	unicode	FUN_0055a510,FUN_0061f6f0,FUN_0062b090,FUN_00631d30,FUN_006340a0,FUN_00636bf0,FUN_00637a00,FUN_00638040,FUN_00638620,FUN_00638a20,FUN_00638f70,FUN_006394a0,FUN_00639a10,FUN_00639df0,FUN_0063a380,FUN_0063e810,FUN_00668b60,FUN_00670c10,FUN_00670cf0,FUN_00670e70,FUN_00670f50,FUN_00671030,FUN_00671110	HTTP://www.bonzi.com/bonzibuddy/home.asp
0043231c	unicode	FUN_00617c40	\ctx="Email"\www.bonzi.com
00432358	unicode	FUN_00640a60	http://www.bonzi.com/bonzibuddy/bonziupdate.asp
004323bc	unicode	FUN_005ac0c0	HTTP://www.bonzi.com/bonzibuddy/bbregisteruser.asp
00432428	unicode		HTTP://www.bonzi.com/bonzibuddy/productoffer.asp
00432490	unicode		History.nbd
004324ac	unicode		https://webserver1.bonzi.com/scripts/download/bbdownload.asp
0043252c	unicode	FUN_0063fac0	http://www.bonzi.com/bonzibuddy/tellfriends.asp
00432590	unicode	FUN_0061f6f0	http://www.bonzi.com/bonzibuddy/yesno.asp
004325e8	unicode	FUN_0063bae0	http://www.bonzi.com/support/bdymenu.htm
00432640	unicode	FUN_00630290	bonzi.com/scripts/download/download.asp
00432698	unicode		http://www.bonzi.com/bonzibuddy/bonzibuddymail.asp
00432704	unicode	FUN_0055a510,FUN_006401c0,FUN_0064b8b0	http://www.bonzi.com/bonzibuddy/home.asp?loc=
00432764	unicode	FUN_0061f6f0,FUN_00637250,FUN_0065bd60	http://www.microsoft.com/windows/ie/default.htm
004327c8	unicode		http://free.aol.com/tryaolfree/index.adp
00432820	unicode	00616590,FUN_0061f6f0,FUN_006333e0,FUN_00634730,FUN_0063bfd0,FUN_006562c0	http://www.bonzi.com/bonzibuddy/bbproducts.asp
00432884	unicode		http://www.bonzi.com/bonzibuddy/bnzsend.asp?BNZSEND=TRUE
004328fc	unicode		http://www1.bonzi.com/bonzibuddy/bnzsend.asp
0043295c	unicode	FUN_005afe00	http://www.bonzi.com/bonzibuddy/bonzimailhelp.asp
004329c4	unicode		Commands.nbd
004329e4	unicode		Command.tmp
00432a00	unicode	FUN_0060e750,FUN_0060f260	Search.nbd
00432a1c	unicode	FUN_0060e750	Browse.nbd
00432a38	unicode		Browse.tmp
00432a50	string		mnuWallet
00432a60	unicode	FUN_00648650	J001.nbd
00432a90	unicode	FUN_00648650	P001.nbd
00432aa8	unicode	FUN_00648650	T001.nbd
00432ac0	unicode	FUN_005ab890,FUN_005ad680,FUN_0066bf00	Reg.nbd
00432ad4	unicode		bb32.dll
00432aec	unicode	FUN_0064c990	Prod001.nbd
00432b08	unicode		Receipt.htm
00432b24	unicode		NewSetup.exe
00432b44	unicode	FUN_006186b0	Sites.nbd
00432b5c	unicode	FUN_0065d480	bbmail.dat
00432b78	unicode		bbapp32.dll
00432b94	unicode	FUN_0064e0a0	http://buddy.bonzi.com/bonzibuddy/daily.nbd?
00432bf4	unicode	FUN_00562150,FUN_005654b0,FUN_0056f380	ActiveDayFontBold
00432c1c	unicode		D:\Program Files\DevStudio\3rd Party Controls\ActiveSkin 2.2\Samples\SkinBrowser\Skins\Navigator\
00432ce4	unicode	FUN_00546c40,FUN_005474c0,FUN_00547f40,FUN_00663fa0	Downloads.nbd
00432d04	unicode	FUN_0062d440	siteoftheday=
00432d24	unicode		siteofthedayurl=
00432d4c	unicode	FUN_0062d440	quoteoftheday=
00432d70	unicode	FUN_0062d440	jokeoftheday=
00432d90	unicode	FUN_0062d440	animation=
00432dac	unicode	FUN_0062d440	currentversion=
00432dd0	unicode		updatesize=
00432dec	unicode	FUN_0064cc30	http://buddy.bonzi.com/bonzibuddy/products.nbd?
00432e50	unicode	FUN_0064be50	http://buddy.bonzi.com/bonzibuddy/updates.nbd?
00432eb4	unicode	FUN_00543be0,FUN_00546c40,FUN_005474c0,FUN_00551a50,FUN_00663fa0	Download Complete
00432edc	unicode	FUN_00543be0,FUN_00546c40,FUN_005474c0,FUN_00663fa0,FUN_0066b970	Installed
00432ef4	unicode	FUN_0054c5a0,FUN_0054cbf0,FUN_00551a50,FUN_0055b3d0,FUN_0055bc90,FUN_0055c780,FUN_0055cfb0,FUN_0055da50,FUN_0055e030,FUN_005e1920,FUN_005e3320,FUN_0061d750,FUN_0061f6f0,FUN_00668b60	Downloader
00432f7c	unicode	FUN_00569370	1.0.06
00432f90	unicode	FUN_0056f1d0	ActiveDayFont
00432fac	string	00430c24	ThreeDFaceColor
00432fc4	unicode	FUN_00562150,FUN_005654b0,FUN_0056f570	ActiveDayFontItalic
00432ff0	unicode	FUN_00562150,FUN_005654b0,FUN_0056f770	ActiveDayFontName
00433018	unicode	FUN_00562150,FUN_005654b0,FUN_0056f960	ActiveDayFontSize
00433040	unicode	FUN_00562150,FUN_005654b0,FUN_00567ee0	ActiveDayForeColor
0043306c	unicode	FUN_00562150,FUN_005654b0,FUN_00566ef0	AutoPaint
00433084	unicode	FUN_00562150,FUN_005654b0,FUN_005679b0	BackColor
0043309c	unicode	FUN_00562150,FUN_005654b0,FUN_00567030	BorderStyle
004330b8	unicode	FUN_00562150,FUN_005654b0,FUN_00567290	CalendarType
004330d8	unicode	FUN_00562150,FUN_005654b0,FUN_005683e0	CurrentPeriodbackColor
0043310c	unicode	FUN_00562150,FUN_005654b0,FUN_00568520	CurrentPeriodForeColor
00433140	unicode	FUN_00562150,FUN_005654b0,FUN_0056c380	DateTipFormat
00433160	unicode	FUN_00562150,FUN_005654b0,FUN_00567b10	DayNumberAlignment
0043318c	unicode	FUN_00562150,FUN_005654b0,FUN_00567c60	DayHeaderBackColor
004331b8	unicode	FUN_00562150,FUN_005654b0,FUN_00567da0	DayHeaderForeColor
004331e4	unicode	FUN_00562150,FUN_005654b0,FUN_0056d640	DayHeaderFormat
00433208	unicode	FUN_0056d7b0	DayHeaderFont
00433228	unicode	FUN_00562150,FUN_005654b0,FUN_0056da60	DayHeaderFontBold
00433250	unicode	FUN_00562150,FUN_005654b0,FUN_0056dc50	DayHeaderFontItalic
0043327c	unicode	FUN_00562150,FUN_005654b0,FUN_0056ded0	DayHeaderFontName
004332a4	unicode	FUN_00562150,FUN_005654b0,FUN_0056e0c0	DayHeaderFontSize
004332cc	unicode	FUN_0056e270	DaysFont
004332e4	unicode	FUN_00562150,FUN_005654b0,FUN_0056e420	DaysFontBold
00433304	unicode	FUN_00562150,FUN_005654b0,FUN_0056e610	DaysFontItalic
00433328	unicode	FUN_00562150,FUN_005654b0,FUN_0056e810	DaysFontName
00433358	unicode	FUN_00562150,FUN_005654b0,FUN_0056ea00	DaysFontSize
00433378	unicode	FUN_00562150,FUN_005654b0,FUN_0056ebb0	Enabled
0043338c	unicode	FUN_00562150,FUN_005654b0,FUN_0056f060	ExtraWeekPlacement
004333b8	unicode	FUN_00562150,FUN_005654b0,FUN_00568c80	FirstDayOfWeek
004333dc	unicode	FUN_00562150,FUN_005654b0,FUN_00568020	FlatLineColor
004333fc	unicode	FUN_00562150,FUN_005654b0,FUN_00568dd0	LineStyle
00433414	unicode	FUN_00562150,FUN_005654b0,FUN_0056fce0	PeriodRows
00433430	unicode	FUN_00562150,FUN_0056fb30	Periods
00433444	unicode	FUN_00560d50,FUN_00562150,FUN_005654b0,FUN_00569180,FUN_0056bf20	Picture
00433458	unicode	FUN_00562150,FUN_005654b0,FUN_00568160	PrePeriodBackColor
00433484	unicode	FUN_00562150,FUN_005654b0,FUN_005682a0	PrePeriodforeColor
004334b0	unicode	FUN_00562150,FUN_005654b0,FUN_00567750	PopupMenuDisabled
004334d8	unicode	FUN_00562150,FUN_005654b0,FUN_00568660	PostPeriodBackColor
00433500	string		Class
0043351c	unicode	FUN_00562150,FUN_005654b0,FUN_005687a0	PostPeriodforeColor
00433548	unicode	FUN_00562150,FUN_005654b0	ShowDateTip
00433564	unicode	FUN_00562150,FUN_005654b0,FUN_00567870	ShowDayHeader
00433584	unicode	FUN_00562150,FUN_005654b0	ShowPeriodList
004335a8	unicode	FUN_00562150,FUN_005654b0	ShowYearList
00433600	unicode	FUN_00562150,FUN_005654b0,FUN_00569470	YearBegin
00433618	unicode	FUN_00562150,FUN_005654b0,FUN_00569790	YearEnd
0043362c	unicode	FUN_00562150,FUN_005654b0,FUN_00568f10	YearStartPlacement
00433658	unicode	FUN_005610f0,FUN_00562150,FUN_005654b0,FUN_0058bba0	Dddd Mmm dd, yyyy
004336d4	string	00433710	C:\WINNT\SYSTEM32\MSVBVM60.DLL\3
004336f8	string	00433714	VBRUN
00433744	string	0043375c,00433a58,00433a98,00433cf0,00433de0,00433e24,00433eb8,00433efc,00434384,00434494,00434504,00434548,00436fe0,00437250,0043729c,00438380,00439d98,0043d580,0043d658,0043d69c,0043d6e4,0043d748,0043e168,0043ec40,0043ec78,0043ecbc,0043ed04,0043ed50,0043eddc,0043ee88,0043eecc,0043ef5c,0043efa4,0043f004,0043f048,00443414,004436f4,00443738,00443780,004437cc,00443810	user32
00433750	string		DrawIcon
00433794	string	004337b4,004337f4,00433838,00433890,004338d4,00433924,0043396c,004339b4,004339f8,00433ad8,00433b20,00433b68,00433bac,00433c1c,00433c64,00433cac,00433d98,00433e74,00433fac,00433ff0,00434174,004341b8,004341fc,00434240,00434288,004342c8,0043430c,00434340,004343c8,0043eacc	gdi32
004337a0	string		CreateSolidBrush
0043382c	string		SetBkColor
00433870	string		CreateCompatibleDC
00433884	string	00430c20	Draw3DRect
004338c8	string		DeleteDC
0043390c	string		CreateCompatibleBitmap
0043395c	string		SelectObject
004339a4	string		DeleteObject
004339ec	string		GetPixel
00433a30	string		GetSysColor
00433a3c	string	00430c10	FillRect
00433a48	string	00430c14	InvertRect
00433b10	string		SetTextColor
00433b58	string		CreateBitmap
00433ba0	string		GetBkColor
00433be4	string		GetTextColor
00433bf4	string	00430c00,00430c04	ForeColor
00433c00	string	00430c08	DrawStart
00433c0c	string	00430c0c	DrawStop
00433c54	string		SelectPalette
00433c9c	string		RealizePalette
00433ce4	string		ReleaseDC
00433d28	string	00433d48,00434110,00436f94,00437104,004372e4	kernel32
00433d38	string		RtlMoveMemory
00433d80	string		CreateHalftonePalette
00433dd0	string		GetClientRect
00433e18	string		InvertRect
00433e5c	string		GetTextExtentPoint32A
00433eac	string		DrawStateA
00433ef0	string		DrawEdge
00433f34	string	00433f5c	oleaut32.dll
00433f48	string		OleTranslateColor
00433f94	string		CreatePatternBrush
00433fe4	string		SetBkMode
00434028	string		GetDesktopWindow
00434074	string		UpdateWindow
004340bc	string		CreateDCA
00434100	string		GetLastError
00434148	string		GetCurrentPositionEx
00434164	string		RoundRect
004341ac	string		MoveToEx
004341f0	string		TextOutA
00434234	string		ExtTextOutA
00434278	string		SetTextAlign
004342c0	string		LineTo
00434300	string		Rectangle
00434378	string		FillRect
004343bc	string		CreatePen
00434400	string		BeginPath
00434444	string		EndPath
00434484	string		DrawFocusRect
004344cc	string		DrawFrameControl
004344e0	string	004307f8,004307fc,00430bf0,00430bf4,00430d20,00430d24	BackColor
004344ec	string	00430820,00430824,00430bf8,00430bfc	FlatLineColor
0043453c	string		DrawTextA
0043457c	string	00430b90,00430b94	CurrentX
00434588	string	00430b98,00430b9c	CurrentY
00434594	string	00430ba0	ErrNumber
004345a0	string	00430bb4	LineFromTo
004345ac	string	00430bb8	LineTo
004345b4	string	00430bbc	Rectangle
004345c0	string	00430bc0	TextOut
004345c8	string	00430bc4,00430bc8	TextAlignment
004345d8	string	00430bcc	DrawBorder
004345e4	string	00430bd0	DrawFocusRect
004345f4	string	00430bd4	DrawComponent
00434604	string	00430bd8	DrawText
00434610	string	00430bdc	ShadeRect
0043461c	string	00430be0	DrawImage
00434637	string		FC:\WINNT\System32\stdole2.tlb
00434658	string	00434674	stdole
00434698	string	00430bec	TileBitmap
004346a8	string	00430c28	ThreeDHighlightColor
004346c0	string	00430c2c	ThreeDShadowColor
004346d4	string	00430c30	CopyDC
004346f0	unicode	FUN_00595aa0,FUN_00595e00	AddressBook
0043470c	unicode	FUN_0059d210	SOFTWARE\Microsoft\Shared Tools Location
00434778	unicode	FUN_0059d210	SOFTWARE\Microsoft\Shared Tools\MSINFO
004347cc	unicode	FUN_0059d210	PATH
004347dc	unicode	FUN_005ae900,FUN_005ae9b0	BonziBUDDY-JamesPNance5-17-2000AD-9:36.04AM PDT
00434840	unicode	FUN_005d24b0,FUN_005d9c20,FUN_00662d00,FUN_00664700	.BBMA
00434850	unicode	FUN_005b1ee0,FUN_005bc620,FUN_005d9c20,FUN_0066d240	.BBMT
00434870	unicode	FUN_00540810,FUN_005b32e0,FUN_005df6e0,FUN_0065d480	BONZI.COM Software (Single Developer)/0030530910071B009C00
004348ec	unicode	FUN_005c6050	s1.nbd
00434900	unicode	FUN_005caf00	(Browse | Go | Visit) [to] [your] [my] (home | web) [web] [site]
00434988	unicode	FUN_005caf00	[Let's] [I want to] Browse [the web | the internet]
004349f4	unicode	FUN_005caf00	(Search | Find) [(for | the web | the internet)]
00434a5c	unicode	FUN_005caf00	(Exit | Goodbye | Leave | See you Later | Go away  | Bugger off) [Bonzi]
00434af4	unicode	FUN_005caf00	Read [(it | web page | page | selection | text | document)]
00434b70	unicode	FUN_005caf00	(Open | Show) (Advance | Advanced) [Character] Options
00434be4	unicode	FUN_005caf00	(No | Nope) [thank you] [thanks] [Bonzi]
00434c48	unicode		(Close | Hide | Done | Finished) (Advance | Advanced) [Character] Options
00434ce0	unicode	FUN_005caf00	(Bonzi Buddy) [Commands]
00434d18	unicode	FUN_005caf00	(Sing [to] [me] [a] [Song])
00434d54	unicode	FUN_005caf00	(Yes | Yep | Yeah | Sure | Do it | Make it so) [thank you] [thanks] [Bonzi]
00434e30	unicode	FUN_005caf00	([Show | me | the | a | my | your]) (appointment | schedule | calendar | remind me | reminder) [appointment | date | reminder]
00434f34	unicode	FUN_005caf00	[Let's] (Speak | Talk) [something] [to] [with] [me]
00434fa0	unicode	FUN_005caf00	[Change] [I want to change] [Call me] [my] (name | salutation)
00435024	unicode	FUN_005caf00	(Hello | Hi | Hey) [there] [Bonzi] [Dude] [my man] [buddy]
004350a0	unicode	FUN_005caf00	[Tell me about] [How do I use] [Show me] (Speech Recognition | Voice Recognition) [Help]
00435158	unicode	FUN_005caf00	[Tell] [me] [Let's hear] [How about] ([a | another]) Joke [please] [Bonzi]
00435210	unicode	FUN_005caf00	[Bonzi] (What's | What is | What) (new | going on | up | going down | happening | are are you up to) [with you] [these days] [today] [Bonzi]
00435330	unicode	FUN_005caf00	[Bonzi] (How are you | How ya | How's it) [doing] [feeling] [going] [today] [Bonzi]
004353dc	unicode	FUN_0053b3e0,FUN_0061f6f0,FUN_00633a30	WriteReturn
004353f8	unicode	FUN_005caf00	(I'm | Things are) ([doing | feeling | going]) [very] [just] [somewhat] (well | fine | OK | good | wonderful | nice | great) [myself] [Bonzi] ([thanks | thank you]) [very much] [for] [the concern] [asking] [Bonzi]
004355d4	unicode	FUN_0053b3e0,FUN_0058dcd0,FUN_005905e0,FUN_005942e0	m/d/yy
004355ec	unicode	FUN_005caf00	(I'm | Things are) [not] ([doing | feeling | going]) [very] [just] [somewhat] (not good | not well | bad | awful | horrible | poorly | troubled | sad | not nice | not too good | no very well) [myself] [Bonzi] [but] ([thanks | thank you]) [very much] [for] [the concern] [asking] [Bonzi]
00435830	unicode	FUN_005caf00	([I want to | Let's | Please | I need to | I would like to | Can I | Let me]) (Registration | Register) [me]
00435910	unicode		[show] [me] [the] [my] [bonzi buddy] (Wallet) [please] [Bonzi]
00435994	unicode	FUN_005caf00	([What is the] | [Tell me the]) (Time | What time is it) [Bonzi]
00435a20	unicode	FUN_005caf00	([I want to | Let's | Please | I need to | I would like to | Can I | Let me]) (Tell a friend | Tell my friend) [about] ([you | me | bonzi buddy | this | Bonzi]) [please] [Bonzi]
00435b88	unicode	FUN_005caf00	[Bonzi] [please] (Stop Listening) [please] [Bonzi]
00435bf4	unicode	FUN_0053b3e0,FUN_005f55f0,FUN_00611b50,FUN_0061b570,FUN_0061f6f0,FUN_0066d240	Congratulate
00435c14	unicode	FUN_005caf00	([What is the] | [Tell me the]) (Date | What is the date | What is today's date | What's today's date | What's the date) [Bonzi]
00435d1c	unicode	FUN_005caf00	[Bonzi] ([Check for] | [Look for]) ([a] | [an]) [bonzi buddy] (update) [me] [please] [Bonzi]
00435e00	unicode	FUN_005caf00	[Bonzi] ([I need] | [Please] | [Can I get some] | [Show me] | [Will you]) [online] (Help | Help me | How do I) [please] [Bonzi]
00435f04	unicode	FUN_005caf00	[Bonzi] ([Tell me] | [Let's hear]) [some] [a piece of] (Trivia) [please] [Bonzi]
00435fc8	unicode	FUN_0053b3e0,FUN_00540eb0,FUN_0055b3d0,FUN_0058c090,FUN_005a3bb0,FUN_005ad680,FUN_005b90e0,FUN_005bee00,FUN_005c5e80,FUN_005d7cd0,FUN_005d9510,FUN_005f55f0,FUN_00600720,FUN_00611b50,FUN_00617c40,FUN_0061b570,FUN_0061d750,FUN_0061f6f0,FUN_00631d30,FUN_00632390,FUN_006340a0,FUN_00636440,FUN_00636bf0,FUN_00638040,FUN_006394a0,FUN_00639a10,FUN_00639df0,FUN_0063a380,FUN_0063a890,FUN_0063fac0,FUN_00645630,FUN_006562c0,FUN_0065bd60,FUN_0065d480,FUN_00667b80,FUN_0066d240	Explain
00435fdc	unicode	FUN_0053b3e0,FUN_0061f6f0,FUN_00633a30	Write
00435fec	unicode		[Bonzi] (Don't bother | Do not disturb | Leave me alone | Quit bothering | Stop bothering | Stop interupting | Quit interupting | Relax | Take a break | Chill out | Kick back) [me] [so much] [please] [Bonzi]
0043618c	string		Label1
004361b4	string		cmdDelete
004361d0	unicode	FUN_005caf00	[Bonzi] [please] ([Check for] | [Look for]) [new] (add ons | products)
00436264	unicode	FUN_005caf00	[Bonzi] [please] [read] Bonzi and the Internet
004362c8	unicode	FUN_005caf00	[Bonzi] [please] [read] ([Bonz] | [Bonzi]) [and] [the] Polizoof
0043634c	unicode	FUN_005f47a0	http://www.bonziworld.com/bonziworld/bwclientpost.asp
004363c0	unicode	FUN_005caf00	[Bonzi] [please] [read] ([Bonz] | [Bonzi]) [and] [the] Treasure Chest
00436450	unicode	FUN_005caf00	[Bonzi] [please] ([open] | [show me]) [the] Download Manager
004364d0	unicode	FUN_005caf00	[Bonzi] [please] ([open] | [show me]) [the] Entertainment Center
00436570	string		lblReminderTime
00436590	string		fraDivider
004365a0	unicode	FUN_005caf00	[Bonzi] [please] ([open] | [show me]) [the] ([Instant] Messenger | [Bonzi] Chat | Friends Online)
00436668	unicode	FUN_005caf00	[Bonzi] [please] ([open] | [show me] | [new] | [send]) [a] [new] Bonzi Mail [message]
00436718	unicode		Content-Type: text/plain; charset=UTF-8
0043676c	unicode	FUN_0060d5a0	contacts.nbd
00436790	unicode	FUN_005caf00	[Bonzi] [please] Check ([my] | [our]) (email | [Bonzi] mail)
00436810	unicode	FUN_005caf00	I didn't understand your request.
00436868	unicode	FUN_005dd980,FUN_005ddd10,FUN_005de450	Header
0043687c	unicode		$$Messenger\Contact
004368a8	unicode		$$Messenger\Allow
004368d0	unicode		$$Messenger\Block
004368f8	unicode		$$Messenger\Reverse
00436924	unicode	FUN_005ecc70	Mime-Version: 1.0
00436960	unicode	FUN_006115e0	I didn't understand your request. | Can you please repeat that? | I'm not sure what you meant by that. | I don't understand. | What did you mean by that? | What is that you're saying? | Why do you say such things? | What are you mumbling about now? | You expect me to understand that?  | I didn't catch that? | I'm sorry, one more time please?
00436c14	unicode	FUN_00600720	http://www.bonzi.com/bonzibuddy/imtoolbar.asp
00436c74	unicode	FUN_0066bf00	Welcome to BonziWORLD
00436cf0	string		txtDatePicker
00436d10	string	00436d58	C:\Program Files\Microsoft Visual Studio\VB98\VB6.OLB
00436d88	string		cboDueHour
00436d94	string		cboDueAMPM
00436db0	string		chkRemind
00436ef8	string	00436f20	comdlg32.dll
00436f0c	string		GetSaveFileNameA
00436f58	string		GetProfileStringA
00436f70	string		RasEnumConnectionsA
00436fcc	string		SetForegroundWindow
00437018	string		BringWindowToTop
00437064	string		ShowOwnedPopups
004370ac	string		GetMenu
004370ec	string		GetWindowsDirectoryA
0043713c	string	00437160,004371b0	RasApi32.dll
00437150	unicode	FUN_0053b3e0,FUN_0053c290	0:15
00437198	string		RasGetConnectStatusA
004371e8	string	00437208	shell32.dll
004371f8	string		ShellExecuteA
00437240	string		RegisterHotKey
00437288	string		UnregisterHotKey
004372d4	string		GlobalAddAtomA
0043747c	unicode	FUN_0053b3e0	You must enter a valid reminder date before you can save the appointment.
00437540	unicode	FUN_0053b3e0	You must enter some text for the appointment before you can save it.
004375f0	unicode	FUN_0053ca40,FUN_0061de30	12:00
00437600	unicode	FUN_0053ca40	12:30
00437610	unicode	FUN_0053ca40	1:00
00437620	unicode	FUN_0053ca40	1:30
00437630	unicode	FUN_0053ca40	2:00
00437640	unicode	FUN_0053ca40	2:30
00437650	unicode	FUN_0053ca40,FUN_0061de30	3:00
00437660	unicode	FUN_0053ca40	3:30
00437670	unicode	FUN_0053ca40	4:00
00437680	unicode	FUN_0053ca40	4:30
00437690	unicode	FUN_0053ca40	5:00
004376a0	unicode	FUN_0053ca40	5:30
004376b0	unicode	FUN_0053ca40	6:00
004376c0	unicode	FUN_0053ca40	6:30
004376d4	unicode	FUN_0053ca40	7:00
004376e4	unicode	FUN_0053ca40	7:30
004376f4	unicode	FUN_0053ca40	8:00
00437704	unicode	FUN_0053ca40	8:30
00437714	unicode	FUN_0053ca40	9:00
00437724	unicode	FUN_0053ca40	9:30
00437734	unicode	FUN_0053ca40	10:00
00437744	unicode	FUN_0053ca40	10:30
00437754	unicode	FUN_0053ca40	11:00
00437764	unicode	FUN_0053ca40	11:30
004377d8	string		CalendarVB1
004377f4	string		lviewSchedule
00437814	string	00437850	C:\WINNT\System32\MSCOMCTL.oca
00437834	string	00437854	MSComctlLib
00437868	string		lblDescription
00437878	string		cmdEdit
00437888	string		Command1
00437894	string		GetAppointmentDatesThisMonth
004378cc	string		__vbaCastObj
004378dc	string		__vbaObjSetAddref
004378f0	string		__vbaNew2
00437904	string		__vbaStrCopy
00437914	string		__vbaStrVarMove
00437924	string		__vbaFreeVarList
00437938	string		__vbaDateStr
00437948	string		__vbaDateR8
00437954	string		__vbaStrDate
00437964	string		__vbaVarDup
00437970	string		__vbaFreeObjList
00437984	string		__vbaFreeStrList
00437998	string		__vbaStrCat
004379a4	string		__vbaStrMove
004379b4	string		__vbaFreeStr
004379c4	string		__vbaLenBstr
00437a00	string		__vbaFreeObj
00437a10	string		__vbaHresultCheckObj
00437a28	string		__vbaFreeVar
00437a38	string		__vbaOnError
00437a73	string		JtxtAnswer
00437a80	string		fraQuestion
00437a8c	string		cmdCancel
00437af4	string		mnuReadStoryGroup
00437b17	string		zISubclass
00437b33	string		zC:\WINNT\system32\SSubTmr6.dll
00437b54	string	00437b74	SSubTimer6
00437ba8	string		mnuTopSitesList
00437bb8	string		mnuLessInteraction
00437bcc	string		mnuMoreInteraction
00437be0	string		mnuRelaxMode
00437bf4	string		mnuSilentMode
00437c0c	string		mnuOnlineHelp
00437c1c	string		mnuNetBoost
00437c30	string		mnuDownloadManagerSetup
00437c48	string		mnuTopTen
00437c54	string		mnuECenter
00437c60	string		mnuAirline
00437c6c	string		mnuInternetServices
00437c80	string		mnuReadStoryTreasureChest
00437c9c	string		mnuReadWeb
00437ca8	string		mnuSpeak
00437cb4	string		mnuNBSetp2
00437cc0	string		mnuReadStoryInternet
00437cd8	string		mnuSetup
00437ce4	string		mnuSing
00437cec	string		mnuDownloadManager
00437d00	string		mnuCheckAddons
00437d10	string		mnuIS_GiftsItem2
00437d24	string		mnuIS_GiftsItem3
00437d40	string		mnuIS_GiftsItem1
00437d54	string		mnuCalendar
00437d60	string		mnuCarRentals
00437d70	string		mnuEmailSetup
00437d98	string		m_HTMLDoc
00437db4	string	00437dec	C:\WINNT\System32\mshtml.tlb
00437dd4	string	00437df0	MSHTML
00437e10	string		mnuBWEMail
00437e2c	string		tmrCharacterAction
00437e40	string		mnuEMAIL
00437e4c	string		mnuIEDownload
00437e5c	string		mnuIS_Gifts
00437e68	string		mnuIS_Music
00437e74	string		mnuSalutation
00437e84	string		mnuVoiceCommands
00437e98	string		mnuFact
00437ea0	string		mnuIS_Books
00437ebc	string		lstRandomizer
00437ecc	string		mnuBonziWorld
00437edc	string		mnuReadStoryPolizoof
00437f04	string		wsConnected
00437f24	string	00437f64	C:\WINNT\System32\MSWINSCK.oca
00437f44	string	00437f68	MSWinsockLib
00437f98	string		txtDebugData
00437fc0	string		mnuIS_Movies
00437fd0	string		mnuWriteEmail
00437fe0	string		mnuServices
00437fec	string		mnuTalkingHelp
00437ffc	string		mnuTellFriends
00438033	string		'C:\WINNT\System32\MSINET.oca
00438054	string	00438078	InetCtlsObjects
0043808c	string		mnuIS_BooksItem3
004380a0	string		mnuIS_BooksItem2
004380bc	string		mnuMyHome
004380c8	string		tmrCharacterMove
004380dc	string		mnuIS_BooksItem4
004380f0	string		mnuOptionsSettings
00438104	string		mnuHotel
00438110	string		mnuRegistration
00438120	string		tmrIgnoreEvents
00438130	string		mnuIS_BooksItem1
00438144	string		mnuBWMember
00438150	string		tmrUnload
0043815c	string		mnuInteraction
0043816c	string		mnuAbout
00438178	string		InetReReg
0043819c	string		Agent1
004381b4	string	004381f4	C:\WINNT\msagent\AgentCtl.oca
004381d4	string	004381f8	AgentObjectsCtl
0043820c	string		mnuBonziMAIL
0043821c	string		mnuBrowse
00438228	string		mnuSearch
00438234	string		mnuConnection
00438244	string		tmrWakeUp
00438278	string	004382b0	C:\WINNT\system32\shdocvw.dll
00438298	string	004382b4	SHDocVw
004382c8	string		m_QuietMIE
004382d4	string		m_QuietHTMLDoc
004382e4	string		mnuPopup
00438318	string	00438354	C:\WINNT\system32\empop3.dll
00438338	string	00438358	EMPOP3Lib
00438370	string		SetWindowPos
004383b4	string		AlwaysOnTop
004383c0	string		m_MIE_DocumentComplete
004383d8	string		mnuAO_Click
004383e4	string	004316a4	m_POP3_StatusMessage
004383fc	string	004316a8	m_QuietMIE_DocumentComplete
00438418	string	004316ac	m_MIE_OnQuit
00438430	string		ParseRandomAction
00438444	string		DisplayDebugData
00438458	string		SetM_RQDisableListen
0043847e	string		uuISubclass_MsgResponse
00438498	string	00430dfc,00431794	ISubclass_WindowProc
004384b0	string	00431798	ParseCommand
004384c0	string		SetRandomIdleState
004384d4	string		SetRelaxModeHotkey
004384e8	string	004317ac	GenerateSmartRandomList
00438500	string	004317b0	ActivateHotkey
00438510	string	004317b4	LoadBonz
0043851c	string		WriteEmail
00438538	string		cmdSpeak
0043854c	string		txtSpeak
0043856c	unicode	FUN_0053fd00,FUN_0055b3d0,FUN_005a3bb0,FUN_005a9550,FUN_005ad680,FUN_005bee00,FUN_005d7cd0,FUN_005d9510,FUN_006115e0,FUN_00611b50,FUN_0061b570,FUN_0061d750,FUN_0061f6f0,FUN_00631d30,FUN_006340a0,FUN_00636bf0,FUN_00637a00,FUN_00638040,FUN_00638620,FUN_00638a20,FUN_00638f70,FUN_006394a0,FUN_00639a10,FUN_00639df0,FUN_0063a380,FUN_0063f280,FUN_0063fac0,FUN_006516c0,FUN_00653d20,FUN_006562c0,FUN_00657280,FUN_0066aaa0	Pleased
00438750	unicode	FUN_0053f360,FUN_0053fd00,FUN_0058c090	Suggest
00438784	unicode	FUN_0053f360	Having trouble?  Let me help you. Enter the web site below and click on the 'OK' button.  For example, if you want to go to the \ctx="EMAIL"\bonzi.com site, you would enter \ctx="EMAIL"\www.bonzi.com.
00438918	string		__vbaStrCmp
00438938	unicode	FUN_0053f360	Having trouble?  Let me help you. Enter the words or phrases you would like me to search the web for and click on the 'OK' button.
00438a44	unicode	FUN_0053f360	Having trouble?  Let me help you. Tell me your name or salutation below. This is how I will address you.
00438b1c	unicode	FUN_0053f360,FUN_00540810,FUN_0055b3d0,FUN_0055bc90,FUN_0058c090,FUN_0058dcd0,FUN_005905e0,FUN_005a3bb0,FUN_005ad680,FUN_005af7d0,FUN_005afed0,FUN_005bee00,FUN_005bf380,FUN_005c6050,FUN_005d1db0,FUN_005d7cd0,FUN_005d9510,FUN_005d9c20,FUN_005df6e0,FUN_005f55f0,FUN_00600720,FUN_006115e0,FUN_00611b50,FUN_00614bc0,FUN_00617c40,FUN_0061cf70,FUN_0061de30,FUN_0061f6f0,FUN_0062ed10,FUN_00632390,FUN_00633000,FUN_00636440,FUN_0063a890,FUN_0063b600,FUN_0063bae0,FUN_0063bfd0,FUN_0063c6d0,FUN_0063cdd0,FUN_0063d4d0,FUN_0063d840,FUN_0063e4b0,FUN_0063e810,FUN_0063ed70,FUN_0063f850,FUN_0063fac0,FUN_00640360,FUN_0064f4a0,FUN_0064f8b0,FUN_006509c0,FUN_00653d20,FUN_006562c0,FUN_0065a960,FUN_0065d480,FUN_00664700,FUN_00668b60,FUN_0066d240	Blink
00438b2c	unicode	FUN_0053f930	You'll have to type something first.
00438b7c	unicode	FUN_0053fd00	Having trouble?  Let me help you. From this screen, I can say anything you'd like. Simply enter what you would like me to say and click on the 'Say It' button.
00438cc0	unicode	FUN_0053fd00	And remember 
00438ce0	unicode	FUN_0053fd00	, let's keep it clean!
00438d48	string		fraProgress
00438da0	string		fraUserInfo
00438dac	string		fraInterval
00438db8	string		lblServer
00438ddc	string		lblInterval1
00438dec	string		lblInterval2
00438e0c	string		imgInterval
00438e18	string		lblServerSMTP
00438e28	string		lblAddress
00438e34	string		cmdTest
00438e3c	string		cmdSave
00438e44	string		imgMail
00438e4c	string		lblDescAcct
00438e58	string		txtServer
00438e64	string		txtName
00438e6c	string		txtPass
00438e74	string		txtCheckInterval
00438e88	string		txtAddress
00438e94	string		txtServerSMTP
00438eb4	string		tabMailOptions
00438ed4	unicode	FUN_00540370,FUN_00540eb0,FUN_005aeed0,FUN_005b3150,FUN_005b32e0,FUN_005baf40,FUN_005d9c20,FUN_005e1920,FUN_005e3320,FUN_005f55f0,FUN_00653d20,FUN_0065d480,FUN_0066b030,FUN_0066d240	Email
00438ee4	unicode	00616127,FUN_00540370,FUN_00540eb0,FUN_005b3150,FUN_005b32e0,FUN_005e1920,FUN_005e3320,FUN_005f55f0,FUN_00615c20,FUN_0061f6f0,FUN_006442f0,FUN_0065a960,FUN_0065d480,FUN_00668b60	Server
00438ef8	unicode	FUN_00540370,FUN_00540eb0,FUN_005b32e0,FUN_005e1920,FUN_005e3320,FUN_005f55f0,FUN_005f95b0,FUN_005fa2c0,FUN_00600720,FUN_006041c0,FUN_0065d480	LogonName
00438f10	unicode	FUN_00540370,FUN_00540eb0,FUN_005b32e0,FUN_005e1920,FUN_005e3320,FUN_005f55f0,FUN_0065d480	Pass
00438f20	unicode	FUN_00540370,FUN_00540eb0,FUN_00541a80,FUN_005e1920,FUN_005e3320,FUN_00653d20	Interval
00438f38	unicode	FUN_00540370,FUN_00540eb0,FUN_005d9c20,FUN_0066d240	ServerSMTP
00438f54	unicode	FUN_00540370,FUN_00540eb0,FUN_005aeed0,FUN_005b32e0,FUN_005baf40,FUN_005d9c20,FUN_005e1920,FUN_005e3320,FUN_005f55f0,FUN_0066b030,FUN_0066d240	Address
00439004	string		txtDescription
00439014	string		imgInstruction
00439038	unicode	FUN_00540810,FUN_005df6e0	Great!  This email information seems to be working properly, 
004390c0	unicode	FUN_00540810,FUN_005df6e0	There was an error while connecting to our mail server. Please verify that the Mail Server you have entered here is correct and try the test again.
004391f8	string		OKButton
00439204	string		CancelButton
0043921c	unicode	FUN_00540810,FUN_005df6e0	It seems that the User Name we are using to check e-mail is incorrect. We can change it by clicking on the 'E-Mail Reader' option under 'Setup' on my menu.
00439354	string		__vbaNew
00439364	unicode	FUN_00540810,FUN_005df6e0	It seems that either the User Name or Password we are using to check e-mail is incorrect. We can change it by clicking on the 'E-Mail Reader' option under 'Setup' on my menu.
004394c8	unicode	FUN_00540eb0	Hey!  That looks like my E-Mail Reader Options screen!
0043954c	unicode	FUN_00540eb0	From my E-Mail Reader Options screen, we can setup your E-Mail account and server information.
00439610	unicode	FUN_00540eb0	This information will allow me to check your e-mail and read it for you!
004396cc	unicode	FUN_00540eb0	Please enter the name or the IP address of your Internet Mail Server. This is also known as your POP 3 Mail Server information.  Then, enter your E-Mail logon User Name and Password.
0043983c	string		__vbaLateIdCallLd
00439854	unicode	FUN_00540eb0	If you're unsure about this information, it can easily be obtained from your Internet Service Provider or ISP.
00439938	unicode	FUN_00540eb0	Once you have entered this information, go ahead and click the 'Test' button.  I will make sure we have everything setup properly!
00439a44	unicode	FUN_00540eb0	If you would like, you can click on my 'Interval' tab, and specify how often you would like me to check for new E-Mail messages when we are online together!
00439ba4	unicode	006162b0,FUN_00541a80,FUN_0055e110,FUN_0055e750,FUN_00596580,FUN_00596e30,FUN_005a9550,FUN_005af7d0,FUN_005baf40,FUN_005d3130,FUN_005e1920,FUN_005e3320,FUN_005f3320,FUN_005f47a0,FUN_0060f810,FUN_00611b50,FUN_00615120,FUN_00615c20,FUN_00616830,FUN_00617990,FUN_00617c40,FUN_00618dc0,FUN_0061c9d0,FUN_0061d750,FUN_0061de30,FUN_0061f6f0,FUN_00633a30,FUN_00636440,FUN_0063a890,FUN_0063b1a0,FUN_0063b3d0,FUN_0063ebb0,FUN_0063f280,FUN_00640360,FUN_006442f0,FUN_0064f8b0,FUN_006516c0,FUN_006562c0,FUN_00657280,FUN_00658240,FUN_0065a960,FUN_0065bd60,FUN_006638c0,FUN_00667b80,FUN_00668b60,FUN_0066aaa0	UserInfo
00439bf0	string		__vbaExitProc
00439c00	string		__vbaCastObjVar
00439c10	string		lblInstruction
00439c20	string		fraAddFile
00439c2c	string	00430618,0043061c	Editing
00439c34	string	00430620,00430624	EditingIndex
00439c8f	string		KlstQueue
00439cac	string		mnuPopupRemove
00439cbc	string		mnuPopupEdit
00439ccc	string		mnuFile
00439cd4	string		fraDowloadQueue
00439ce4	string		mnuOptions
00439cf0	string		pbDownload
00439d0c	string		tmrDownloadRate
00439d1c	string		mnuPopupRun
00439d38	string		sbStatus
00439d44	string		mnuPopupDelete
00439d54	string		MSInet
00439d5c	string		mnuListPopUp
00439d6c	string		mnuPopupDownloadNow
00439d84	string		LockWindowUpdate
00439dcc	string		DownloadInProgress
00439e00	string		e back to 4 X
00439e1c	string		or a total of 13h
00439e4c	unicode	FUN_005427d0	You must enter a URL for the file before it can be added to the download list.
00439ef0	unicode		Error adding file to download list: 
00439f4c	string		__vbaRecDestruct
00439f70	string		__vbaVarTstNe
00439f84	unicode	FUN_00542f40	, if you'd like, go ahead and click the 'Have Fun' button now. I've got the download covered! | OK 
0043a054	unicode	FUN_00542f40	, I'll handle downloading. Sit back and relax my friend! | 
0043a0d0	unicode	FUN_00542f40	, downloading is underway! | 
0043a110	unicode	FUN_00542f40	, I'll take care of it from here! Enjoy yourself my friend, go ahead and click on my 'Have Fun' button. | 
0043a1ec	unicode		Error adding Download List Entry: 
0043a238	unicode	FUN_00542f40	, you can go about browsing the web or just relaxing for a bit if you like! I'll let you know when I'm done downloading!
0043a340	unicode	FUN_005432c0,FUN_005437a0	Waiting...
0043a36c	unicode		Error queuing file in Download List: 
0043a3c8	unicode		Error editing Download List Entry: 
0043a414	unicode	FUN_00545180	Getting current file list...
0043a474	unicode	FUN_00545180,FUN_00630290	<bbdownloadfile
0043a4a0	unicode	FUN_00545180,FUN_00545d00	name=
0043a4b0	unicode	FUN_00545180,FUN_00545d00	url=
0043a4c0	unicode	FUN_00545180,FUN_00545d00	regcode=
0043a4d8	unicode	FUN_00545180,FUN_00545d00	say=
0043a4e8	unicode	FUN_00545180,FUN_005474c0,FUN_005560a0,FUN_00557d00,FUN_00558fa0,FUN_0060de70	Idle
0043a514	unicode	FUN_00545d00,FUN_006467b0	[username]
0043a530	unicode	FUN_00545d00	size=
0043a558	unicode	FUN_00546c40,FUN_00558fa0	Deleted
0043a57c	unicode	FUN_005474c0	Loading current file list...
0043a5bc	unicode		Error reading current file list: 
0043a604	unicode	FUN_00547f40	downloads.tmp
0043a624	unicode	00548f7a	Error removing record: 
0043a66c	unicode	FUN_0054a070	Save File As...
0043a690	unicode	FUN_0054a590	bbsetup.exe
0043a6ac	unicode	FUN_0054a590	Free BonziBUDDY
0043a6d0	unicode	FUN_0054a590	This is what we'd say about it!
0043a714	unicode	FUN_0054a590	10235
0043a724	unicode	FUN_0054a590	http://www.bonzi.com/freebuddy/bbsetup.exe
0043a77c	string		chkAutoRun
0043a7ac	unicode	FUN_0054a830	File Name / Description
0043a7e0	unicode	FUN_0054a830,FUN_00605ed0,FUN_00608980	Status
0043a7f4	unicode	FUN_0054a830	Size (K)
0043a80c	unicode	FUN_0054a830	Done (K)
0043a824	unicode	FUN_0054a830	Est Time
0043a83c	unicode	FUN_0054a830	Site
0043a84c	unicode	FUN_0054a830	Local File Info
0043a8ac	unicode	FUN_0054c5a0,FUN_0055b3d0,FUN_005d7cd0	Explained
0043a8c4	unicode	FUN_0054c5a0,FUN_0055b3d0,FUN_00599550,FUN_0059add0,FUN_0059b550,FUN_005bee00,FUN_005d7cd0,FUN_005d9510,FUN_00615120,FUN_00617c40,FUN_00618dc0,FUN_0061de30,FUN_0063ebb0,FUN_00657280	TRUE
0043a8d4	unicode		Inet still executing
0043a908	string		chkPromptSave
0043a918	string		chkNotify
0043a924	string		fraSample2
0043a934	unicode	FUN_0054c6b0	Closing the Download Manager will cancel any downloads in progress.  Are you sure you want to close the Download Manager?
0043aa2c	unicode	FUN_0054cbf0,FUN_0055c780,FUN_0055cfb0,FUN_005e1920,FUN_005e3320	PromptSave
0043aa58	unicode	FUN_0054cbf0,FUN_005afed0,FUN_005d9c20,FUN_0061de30,FUN_00636010,FUN_0066d240	Wave
0043aa68	unicode	FUN_0054cbf0	I'm currently downloading the file - 
0043aab8	unicode	FUN_0054cbf0	. | I'm now going to download the file - 
0043ab10	unicode	FUN_0054cbf0	. | I'll now go get the file - 
0043ab54	unicode	FUN_0054cbf0	 for you 
0043ab6c	unicode	FUN_0054cbf0	ftp://
0043ab80	unicode	FUN_0054cbf0	ftp.
0043ab90	unicode	FUN_0054cbf0	Locating file - 
0043abb8	unicode	FUN_0054cbf0	Locating...
0043abd4	unicode	FUN_0054cbf0	https://
0043abec	unicode	FUN_0054cbf0	C:\BB_FTP01.DAT
0043ac10	unicode	FUN_0054cbf0	GET 
0043ac20	unicode	FUN_0054ff40	http://webserver1.bonzi.com/bonzibuddy/downloader.htm
0043acd0	unicode	FUN_0054cbf0	I am unable to determine the exact size of this file, because it is being downloaded from and FTP site.  But don't worry, I'll still let you know when it's done downloading!
0043ae30	unicode	FUN_0054cbf0	Downloading
0043ae4c	unicode	FUN_0054cbf0,FUN_005c0900,FUN_00606720,FUN_0060de70,FUN_0060e120	Unknown
0043ae60	unicode	FUN_0054cbf0,FUN_00551a50	Downloading file - 
0043ae98	string		fraSample4
0043aea4	string		fraOptions1
0043aec0	string		picOptions
0043aecc	string		fraSample3
0043aed8	string		chkIntegrate
0043aeec	unicode	FUN_005501a0	Edit Entry
0043af28	unicode	FUN_005501a0,FUN_005ac0c0,FUN_00659500	www.bonzi.com
0043af48	unicode	FUN_005501a0	You must first select an entry to Edit by clicking on that entry.
0043afd0	unicode	FUN_00551460,FUN_0062ed10	Content-length
0043aff4	unicode	FUN_00551460	The size of this file is 
0043b02c	unicode	FUN_00551460	#,###,###,###
0043b04c	unicode	FUN_00551460	 Kilobytes.
0043b068	unicode	FUN_00551a50	Error
0043b07c	unicode	FUN_00551a50	Error...
0043b094	unicode	FUN_00551a50	, an error occurred while downloading the file 
0043b0f8	unicode	FUN_00551a50	.  I was unable to successfully download this file.  We should try to download it again later.
0043b1d8	unicode	FUN_00551a50	Do you want to cancel downloading 
0043b22c	unicode	FUN_00551a50	 from being done!
0043b254	unicode	FUN_00551a50	Our download is 25% complete.  We have about 
0043b2b4	unicode	FUN_00551a50	 left in our download. | 
0043b2ec	unicode	FUN_00551a50	, the current download is about 25% complete.
0043b34c	unicode	FUN_00551a50	Our download is 50% complete!  We're only 
0043b3a8	unicode	FUN_00551a50	 out. | This download is 50% complete, 
0043b3fc	unicode	FUN_00551a50	!  We're only 
0043b41c	string	004308c4,004308c8	DateTipFormat
0043b430	unicode	FUN_00551a50	Our download is 75% complete!  We only have 
0043b490	unicode	FUN_00551a50	 left!  We're almost there! | This download is 75% complete!  We're only 
0043b528	unicode	FUN_00551a50	 away from finishing this download, 
0043b578	unicode	FUN_00551a50,FUN_005579f0	Canceled
0043b590	unicode	FUN_00551a50	Canceled download of 
0043b5c0	unicode	FUN_00551a50	Copying file...
0043b5e4	unicode		Local File = 
0043b600	string	004308b4,004308b8	PeriodYear
0043b610	unicode		Server File= 
0043b630	unicode	FUN_00551a50,FUN_005d7cd0,FUN_00630290,FUN_0063fac0,FUN_0064f8b0,FUN_0065d480	GetAttention
0043b650	unicode	FUN_00551a50	, I'm done downloading the file - 
0043b69c	unicode	FUN_00551a50	. | I've finished downloading the file - 
0043b6f4	unicode	FUN_00551a50	. | I've successfully downloaded the file - 
0043b75c	unicode	FUN_00551a50	Finished downloading 
0043b78c	unicode	FUN_00551a50,FUN_0055c780,FUN_0055cfb0,FUN_005e1920,FUN_005e3320	AutoRun
0043b7a0	unicode	FUN_00551a50,FUN_00559ba0,FUN_0055c780,FUN_0055da50,FUN_005e1920,FUN_0061f6f0,FUN_00637250,FUN_0065bd60	open
0043b7b0	unicode	FUN_00551a50	Host found...
0043b7cc	string	0043089c,004308a0	YearBegin
0043b7dc	unicode	FUN_00551a50	, I was unable to locate the file 
0043b828	unicode	FUN_00551a50	 for download.  You may need to double check the URL for this file to make sure that is correct, and try downloading this file again.
0043b938	unicode	FUN_00551a50	Not Found!
0043b954	unicode	FUN_00551a50	Could not find file - 
0043b988	unicode	FUN_00551a50	Finding host...
0043b9a8	string	004308ac,004308b0	DateValue
0043b9b4	string	004308bc,004308c0	Picture
0043b9c0	unicode	FUN_00557350	btnDownload
0043b9dc	unicode	FUN_00557350	btnStop
0043b9f0	unicode	FUN_00557350	btnRun
0043ba04	unicode	FUN_00557350	btnOptions
0043ba20	unicode	FUN_00557350	btnDelete
0043ba38	unicode	FUN_00557350	btnDeleteFromDisk
0043ba60	unicode	FUN_00557350	btnAdd
0043ba74	unicode	FUN_00557350	btnEdit
0043ba88	unicode	FUN_00557350	btnExit
0043ba9c	unicode	FUN_00557d00	Are you sure you wish to remove the selected file(s) from the download list?
0043bb3c	unicode	FUN_00557d00	Removing file(s) from list...
0043bb7c	string		GetParent
0043bb90	unicode	FUN_00558fa0	Are you sure you want to delete the selected file(s) from your computer?
0043bc28	unicode	FUN_00558fa0	Deleting file(s) from disk...
0043bc68	unicode	FUN_00558fa0	Cannot delete 
0043bc8c	unicode	FUN_00558fa0	 file from disk.  The file cannot be found.
0043bce8	unicode	FUN_00559ba0	Running file(s)...
0043bd14	unicode	FUN_00559ba0	Cannot run 
0043bd3c	unicode	FUN_00559ba0	 file.  The file cannot be found.  Would you like to download this file now?
0043bdec	unicode	FUN_0055a510,FUN_005caf00,FUN_00611b50	Browse
0043be00	unicode	FUN_0055a510	Games
0043be10	unicode	FUN_0055a510	http://bonzi.snap.com/main/games/0,592,-0,00.html
0043be78	unicode	FUN_0055a510	Music
0043be90	string		mnuCalendarStyle
0043beac	unicode	FUN_0055a510	http://bonzi.snap.com/LMOID/resource/0,566,-5,00.html?tag=st.sn.dir.he.rp-5
0043bf48	unicode	FUN_0055a7e0	Downloading           
0043bf94	unicode	FUN_0055a7e0,FUN_0060e750	hh:mm:ss
0043bfac	unicode	FUN_0055bc90	, I've noticed that our Download Manager is not currently integrated with Internet Explorer.
0043c068	string		__vbaStrToUnicode
0043c080	unicode	FUN_0055b3d0	, I can download any file for you! Simply click on the file or files in our Download List, and then click on the 'Download' button!
0043c18c	unicode	FUN_0055b3d0	This is one little gorilla that can handle the Megabytes!
0043c200	string		__vbaStrToAnsi
0043c214	unicode	FUN_0055c780,FUN_0055da50,FUN_005e1920,FUN_0061f6f0	\regsvr32.exe
0043c238	unicode	FUN_0055b3d0	If you would like me to install or run a file after I've downloaded it, click on that file or files in the Download List and then click on the 'Run' button. I will take care of it for you!
0043c3b8	unicode	FUN_0055b3d0,FUN_00600720	Also 
0043c3d0	string		mnuCalTypePeriod
0043c3e8	unicode	FUN_0055b3d0	, you can always continue to browse and enjoy the Internet while I handle downloading! \pau=1000\Just click my \emp\'Have Fun' button here for fun things to do while I download! We can browse, \pau=400\search, \pau=400\play games, \pau=400\or even listen to some cool tunes while we wait!\pau=1000\
0043c644	unicode	FUN_0055b3d0	, if you need me to explain my 'Download Manager' again at any time, just let me know by pressing the 'F1' key while on this screen.
0043c754	unicode	FUN_0055bc90,FUN_0055c780,FUN_0055cfb0,FUN_0055da50,FUN_005e1920,FUN_005e3320,FUN_0061d750,FUN_0061f6f0	Integrate
0043c76c	unicode	FUN_0055bc90,FUN_0055e030	DontPromptToIntegrate
0043c7a8	unicode	FUN_0055bc90,FUN_005a3bb0,FUN_005afed0,FUN_005d9c20,FUN_005f55f0,FUN_006115e0,FUN_00611b50,FUN_00617990,FUN_00617c40,FUN_0061f6f0,FUN_00632390,FUN_00633000,FUN_00636440,FUN_00639df0,FUN_0063a890,FUN_0063b600,FUN_0063bae0,FUN_0063bfd0,FUN_0063c6d0,FUN_0063cdd0,FUN_0063d4d0,FUN_0063d840,FUN_0063e4b0,FUN_0063e810,FUN_0063ed70,FUN_0063f850,FUN_0063fac0,FUN_00640360,FUN_00667b80,FUN_00668b60,FUN_0066d240	Alert
0043c7b8	unicode	FUN_0055bc90	If you like, I can integrate the Download Manager now, so that I can automatically handle your Internet Downloads for you whenever you want to download files from the Internet!
0043c91c	string		__vbaStrI2
0043c93c	unicode	FUN_0055bc90	Would you like for me to integrate the Download Manager with Internet Explorer now?
0043c9e8	unicode	FUN_0055c280	How about we go to Microsoft's site now, and download the latest and greatest version of Internet Explorer so we can use my Download Manager?
0043cb24	unicode	FUN_0055c280	, I've noticed that you don't have version 5 or higher of Microsoft's Internet Explorer installed. \pau=1000\  In order for me to use my Download Manager to handle your Internet downloads for you, we must have the latest version of Internet Explorer installed. \pau=1000\
0043cd44	string		__vbaPutOwner3
0043cd54	string		__vbaStrR4
0043cd60	string		__vbaVar2Vec
0043cd70	string		__vbaAryMove
0043cd80	string		__vbaR4Str
0043cd8c	string		__vbaStrI4
0043cda4	string		__vbaDateVar
0043cdb4	string		__vbaVarCmpNe
0043cdc4	string		__vbaVarAnd
0043cdd0	string		__vbaBoolVarNull
0043cde4	string		__vbaSetSystemError
0043cdf8	string		__vbaLateIdCall
0043ce08	string		__vbaBoolVar
0043ce24	string		__vbaRecDestructAnsi
0043ce3c	string		__vbaRecAnsiToUni
0043ce50	string		__vbaRecUniToAnsi
0043ce64	string		__vbaVarCat
0043ce70	string		__vbaVarCopy
0043ce80	string		__vbaVarMove
0043ce90	string		__vbaAryRecCopy
0043cea0	string		mnuCalendarType
0043ceb0	string		__vbaNameFile
0043cec0	string		__vbaInputFile
0043ced0	string		__vbaFileClose
0043cee0	string		__vbaWriteFile
0043cef0	string		__vbaAryVar
0043cefc	string		mnuStyleFlat
0043cf10	string		__vbaFileOpen
0043cf20	string		__vbaStrVarVal
0043cf3c	string		__vbaAryCopy
0043cf4c	string		__vbaInStrVar
0043cf68	string		__vbaAryDestruct
0043cf7c	string		__vbaAryUnlock
0043cf8c	string		mnuPrevPeriod
0043cf9c	string		__vbaAryLock
0043cfac	string		__vbaInStr
0043cfb8	string		__vbaLateIdSt
0043cfc8	string		__vbaRedim
0043cfd4	string		__vbaErase
0043cfe0	string		mnuCalTypeMonth
0043cff0	string		imgIcon
0043cff8	string		__vbaErrorOverflow
0043d00c	string		__vbaRedimPreserve
0043d020	string		__vbaGenerateBoundsError
0043d03c	string		__vbaUbound
0043d048	string		__vbaFailedFriend
0043d060	unicode	FUN_0055c780,FUN_0055cfb0,FUN_005e1920,FUN_005e3320,FUN_00668b60	NotifyOnStart
0043d090	unicode	FUN_0055c780,FUN_005e1920	/s /u iehelpermiddleman.dll
0043d0cc	unicode	FUN_0055c780,FUN_0055da50,FUN_005e1920,FUN_0061f6f0	/s /v iehelpermiddleman.dll
0043d14f	string		BchkStopIt
0043d15c	string		lblPrompt
0043d174	unicode	FUN_0055d7b0,FUN_0058dcd0,FUN_00591db0,FUN_0059c1e0,FUN_005a9550,FUN_005aeed0,FUN_005afed0,FUN_005b32e0,FUN_005b96b0,FUN_005d8ec0,FUN_005d9c20,FUN_006115e0,FUN_00617c40,FUN_0061f6f0,FUN_0065d480,FUN_0066d240,FUN_00670320	Decline
0043d194	unicode	FUN_0055d7b0	, if you're sure.
0043d1cc	unicode	FUN_0055da50,FUN_0055e110,FUN_005e1920,FUN_00611b50,FUN_0061f6f0,FUN_0063d840,FUN_00657280	Acknowledge
0043d1e4	string		UserControl
0043d1f0	string		mnuNextPeriod
0043d200	string	00430890,00430894	URLPicture
0043d210	unicode	FUN_0055da50	OK! It's done!  I will now automatically handle your Internet downloads for you!
0043d304	string		optModem
0043d318	string		fraConnectType
0043d328	string		optLAN
0043d340	unicode	FUN_0055e110,FUN_0055e750,FUN_005af7d0,FUN_005e1920,FUN_005e3320,FUN_00617990,FUN_00658240	ConnectionType
0043d364	unicode	FUN_0055e110,FUN_0055e750,FUN_005e1920,FUN_005e3320,FUN_00659500	Modem
0043d38c	unicode	FUN_0055e110	Thanks 
0043d3c0	unicode	FUN_0055e750	Now let's select the option from my Internet Connection Screen which best describes how we will be connecting to the Internet!
0043d50d	string		^n{mnuCalTypeWeek
0043d520	string		mnuStyle3D
0043d52c	string		mnuStyleNoLine
0043d53c	string		ctlFocus
0043d548	string		mnuStyleSunken
0043d558	string		cboPeriod
0043d564	string		tmrResize
0043d578	string	004308a4,004308a8	YearEnd
0043d5b8	string		GetTickCount
0043d600	string		GetUpdateRect
0043d648	string		ReleaseCapture
0043d690	string		SetCapture
0043d6d4	string		SetWindowLongA
0043d71c	string		GetWindowLongA
0043d72c	string	00430880,00430884	YearStartPlacement
0043d740	string	00430898	Version
0043d77c	string	004307cc,004307d0	AutoPaint
0043d788	string	004307d4,004307d8	BorderStyle
0043d794	string	004307e0,004307e4	CalendarType
0043d7a4	string	004307e8,004307ec	PopupMenuDisabled
0043d7b8	string	004307f0,004307f4	ShowDayHeader
0043d7c8	string	00430800,00430804	DayNumberAlignment
0043d7dc	string	00430808,0043080c	DayHeaderBackColor
0043d7f0	string	00430810,00430814	DayHeaderForeColor
0043d804	string	00430818,0043081c	ActiveDayForeColor
0043d818	string	00430828,0043082c	PrePeriodBackColor
0043d82c	string	00430830,00430834	PrePeriodForeColor
0043d840	string	00430838,0043083c	CurrentPeriodBackColor
0043d858	string	00430840,00430844	CurrentPeriodForeColor
0043d870	string	00430848,0043084c	PostPeriodBackColor
0043d884	string	00430850,00430854	PostPeriodForeColor
0043d898	string	00430858,0043085c	ShowDateTip
0043d8a4	string	00430860,00430864	ShowPeriodList
0043d8b4	string	00430868,0043086c	ShowYearList
0043d8c4	string	00430870,00430874	FirstDayOfWeek
0043d8d4	string	00430878,0043087c	LineStyle
0043d8e0	string	00430888,0043088c	URLLocation
0043d8f0	string	004308cc,004308d0	PeriodValue
0043d8fc	string	004308d4,004308d8	DayHeaderFormat
0043d90c	string	004308dc,004308e0	DayHeaderFont
0043d91c	string	004308e4,004308e8	DayHeaderFontBold
0043d930	string	004308ec,004308f0	DayHeaderFontItalic
0043d944	string	004308f4,004308f8	DayHeaderFontName
0043d958	string	004308fc,00430900	DayHeaderFontSize
0043d96c	string	00430904,00430908	DaysFont
0043d978	string	0043090c,00430910	DaysFontBold
0043d988	string	00430914,00430918	DaysFontItalic
0043d998	string	0043091c,00430920	DaysFontName
0043d9a8	string	00430924,00430928	DaysFontSize
0043d9b8	string	0043092c,00430930	Enabled
0043d9c0	string	00430934,00430938	ExtraWeekPlacement
0043d9d4	string	0043093c,00430940	ActiveDayFont
0043d9e4	string	00430944,00430948	ActiveDayFontBold
0043d9f8	string	0043094c,00430950	ActiveDayFontItalic
0043da0c	string	00430954,00430958	ActiveDayFontName
0043da20	string	0043095c,00430960	ActiveDayFontSize
0043da34	string	00430964,00430968	Periods
0043da3c	string	0043096c,00430970	PeriodRows
0043da48	string	00430974	Refresh
0043da58	string	00430990	hWndPeriod
0043da64	string	00430994	hWndYear
0043da70	string		PeriodDefault
0043da84	string	004309bc	RefreshAppointments
0043da98	string		Click
0043daa0	string		ErrorEvent
0043daac	string		DateChange
0043dab8	string		DblClick
0043dac4	string		WillChangeDate
0043db30	unicode	FUN_0055f370,FUN_005610f0,FUN_00573a00	yyyy
0043db70	string		Isinitialized
0043dbc4	unicode	FUN_00633a30,FUN_0063ebb0,FUN_0063f280,FUN_00657280,FUN_00668b60	FALSE
0043dbee	string		8qDateToPeriod
0043dc00	string		DateToPeriodYear
0043dc28	unicode	FUN_005610f0,FUN_0058bba0,FUN_005942e0,FUN_0060e750	mm/dd/yyyy
0043dc7e	string		']TextColor
0043dc8c	string	00430d38	Attach
0043dc94	string	00430d3c	CopyToHdc
0043dca0	string	00430d40	CopyFromHdc
0043dcac	string	00430d48	Detach
0043dcd8	unicode	FUN_00562150	Arial
0043dce8	unicode	FUN_00567290	CalendarType(Let)
0043dd10	unicode	FUN_00567290,FUN_00569a30	Invalid date. The date: 
0043dd48	unicode	FUN_00567290,FUN_00569a30	 does not fall within
0043dd78	unicode	FUN_00567290,FUN_00569a30	 the BeginYear: 
0043dda0	unicode	FUN_00567290,FUN_00569a30	 and the EndYear: 
0043dddc	unicode	FUN_00567290,FUN_00569a30	 ranges.
0043ddf4	unicode	FUN_00569470,FUN_00569790	Please Enter a valid year. Must be equal to or less than the DateValue.
0043de88	unicode	FUN_00569470,FUN_00569790	Property Error
0043deac	unicode	0056ab62,0056ac08,FUN_00569a30	DateValue(Let)
0043ded0	unicode	0056ab0a,0056bbad,0056d2fa	Unhandled Error. 
0043def8	unicode	0056bc05,0056bcab,FUN_0056ae70	PeriodYear(Let)
0043df1c	unicode	FUN_0056ae70,FUN_0056c4f0	Invalid Property Value. 
0043df54	unicode	FUN_0056ae70	The period year must be in the range of 
0043dfb8	unicode	FUN_0056bf20	Invalid Picture Type
0043dfe8	unicode	0056d352,0056d3f8,FUN_0056c4f0	PeriodValue(Let)
0043e010	unicode	FUN_0056c4f0	The period must be in the range of 1 - 
0043e064	unicode	FUN_0056fdb0,FUN_005745f0	Wednesday
0043e088	unicode	FUN_0056fdb0	Dddd
0043e0a0	unicode	FUN_00573a00,FUN_00575a10,FUN_0057a3b0	Mmmm
0043e0b0	unicode	FUN_00573a00,FUN_00575a10,FUN_0057a3b0	Week 
0043e0c0	unicode	FUN_00573a00	1/1/
0043e0d0	unicode	FUN_00573a00	12/31/
0043e0e0	unicode	FUN_00575a10,FUN_005bcfe0,FUN_00611b50,FUN_00614850	Name
0043e0f0	unicode	FUN_00575a10	ctlFocus
0043e144	string		tmrToolTip
0043e154	string		GetCursorPos
0043e19c	string		DisplayToolTip
0043e1ac	string	00430e10,00430e14	ShowInterval
0043e1bc	string	00430e18,00430e1c	HideInterval
0043e1cc	string	00430e20	HideToolTip
0043e1d8	string	00430e24,00430e28	TipText
0043e1e0	string		ResetTimer
0043e200	unicode	FUN_00579b00	DisplayToolTip
0043e220	unicode	FUN_00579b00	HideToolTip
0043e247	string		!NewEnum
0043e25f	string		FRemove
0043e270	string	00430ac4,00430cdc,00431114,0043114c	Count
0043e278	string	00430ac8,00430ce0	WeeksFromFirstOfYear
0043e2b0	unicode	FUN_00579d80	Period 
0043e2cc	string		__vbaVarCmpLt
0043e2dc	string		__vbaLateMemCall
0043e2f0	string		__vbaLateMemCallLd
0043e304	string		__vbaI4ErrVar
0043e314	string		__vbaVarSub
0043e320	string		__vbaVarIndexLoad
0043e334	string		__vbaVarMod
0043e340	string	004309e8	BBPlayerShutDown
0043e354	string	004309ec	BBPlayerPausePlayback
0043e36c	string		__vbaVarIdiv
0043e37c	string		__vbaVarAdd
0043e388	string		__vbaVarCmpEq
0043e398	string		__vbaVarIndexStore
0043e3ac	string		__vbaRedimVar
0043e3bc	string		__vbaVarOr
0043e3d8	string		__vbaResume
0043e3e4	string		__vbaVarCmpGt
0043e3f4	string		__vbaCyVar
0043e418	string		__vbaRaiseEvent
0043e428	string	004309e0	FireBBPlayerShutDown
0043e440	string	004309e4	BBPlayerStartup
0043e4b0	string	004309c0,004309c4	BBPlayerIsPlaying
0043e4c4	string	004309c8,004309cc	BBPlayerWasInterrupted
0043e4dc	string	004309d0,00430a00	StartUpCharacter
0043e4f0	string	004309d4,00430a04	ShutDownCharacter
0043e504	string	004309d8	FireBBPlayerStop
0043e518	string	004309dc	FireBBPlayerContinue
0043e540	string	004309f0	BBPlayerResumePlayback
0043e558	string	004309f4	IsConnected
0043e564	string		BBPlayerStop
0043e574	string		BBPlayerContinue
0043e598	unicode	FUN_0057b610	Shutting down BBPlayer.
0043e5cc	unicode	FUN_0057b610	FireBBPlayerShutDown
0043e5fc	unicode	FUN_0057b800	BBPlayerPausePlayback
0043e62c	unicode	FUN_0057b800,FUN_0057c2e0	Stopping Playback
0043e654	unicode	FUN_0057b800,FUN_0057c2e0	Stopped Playback
0043e67c	unicode	FUN_0057ba20	BBPlayerResumePlayback
0043e6b0	unicode	FUN_0057ba20	Continuing Playback
0043e6dc	unicode	FUN_0057ba20	Continued Playback
0043e724	string	004309f8,004309fc	StoryReaderIsPlaying
0043e73c	string	00430a08	FireStoryReaderStop
0043e750	string	00430a0c	FireStoryReaderNewBook
0043e768	string	00430a10	FireStoryReaderShutDown
0043e780	string	00430a14	StoryReaderStartup
0043e794	string	00430a18	StoryReaderShutDown
0043e7a8	string	00430a1c	StoryReaderStopPlayback
0043e7c0	string		StoryReaderStop
0043e7d0	string		StoryReaderNewBook
0043e7e8	unicode	FUN_0057c0f0	Shutting down StoryReader.
0043e824	unicode	FUN_0057c0f0	FireStoryReaderShutDown
0043e858	unicode	FUN_0057c2e0	StoryReaderStopPlayback
0043e8ac	unicode	FUN_0058b850	Sunken
0043e8c0	string	00430a20	DownloadManagerHandleDownload
0043e8e4	unicode	FUN_0057c4e0	DownloadInProgress = 
0043e914	unicode	FUN_0057c4e0	DownloadManagerHandleDownload
0043e958	string		__vbaVarVargNofree
0043e96c	string		__vbaVarNeg
0043e984	string		__vbaVarTstGt
0043e994	string		__vbaVarZero
0043e9a8	unicode	FUN_0058b850	Flat
0043e9b8	string		__vbaVarTstEq
0043e9c8	string		__vbaVarTstGe
0043e9e7	string		\tName
0043e9f0	string	00430aa8,00430aac,00430cc0,00430cc4	NumberOfWeeks
0043ea40	unicode	FUN_0057fef0,FUN_00585a20	NumberOfWeeks
0043ea5c	string		__vbaVarLateMemCallLd
0043ea90	unicode	FUN_00581f10	hPal
0043eac0	string		StretchBlt
0043eb00	string		DrawDisabledPicture
0043eb14	string		DrawTransparentBitmap
0043eb2c	string		DrawBitmapToHDC
0043eb3c	string	00430cb0	TileBitmapToHDC
0043eb4c	string	00430cb4	Paint
0043eb54	string		__vbaBoolErrVar
0043eb64	string		__vbaAryConstruct2
0043eb7c	string		InflateRect
0043eb88	unicode	FUN_00584d40,FUN_00585120,FUN_005853f0	Raise
0043ecb0	string		OffsetRect
0043ecf4	string		IsWindowEnabled
0043ed3c	string		GetSystemMetrics
0043ed88	string		InvalidateRect
0043edd0	string		SetTimer
0043ee14	string		KillTimer
0043ee24	unicode	FUN_0058b850	No Line
0043ee78	string		GetWindowRect
0043eec0	string		PtInRect
0043ef04	string	0043ef14	olepro32.dll
0043ef4c	string		FindWindowExA
0043ef94	string		SendMessageA
0043efdc	string		GetWindow
0043efec	unicode	FUN_0058b690	Week Style
0043f03c	string		GetFocus
0043f07c	string		hWndAttach
0043f088	string		DroppedDown
0043f0a8	unicode	FUN_00587180	hWnd
0043f0b8	unicode	FUN_00587180	.cFlatControl
0043f0d8	unicode	FUN_00587180	Incorrect control type passed to 'Attach' parameter - must be a control with a hWnd property.
0043f198	unicode	FUN_00587180	ImageCombo
0043f1b4	unicode	FUN_00587180	ComboBox
0043f1c8	string		Picture15
0043f1d8	unicode	FUN_00587180	OwnerDrawComboList
0043f200	unicode	FUN_00587180	Parent
0043f210	unicode	FUN_00587180	Left
0043f224	unicode	FUN_00587180	Width
0043f230	unicode	FUN_00587180	Height
0043f240	unicode	FUN_00587180	Move
0043f284	string		__vbaVarLateMemCallLdRf
0043f2a8	string		__vbaPrintObj
0043f2f8	string		cboDayFormat
0043f308	string		cboStartOfWeek
0043f318	string		cboStyle
0043f324	string		cboLineStyle
0043f334	string		chkDisplayDOW
0043f344	string		chkDateTipEnabled
0043f368	string		lblGeneral
0043f374	string		cboDateTipFormat
0043f388	string		Labels
0043f3a0	string		PropertyPage
0043f3c4	unicode	FUN_0058b420	Use System
0043f3e0	unicode	FUN_0058b420,FUN_006516c0	dddd
0043f3f0	unicode	FUN_0058b690	Month Style
0043f40c	unicode	FUN_0058b690	Period Style
0043f430	unicode	FUN_0058bba0	dd/Mmm/yyyy
0043f458	unicode	FUN_0058c090	Having trouble?  Let me help you.
0043f4a0	unicode	FUN_0058c090	To add an appointment or task, choose the date from this Calander for which you would like to schedule an appointment.
0043f594	unicode	FUN_0058dcd0	Edit Appointment or Task
0043f5c8	string		RequestMoveToHome
0043f5e0	unicode	FUN_0058c090	Then, click the 'Add' button below to add an appointment or memo for that day.
0043f684	unicode	FUN_0058c090	To edit an existing appointment, select the date on this calendar that contains the appointment you want to edit.
0043f76c	unicode	FUN_0058c090,FUN_005d7cd0	GestureLeft
0043f788	unicode	FUN_0058dcd0,FUN_005905e0,FUN_005ea9c0	m/d/yyyy
0043f79c	string		RequestMoveToForm
0043f7b0	string		CompleteMoveRequest
0043f7c8	unicode	FUN_0058c090	Then, choose the appointment that you wish to edit from this Schedule for the selected day.
0043f884	unicode	FUN_0058c090	Finally, click the edit button to edit this appointment or task.
0043f958	unicode	FUN_0058dcd0	Edit Appointment or Reminder for 
0043f9b4	unicode	FUN_0058dcd0,FUN_005905e0	Appointment or Task for 
0043f9ec	unicode	FUN_0058dcd0	I see you're editing an appointment!
0043fa3c	unicode	FUN_0058dcd0,FUN_005905e0	Type in the text for the appointment or task.
0043fa9c	unicode	FUN_0058dcd0,FUN_005905e0	Then, below that, choose the Time at which the appointment will be due.
0043fb2c	string		__vbaGetOwner4
0043fb54	unicode	FUN_0058dcd0,FUN_005905e0	If you like, check the Reminder box, and choose a date and time for me to remind you of your appointment.
0043fc2c	unicode	FUN_0058dcd0,FUN_005905e0	Click the Save button when you're done.
0043fc80	unicode	005903b7	I encountered an error while trying to edit this appointment.  The error is: 
0043fd1c	unicode	FUN_00595e00	AddItem
0043fd40	unicode	FUN_0058dcd0	You'll need to choose an appointment to edit from the Appointments list first.  Just click on the appointment that you wish to edit, then click the Edit button.
0043fe88	unicode	005902cc,0062c521,00651476,FUN_00615590,FUN_00667b80	Surprised
0043fea0	unicode	FUN_005905e0	Add Appointment or Task
0043fed4	unicode	FUN_005905e0	I see you're adding an appointment!
0043ff1c	string		cmdRegister
0043ff2c	unicode	005903d8	.  You may want to try closing my calendar window, re-opening it, and then attempting to edit your appointment again.  If this error still occurs, you should visit Bonzi Software's support site at \Ctx="Email"\HTTP://www.bonzi.com/support.htm.
00440114	string		Picture18
00440124	unicode		I encountered an error while trying to add this appointment to the Appointment list.  The error is: 
004401f4	unicode	FUN_00591db0	Delete selected appointment?
00440234	unicode	FUN_00591db0	Apps.tmp
00440248	string		__vbaLsetFixstr
00440258	string		cmdImport
00440268	unicode		.  You may want to try closing my calendar window, re-opening it, and then attempting to add your appointment again.  If this error still occurs, you should visit Bonzi Software's support site at \Ctx="Email"\HTTP://www.bonzi.com/support.htm.
00440450	string		fraMeter
00440460	unicode	FUN_00591db0	You'll need to choose an appointment to delete from the Appointments list first.  Just click on the appointment that you wish to delete, then click the Delete button.
004405cc	unicode	FUN_005942e0	Schedule for 
004405e8	string		__vbaPutOwner4
004405f8	string		__vbaStrFixstr
00440650	string	00430ea8	GetEntryIndex
00440660	string	00430eac	GetEntryAddress
00440670	string	00430eb0	AddEntry
0044067c	string	00430eb4	DeleteEntry
00440688	string	00430eb8	LoadAddresses
00440698	string	00430ebc	SaveAddresses
004406a8	string	00430ec0	PopulateList
004406b8	string	00430ec4	FindNickForAddress
00440744	unicode	FUN_00595e00	Clear
00440750	string		CancelAllMoveRequests
00440768	string		SetHomePosition
00440778	string		SetCharacterPositionToHomePosition
004407ac	unicode	FUN_00596580,FUN_00596e30	XPos
004407bc	unicode	FUN_00596580	-200
004407cc	unicode	FUN_00596580,FUN_00596e30	YPos
004407d8	string		__vbaNextEachCollObj
004407f0	string		__vbaForEachCollObj
00440844	string		prgProgress
00440878	string		cmdProperties
00440890	string		lstAddresses
004408a0	string		fraControls
004408ac	string	00430f28	ImportAndReturnAddresses
004408ec	unicode	FUN_00599550,FUN_0059add0,FUN_0059b550,FUN_005bdc30,FUN_005be1e0,FUN_005bee00,FUN_005caf00,FUN_005d7cd0,FUN_005d9510,FUN_00611b50	BonziMAIL
00440904	unicode	FUN_00599550,FUN_0059add0,FUN_0059b550	Imported
00440958	string	00430f2c	Cancelled
00440964	string	00430f30,00430f34	EditMode
00440970	string	00430f38,00430f3c	OriginalAddressName
004409e4	string		lblSubject
00440a00	string		txtMessage
00440a1b	string		clblBuild
00440a2c	string	00440a68	C:\WINNT\System32\RICHTX32.oca
00440a4c	string	00440a6c	RichTextLib
00440a80	string		fraAnimations
00440a90	string		fraMessage
00440a9c	string		cmdSend
00440aa4	string		lviewAnimations
00440ab4	string		cmdRead
00440abc	string		lblCopyright
00440acc	string		cmdViewQueue
00440adc	string		cmdPerformAction
00440af0	string		txtSubject
00440afc	string		cmdTo_Click
00440b08	string		ClearMessage
00440b18	string		TellAFriend
00440b24	string		QueueMessage
00440ba8	string		lblRegName
00440bb4	string		lblVersion
00440bc4	unicode	FUN_0059add0,FUN_0059b550	?  If you like I can import your addresses from Microsoft Outlook to save you time.  Would you like to import your address book from Outlook now?
00440cec	unicode	FUN_0059add0,FUN_0059b550	Would you like to import your address book from Outlook?
00440d60	string		__vbaLenVar
00440d7c	unicode	FUN_0059c1e0	? We still need to enter an e-mail address for this contact.
00440dfc	unicode	FUN_0059c1e0	? The e-mail address does not appear to be a valid Internet E-Mail Address.  For example, if it is on America Online then we would enter \ctx="EMAIL"\'DestinationAddress@aol.com'.
00440f64	string		lblDisclaimer
00440f74	string		cmdSysInfo
00440f80	string		lblTitle
00440f90	string	00440fb0,00441040	advapi32
00440fa0	string		RegOpenKeyExA
00440fe8	string		RegQueryValueExA
00441034	string		RegCloseKey
00441074	string		StartSysInfo
00441084	string		GetKeyValue
00441094	unicode	FUN_0059cb20,FUN_005a4ca0,FUN_00655bd0	NetBOOST
004410ac	unicode	FUN_0059cb20,FUN_00655bd0	RegName
004410c0	unicode	FUN_0059cb20	About 
004410d4	unicode	FUN_0059cb20	Version 
00441120	unicode	FUN_0059d210	System Information Is Unavailable At This Time
0044118c	string		__vbaFixstrConstruct
004411dc	string		ProgressBar1
004411ec	string		imgOptimize1
004411fc	string		imgOptimize2
0044120c	string		fraOptimize
0044121c	unicode	FUN_0059da00	InternetBOOST '99 settings have been successfully applied! Please re-start your computer and re-connect to the Internet to try out your new Internet settings.
00441360	unicode	FUN_0059da00	InternetBOOST '99
004413c3	string		YchkAutoDetection
004413d8	string		chkBlackHole
004413f0	string		optRWIN3
00441404	string		FrameTTL
00441430	string		FrameMTU
00441454	string		optRWIN1
00441460	string		btnCancel
0044146c	string		FrameRWIN
00441478	string		btnAbout
00441484	string		cboRWIN
00441498	string		FramePMTU
004414ac	string		optDialUP
004414c0	string		btnApply
004414cc	string		CheckSettings
00441504	unicode	FUN_0059dea0,FUN_005a4ca0	Time to Live (TTL=32)
00441534	unicode	FUN_0059dea0,FUN_005a4ca0	Time to Live (TTL=64)
00441564	unicode	FUN_0059dea0,FUN_005a4ca0	Time to Live (TTL=
00441590	unicode	FUN_0059dea0,FUN_005a4ca0	Maximum Transfer Unit (MTU=576)
004415d4	unicode	FUN_0059dea0,FUN_005a4ca0	Maximum Transfer Unit (MTU=1500)
0044161c	unicode	FUN_0059dea0,FUN_005a4ca0	Maximum Transfer Unit (MTU=
00441658	unicode	FUN_0059dea0,FUN_005a4ca0	Receive Window (RWIN=8192)
004416a0	unicode	FUN_0059dea0,FUN_005a4ca0	Receive Window (RWIN=
004416dc	unicode	FUN_0059dea0	InternetBOOST '99 - Optimized for Dial Up Connection (MODEM)
0044175c	unicode	FUN_0059dea0	InternetBOOST '99 - Optimized for LAN Internet Connection (LAN)
004417e0	unicode	FUN_005a0ca0,FUN_005a4ca0	System\CurrentControlSet\Services\VXD\MSTCP
0044183c	unicode	FUN_005a0ca0,FUN_005a4ca0	PMTUBlackHoleDetect
00441868	unicode	FUN_005a0ca0,FUN_005a4ca0	PMTUDiscovery
00441888	unicode	FUN_005a0ca0,FUN_005a4ca0	DefaultTTL
004418bc	unicode	FUN_005a0ca0,FUN_005a4ca0	System\CurrentControlSet\Services\Class\NetTrans\
00441924	unicode	FUN_005a0ca0,FUN_005a4ca0	0000
00441934	unicode	FUN_005a0ca0,FUN_005a4ca0	DriverDesc
0044195c	unicode	FUN_005a0ca0,FUN_005a4ca0	MaxMTU
0044197c	unicode	FUN_005a0ca0,FUN_005a4ca0	1500
0044198c	unicode	FUN_005a0ca0,FUN_005a4ca0	DefaultRcvWindow
004419b4	unicode	FUN_005a0ca0	8192
004419c4	unicode	FUN_005a0ca0	Optimizing Your Internet Connection for a MODEM...
00441a30	unicode	FUN_005a3bb0,FUN_005ad680,FUN_005af7d0,FUN_005bee00,FUN_005d7cd0,FUN_005d9c20,FUN_0061f6f0,FUN_00631d30,FUN_006340a0,FUN_00636bf0,FUN_00637a00,FUN_00638040,FUN_00638620,FUN_00638f70,FUN_006394a0,FUN_0063a380,FUN_00657280,FUN_00666080	GestureDown
00441a54	unicode	FUN_005a0ca0	Optimizing Your Internet Connection for a LAN...
00441abc	unicode	FUN_005a3bb0	You are not currently optimized for a modem Internet connection. Would you like InternetBOOST '99 to optimize your Internet connection for a Modem now?
00441bf0	unicode	FUN_005a3bb0,FUN_005a83b0	InternetBOOST '99 Modem Optimization
00441c40	unicode	FUN_005a3bb0,FUN_005a83b0	InternetBOOST '99 has successfully optimized your settings for a Dial-Up (MODEM) Internet connection.  Click the 'Apply Boost' button to save your changes and speed up your Internet connection!
00441dc8	unicode	FUN_005a3bb0,FUN_005a83b0	Modem Optimization Completed Successfully!
00441e2c	unicode	FUN_005a3bb0	So you want to speed up your Internet connection 
00441e94	unicode	FUN_005a3bb0	Well, this little gorilla can help!
00441ee0	unicode	FUN_005a3bb0	I can optimize our Internet connection for quicker download speeds, faster web browsing, and I can \emp\even improve the performance of our e-mail messages!
00442020	unicode	FUN_005a3bb0	Simply click the 'Apply Boost' button below and off we go!
0044209c	unicode	FUN_005a3bb0	We will need to re-start the computer in order for our speed changes to take effect. After re-starting we can browse and search the Internet like never before!
004421e0	unicode	FUN_005a4ca0	NBDir
004421f0	unicode	FUN_005a4ca0	\NetBOOST.HLP
00442210	unicode	FUN_005a4ca0	System\CurrentControlSet\Services\Class\NetTrans
00442278	unicode	FUN_005a83b0	InternetBOOST '99 can optimize your settings for a Dial-Up (MODEM) Internet connection. Would you like InternetBOOST '99 optimize these settings now?
004423a4	string		__vbaVarMul
004423c4	unicode	FUN_005a8a00	InternetBOOST '99 can optimize your settings for a Local Area Network (LAN) Internet connection. Would you like InternetBOOST '99 optimize these settings now?
00442508	unicode	FUN_005a8a00	InternetBOOST '99 LAN Optimization
00442550	string		__vbaVarForInit
00442578	unicode	FUN_005a8a00	InternetBOOST '99 has successfully optimized your settings for a Local Area Network (LAN) Internet connection!  Click the 'Apply Boost' button now to save your changes.
004426d0	unicode	FUN_005a8a00	LAN Optimization Completed Successfully!
00442730	string		__vbaVarForNext
00442758	string		__vbaFPInt
004427a4	string		txtEmail
004427c0	string		imgCheck
004427cc	string		Label12
004427e4	string		optFemale
004427f0	string		optMale
00442808	string		imgRegistration
00442818	string		cboState
0044282c	string		txtLastName
00442838	string		txtMiddleName
00442850	string		inetReg
00442858	string		txtFirstName
00442870	string		cboCountry
00442890	unicode	FUN_005a9550	Please enter your Name into the Name fields before you register.
00442918	unicode	FUN_005a9550	Please enter a valid Zip or Postal code in the Zip/Postal Code field.
004429a8	unicode	FUN_005a9550	Choose One
004429c4	unicode	FUN_005a9550	Please select your country from the Country field first.
00442a3c	unicode	FUN_005a9550	Please supply a valid E-Mail address in the E-Mail field before you register.
00442adc	unicode	FUN_005a9550,FUN_005baf40,FUN_005f3320,FUN_005f47a0,FUN_00618dc0,FUN_0061c9d0,FUN_0065bd60,FUN_006638c0	UserRegistrationNum
00442b08	unicode	FUN_005a9550	mmddyy
00442b1c	unicode	FUN_005a9550	hhmmss
00442b30	unicode	FUN_005a9550,FUN_0061c9d0	RegVersion
00442b4c	unicode	FUN_005a9550	OK!  This will only take a second.
00442b98	unicode	FUN_005a9550,FUN_0065bd60	Registered
00442bb0	string		cmdBonziMAIL
00442bcc	string		cmdCalendar
00442bd8	string		cmdWebTravel
00442bf0	string		Label16
00442c04	unicode	FUN_005a9550	Great, now you're an official, registered user of Bonzi Buddy!
00442d20	string	00442d70	C:\Program Files\Sheridan\ActiveThreed Plus\ssa3d30.oca
00442d58	string	00442d74	Threed
00442d98	string		Picture4
00442db4	string		cmdEntertainmentCenter
00442dcc	string		cmdFacts
00442df0	string		SSPanel4
00442dfc	string		tmrCheckTheTime
00442e14	string		SSPanel3
00442e20	string		SSPanel2
00442e2c	string		SSPanel1
00442e38	string		SSPanel6
00442e44	string		SSPanel5
00442e58	string		cmdWebFinance
00442e76	string		rDSSFrame1
00442e84	string		SSFrame2
00442e90	string		SSFrame3
00442e9c	string		cmdSearch
00442eb8	string		SSActiveTabPanel3
00442edc	string	00442f34	C:\Program Files\Sheridan\ActiveToolBarsPlus\sstabs2.oca
00442f18	string	00442f38	ActiveTabs
00442f50	string		cmdShareWithFriends
00442f64	string		SSActiveTabPanel1
00442f78	string		SSActiveTabPanel2
00442f8c	string		cmdWebShopping
00442f9c	string		cmdRelaxMode
00442fc0	string		cmdTalkingAddOn
00442fd0	string		lblInstalledSongs
00442fe4	string		Picture17
00442ff0	string		lblInstalledFacts
00443004	string		lblInstalledTalk
00443018	string		Picture16
00443024	string		Picture13
00443030	string		cmdBrowse
0044303c	string		txtShareWithFriendsUserName
00443058	string		lblInstalledEntertainmentCenter
00443078	string		lblDate
00443080	string		lblInstalledJokes
00443094	string		cmdSongs
004430a0	string		cmdWebGames
004430ac	string		lblInstalledStoryReader
004430c4	string		cmdWebSports
004430d4	string		cmdStoryBookReader
004430e8	string		txtShareWithFriends
004430fc	string		cmdAddons
00443108	string		tmrButternutAnimation
00443120	string		txtSearch
0044312c	string		txtBrowse
00443138	string		cmdDownloadManager
0044315c	string		SSActiveTabs1
0044316c	string		cmdUpdate
00443178	string		cmdOptions
00443184	string		cmdWebEntertainment
004431b4	unicode	FUN_005ac0c0	?fname=
004431c8	unicode	FUN_005ac0c0	&mname=
004431dc	unicode	FUN_005ac0c0	&lname=
004431f0	unicode	FUN_005ac0c0	&add1=
00443204	unicode	FUN_005ac0c0	&add2=
00443218	unicode	FUN_005ac0c0	&city=
0044322c	unicode	FUN_005ac0c0	&state=
00443240	unicode	FUN_005ac0c0	&zip=
00443250	unicode	FUN_005ac0c0	&country=
00443268	unicode	FUN_005ac0c0	&email=
00443278	string		mnuSendMessage
0044328c	unicode	FUN_005ac0c0	&gender=
004432a4	unicode	FUN_005ac0c0	&age=
004432b4	unicode	FUN_005ac0c0	&reg=
004432c4	unicode	FUN_005ac0c0	&ver=
004432d4	unicode	FUN_005ac0c0	registered
004432f0	unicode	FUN_005ad680	Let's take a moment and fill out our automated registration card.  Our registration card entitles you to Free Software Updates of little old me!
0044344c	string		GetPropA
00443458	string		mnuRemove
00443468	unicode	FUN_005ad680	Simply enter or change your information on our automated registration card.
00443510	string		EnumWindows
0044352c	string		mnuTools
0044353c	unicode	FUN_005ad680	When you've finished, simply click the 'Register Me' button below. I will automatically register you and add you to my Free Software Update list. I can even notify you when my updates are available!
0044372c	string		SetPropA
00443770	string		IsWindowVisible
004437b8	string		SendMessageTimeoutA
00443804	string		IsIconic
004438d0	string		txtAddressConfirm
004438f4	unicode	FUN_005aeed0	? It appears that the e-mail addresses below do not currently match. Please re-enter our e-mail address into both boxes below.
004439f4	string		mnuSendMail
00443a04	unicode	FUN_005aeed0	? We still need to enter our e-mail address below that we would like to use for sending BonziMAIL.
00443ad0	unicode	FUN_005af7d0	! Before we can send BonziMAIL we need to enter our Internet e-mail address below. When you are done, simply press the 'Ok' button.
00443bdc	unicode	FUN_005af7d0,FUN_00615940,FUN_0061d750,FUN_0065a5b0	RestPose
00443bf8	unicode	FUN_005aeed0	? The e-mail address does not appear to be a valid Internet E-Mail Address.  For example, if our address is on America Online then we would enter \ctx="EMAIL"\'Ouraddress@aol.com'.
00443d80	string	00443874	C:\Dundas\utcpip30\ActiveX\MINDEP~1\UTDns.oca
00443db0	string	00443878	UTDNSLibCtl
00443ddc	unicode	FUN_005af7d0	I have noticed that we are connecting to the Internet through AOL.  In order for BonziMail to work properly you must enter your AOL email address on this screen.
00443f5f	string		\rcmdRetry
00443f6c	string		lviewQueue
00443f78	string		cmdClose
00443f84	string		tmrReloadMsgs
00443fac	string	00443fec	c:\winnt\system32\emsmtp.dll
00443fcc	string	00443ff0	EASYMAILSMTPLib
00444004	string	0043100c	MessageCount
00444014	string	00431010	Sending
0044401c	string	00431014	StopSending
00444028	string		cmdSend_Click
00444038	string		SendNewMessages
00444048	string		m_objSMTP_ConnectLog
00444060	string		m_objSMTP_Progress
004440b4	unicode	FUN_005afed0,FUN_005d9c20,FUN_0066d240	I'll be right back 
004440e0	unicode	FUN_005afed0,FUN_005d9c20,FUN_0066d240	frmMsgEdit.QueueMessage
00444114	unicode	FUN_005afed0,FUN_005b90e0,FUN_005d9c20,FUN_0066d240	Show
00444124	unicode	FUN_005b0ab0	Queue disabled, exiting
00444154	string		mnuPrivacy
0044416c	unicode	FUN_005afed0,FUN_005d9c20,FUN_0066d240	! | I'll deliver our message now! | Hold on my friend, I'll deliver our message now! | I'll deliver it personally! | I'm on the move 
0044427c	unicode	FUN_005afed0,FUN_005d9c20,FUN_0066d240	 | Hold on 
00444298	unicode	FUN_005afed0,FUN_005d9c20,FUN_0066d240	! I'll surf it directly to them!
004442e0	unicode	FUN_005afed0,FUN_005d9c20,FUN_0066d240	Hide
004442f0	unicode	FUN_005afed0,FUN_005d9c20,FUN_0066d240	SendNewMessages returned true
00444330	unicode	FUN_005b2d90	initiating send
00444354	unicode	FUN_005afed0,FUN_005d9c20,FUN_0066d240	I've delivered our message successfully! | I've successfully delivered our message!
00444400	unicode	FUN_005afed0,FUN_005d9c20,FUN_0066d240	Since we are not currently online, I will hold onto our message and deliver it the next time we get connected!
004444e4	unicode	FUN_005afed0,FUN_005d9c20,FUN_0066d240	SendNewMessages returned false
00444524	string		mnuLogOnOff
00444530	string		tvwFriends
00444540	unicode	FUN_005afed0,FUN_005d9c20,FUN_0066d240	? I am having problems delivering our message successfully. If you'd like, click on the 'Help' button here on my message queue screen to find out more about sending 'BonziMAIL'!
004446a8	unicode	FUN_005b0ab0	Queue busy, exiting
004446d4	unicode	FUN_005b0ab0	frmEmailQueue.cmdSend_Click
0044470c	string		mnuBlock
00444724	unicode	FUN_005b0ab0	sending message 
0044475c	unicode	FUN_005b0ab0	refreshing queue data
0044478c	unicode	FUN_005b0ab0	refreshing queue view
004447bc	unicode	FUN_005b0ab0	not connected to internet, exiting
00444810	unicode	FUN_005b29d0	waiting for send start
00444844	unicode	FUN_005b29d0	frmEmailQueue.SendNewMessages
00444884	unicode	FUN_005b29d0	send has begun
004448a8	unicode		BonziBUDDY Message Queue - 
004448e0	string		lblLogOn
004448f0	unicode	FUN_005b2d90	frmEmailQueue.tmrReloadMsgs_Timer
00444938	unicode	FUN_005b2d90	loading messages
00444960	unicode	FUN_005b2d90	refreshing display
0044498c	unicode	FUN_005b2d90	processing queue
004449b4	unicode	FUN_005b2d90	finished processing queue
004449ec	unicode	FUN_005b2d90	Queue busy not sending
00444a2c	unicode	FUN_005b3150,FUN_005f47a0	mail.bonziworld.com
00444a68	unicode	FUN_005b32e0	m_objsmtp is nothing, recreating
00444aac	string		imgLogOn
00444abc	unicode	FUN_005b32e0	frmEmailQueue.SendMessage
00444b14	unicode	FUN_005b32e0	m_objsmtp is nothing, exiting
00444b54	unicode	FUN_005b32e0	?  It seems that I can't send your message because the file 'emsmtp.dll' is missing.  I am openning your browser to www.bonzi.com now.
00444c68	unicode	FUN_005b32e0	m_objsmtp instantiated
00444c9c	unicode	FUN_005b32e0,FUN_005baf40	queue empty, exiting
00444ccc	unicode	FUN_005b32e0,FUN_005baf40	m_blnStopSending = true, exiting
00444d14	unicode	FUN_005b32e0	retrieving destination information, to:  
00444d6c	unicode	FUN_005b32e0	no destination server, retrieving local server information, from:  
00444df8	unicode	FUN_005b32e0	no servers found, exiting
00444e30	unicode	FUN_005b32e0	bonziworld.com
00444e5c	string		fraFriendsOnline
00444e74	unicode	FUN_005b32e0	 - care of BONZI.COM)
00444ea4	unicode	FUN_005b32e0	BonziBUDDY@BonziMAIL.com
00444edc	unicode	FUN_005b32e0	bonzimail.com
00444efc	unicode	FUN_005b32e0	Adding attachment.  Path:  
00444f38	unicode	FUN_005b32e0	Error adding attachment.  Error:  
00444f84	unicode	FUN_005b32e0	\mail.log
00444f9c	unicode	FUN_005b32e0	Trying server:  
00444fc4	unicode	FUN_005b32e0	Mail sent, deleting temp files
00445008	unicode	FUN_005b32e0	Mail send failed.  Error:  
00445044	unicode	FUN_005b32e0	Mail send failed (BonziWORLD Services).  Error:  
004450ac	unicode	FUN_005b32e0	retrieving local server information, from:  
0044510c	unicode	FUN_005b32e0	Source and destination failed.  Trying server:  
00445174	unicode	FUN_005b32e0	Mail send failed on direct send through us.  Error:  
004451e4	unicode	FUN_005b96b0	DNS1 is nothing, exiting
0044522c	unicode	FUN_005b90e0	? I've tried 3 times to deliver our message and unfortunatley I am not having any success!  We may want to check the recipient's e-mail address and try sending another message. If you like, I will be more than happy to keep trying or we can simply cancel this message now.
00445454	unicode	FUN_005b90e0	This message has failed several times.  Would you like to keep trying or cancel this message?
00445514	unicode	FUN_005b96b0	?  It seems that I can't send your message because the file 'utdns.dll' is missing.  I am openning your browser to www.bonzi.com now.
00445630	unicode	005be05b,005be42d	error: 
00445644	unicode	FUN_005b96b0	frmEmailQueue.GetMailServers
00445684	unicode	FUN_005b96b0	Using 
00445698	unicode	FUN_005b96b0	 for name services
004456f4	unicode	FUN_005b96b0	DNS found:  
00445714	unicode	FUN_005b96b0	; Pri:  
0044572c	unicode	FUN_005b96b0	; Typ:  
00445744	unicode	FUN_005babe0	.root-servers.net
00445774	unicode		?BNZSEND=TRUE&CUSTNUM=
004457a8	unicode		?BNZSEND=FALSE&CUSTNUM=
004457dc	unicode	FUN_005baf40	frmEmailQueue.SendMessageHTTP
0044581c	unicode	FUN_005baf40,FUN_0060e750,FUN_0064b8b0	http://
00445830	unicode	FUN_005baf40	/bonzimailserver.asp
00445860	unicode	FUN_005baf40	POST
00445870	unicode	FUN_005baf40	Mail send failed (HTTP).
004458a8	unicode	FUN_005bbb90	messagesuccess
004458cc	unicode	FUN_005bbb90	ErrorCode: 
004458f4	unicode	FUN_005bbb90	frmEmailQueue.Inet1_StateChanged
0044595c	string		__vbaLineInputStr
00445970	string		__vbaR8ErrVar
00445998	string		__vbaStrR8
004459a4	string		__vbaLbound
004459d4	unicode	FUN_005bc620	\*.*
004459e4	unicode	FUN_005bcfe0	Outlook.Application
00445a10	unicode	FUN_005bcfe0	MAPI
00445a1c	unicode	FUN_005bcfe0	GetNameSpace
00445a38	unicode	FUN_005bcfe0	AddressLists
00445a54	unicode	FUN_005bcfe0,FUN_0065d480,FUN_00662d00	Count
00445a60	unicode	FUN_005bcfe0	AddressEntries
00445a80	unicode	FUN_005bcfe0	Type
00445a90	unicode	FUN_005bcfe0	SMTP
00445a9c	unicode	FUN_005bcfe0	Address
00445ab0	unicode	005be04d	LoadBonziMailSettings
00445ae0	unicode	005be41f	SaveBonziMailSettings
00445b4a	string		@?txtUserName
00445b58	string		lblMessage
00445b64	string		Import
00445b70	unicode	FUN_005be6b0,FUN_0066d240	http://www.bonzi.com/bonzibuddy/bonzibuddyfriend.asp
00445be0	unicode	FUN_005c0900	In My Merry Oldsmobile
00445c20	unicode	FUN_005c0900	James Bland
00445d2c	unicode	FUN_005bee00	You can enter as many friends' and loved ones' e-mail addresses as you would like!
00445dd8	unicode	FUN_005c0900	Harry Dare
00445e00	unicode	FUN_005c0900	Beautiful Dreamer
00445e28	unicode	FUN_005bee00	\pau=1000\I will be happy to send them an automated e-mail message on your behalf! \pau=1000\This 
00445ef4	unicode	FUN_005bee00	will allow your friends and loved ones to download little old me for Free!
00445f90	unicode	FUN_005bee00,FUN_005c6780,FUN_0061b570,FUN_0061de30,FUN_0061f6f0,FUN_006432d0	Greet
00445fbc	string		lblMusic
00445fe4	unicode	FUN_005c0900	Daisy Bell
00446004	unicode	FUN_005bee00	, if your friends are anything like you, I can't wait to meet them!
00446090	unicode	FUN_005bee00,FUN_005caf00,FUN_005d9510,FUN_00611b50	TellAFriend
004460e8	string		cmdSing
004460f0	string		cmdStopSinging
00446100	string		cmdMusicLicense
00446110	string		fraSongs
0044611c	string		lviewSongs
00446128	string		chkSingStartStop
0044613c	string		lblInstructions
0044614c	string		ContinueSinging
0044615c	string		CompleteSinging
00446170	unicode	FUN_005bf6c0	&Stop
00446180	unicode	FUN_005bf6c0	&Sing
004461b0	unicode	FUN_005c0900	Vincent Bryan and Gus Edwards
004461fc	unicode	FUN_005c0900	Sidewalks of New York
0044622c	unicode	FUN_005c0900	Charles Lawlor
0044625c	unicode	FUN_005c0900	My Wild Irish Rose
00446288	unicode	FUN_005c0900	Chancellor John Olcott
004462c8	unicode	FUN_005c0900	Cindy
004462d8	unicode	FUN_005c0900	Traditional
00446316	unicode		 A Rose
0044632c	unicode	FUN_005c0900	Frank L. Stanton and Ethelbert Nevin
0044637c	unicode	FUN_005c0900	Stephen Collins Foster
004463bc	unicode	FUN_005c0900	Twinkle Twinkle Little Star
004463f8	unicode	FUN_005c0900	Jane Taylor and Ann Taylor
00446440	unicode	FUN_005c0900	In the Good Old Summertime
0044647c	unicode	FUN_005c0900	George Evans and Ren Shields
004464c8	unicode	FUN_005c0900	Hello Ma Baby
004464e8	unicode	FUN_005c0900	Joe Howard
00446510	unicode	FUN_005c0900	Oh, Dem Golden Slippers
00446544	unicode	FUN_005c0900	Long, Long Ago
00446568	unicode	FUN_005c0900	Thomas Haynes Bayly
004465a0	unicode	FUN_005c0900	Wearing of the Green
004465d0	unicode	FUN_005c0900	Dion Boucicault and James Oswald
00446624	unicode	FUN_005c0900	The Man On the Flying Trapeze
00446664	unicode	FUN_005c0900	George Leybourne and Alfred Lee
004466c0	unicode	FUN_005c0900	Eddie Leonard
004466ec	unicode	FUN_005c0900	Maybe
004466f8	string		picbxMask
0044670c	unicode	FUN_005c0900	Meet Me In St. Louis, Louis
00446748	unicode	FUN_005c0900	Andrew B. Sterling and Kerry Mills
004467a4	unicode		ve Been Working On the Railroad
004467f4	unicode	FUN_005c0900	Where Did You Get That Hat
00446830	unicode	FUN_005c0900	Joseph J. Sullivan
00446868	unicode	FUN_005c0900	Blue-Tail Fly
00446888	unicode	FUN_005c0900	Dan Emmett
004468b0	unicode	FUN_005c0900	Bob Merrill
004468d8	unicode	FUN_005c0900	Over the River and Through the Woods
00446934	unicode	FUN_005c0900	In My Own Little Corner
00446968	unicode	FUN_005c0900	Oscar Hammerstein II and Richard Rodgers
004469cc	unicode	FUN_005c0900	Getting to Know You
00446a04	unicode	FUN_005c0900	On Top of Spaghetti
00446a30	unicode	FUN_005c0900	Tom Glazer
00446a58	unicode	FUN_005c0900	How Much is That Doggy In the Window
00446aac	unicode	FUN_005c0900	Martin Charnin and Charles Strouse
00446b04	unicode	FUN_005c0900	Tomorrow
00446b1c	unicode	FUN_005c5e80	Here's one my mom used to sing to me.  I hope you like it. | Ok, here goes. | 
00446bd0	unicode	FUN_005c6780	That was pretty rockin, eh? | Next time, 
00446c28	unicode	FUN_005c6780	, don't be afraid to sing along. | 
00446c80	unicode	FUN_005c6780	! Let's sing that one again! | I love singing that little diddy!
00446d04	string		__vbaPowerR8
00446d14	string		__vbaVerifyVarObj
00446d28	string		__vbaLateIdStAd
00446d3c	unicode	FUN_005c6e70	MAYBE (from the Broadway Musical "Annie")
00446d94	unicode	FUN_005c6e70	All Rights Reserved
00446dc0	unicode	FUN_005c6e70	Music by Charles Strouse, Lyric by Martin Charnin
00446e2a	unicode		 1977 Charles Strouse Publications (ASCAP) and Edwin H. Morris & Co., a division of MPL Communications (ASCAP)
00446f0c	unicode	FUN_005c6e70	Used by permission of Helene Blue Musique Ltd. and MPL Communications
00446f98	string		mnuProperties
00447010	unicode	FUN_005c6e70	Music by Charles Strouse  Lyric by Martin Charnin
00447078	unicode	FUN_005c6e70	GETTING TO KNOW YOU (from "The King And I")
004470d4	unicode	FUN_005c6e70	By Richard Rodgers and Oscar Hammerstein II
00447130	unicode	FUN_005c6e70	IN MY OWN LITTLE CORNER
0044716f	string		\tlstReverse
0044717c	string		fraReverse
004471a6	unicode		 1951 By Richard Rodgers and Oscar Hammerstein II
00447210	unicode	FUN_005c6e70	Copyright Renewed.  WILLIAMSON MUSIC owner of publication and allied rights throughout the world.
004472d8	unicode	FUN_005c6e70	International Copyright Secured   Used by Permission  All Rights Reserved
0044736c	string		mnuAddFriend
00447380	unicode	FUN_005c6e70	International Copyright Secured   Used by Permission   All Rights Reserved
0044741c	unicode	FUN_005c6e70	HOW MUCH IS THAT DOGGIE IN THE WINDOW
0044746c	unicode	FUN_005c6e70	Words and Music by Bob Merrill
004474c6	unicode		 1952 Golden Bell Songs
004474fc	unicode	FUN_005c6e70	Copyright Renewed 1980
00447560	unicode	FUN_005c6e70	Administered by Music & Media International
004475bc	unicode	FUN_005c6e70	ON TOP OF SPAGHETTI
004475e8	unicode	FUN_005c6e70	Words and Music by Tom Glazer
0044763e	unicode		 1963, 1965 by Songs Music Inc.
00447684	unicode	FUN_005c6e70	Copyright Renewed
004476ac	unicode	FUN_005c6e70	Administered in the United States and Canada by September Music Corp.
00447810	string	0044784c	C:\WINNT\System32\msimmsgr.dll
00447830	string	00447850	MSIMMSGRLib
0044788c	string	004478c8	C:\WINNT\System32\shdocvw.oca
004478ac	string	004478cc	SHDocVwCtl
004478e4	string		mnuFriendPopup
004478f4	string	004313e4	m_IMSvc_OnAppInviteReceived
00447910	string	004313e8	m_IMSvc_OnListRemoveResult
0044792c	string	004313ec	m_IMSvc_OnLogoff
00447940	string	004313f0	m_IMSvc_OnNewSessionRequest
0044796c	string	004313f4	m_IMSvc_OnSendResult
00447984	string	004313f8	FindSession
00447990	string	00431400	m_IMSvc_OnTextReceived
004479a8	string	00431404	m_IMSvc_OnUnreadEmailChanged
004479c8	string	00431408	m_IMSvc_OnUserFriendlyNameChangeResult
004479f0	string	0043140c	m_IMSvc_OnUserJoin
00447a04	string	00431410	m_IMSvc_OnUserLeave
00447a18	string	00431434	m_IMSvc_OnListAddResult
00447a30	string	00431438	m_IMSvc_OnLocalStateChangeResult
00447a64	string	0043143c	m_IMSvc_OnLogonResult
00447a7c	string	00431440	m_IMSvc_OnUserStateChanged
00447a9c	string	00431444,00431448	VoicePitch
00447aa8	string	0043144c,00431450	VoiceSpeed
00447ab4	string	00431454,00431458	EchoMessages
00447ac4	string	0043145c	NotifyOfFriends
00447ad4	string	00431460,00431464	ReadMessages
00447ae4	string	004314b8	CurrentIMService
00447af8	string	004314bc,004314c0	Password
00447b04	string	004314c4,004314c8	FriendlyName
00447b14	string	004314cc,004314d0	LogonName
00447b20	string	004314d8	AreSameSession
00447b30	string	004314dc	FindSessionByMembers
00447b48	string	004314e0	RemoveMemberFromSession
00447b60	string	004314e4	AddMemberToSession
00447b74	string	004314e8	CreateCookie
00447b84	string	004314ec	CreateSessionID
00447b94	string		LogonNameOnly
00447c14	unicode	FUN_005c8320	Please select the user to add first, by clicking on that user in the list.
00447ceb	string		bPicture1
00447cf8	string		lblStatus
00447d04	string		lblEmail
00447d10	string		lbltxtName
00447d1c	string		lbltxtEmail
00447d28	string		lbltxtStatus
00447d38	string		fraProperties
00447d4c	unicode	FUN_005c8850	User Properties
00447d70	unicode	FUN_005c8850	About the selected user
00447da0	string		__vbaExitEachColl
00447dc2	string		\YContactName
00447dd0	string	004310f4,004310f8	ContactObject
00447de0	string	004310fc,00431100	ListCount
00447dec	string	00431104,00431108	Ignored
00447e2c	unicode		Error adding contact: 
00447e60	unicode		Error removing contact: 
00447e94	string		__vbaStrErrVarCopy
00447ec4	string		r0MVSessionName
00447ed4	string	00431130,00431134	SessionForm
00447ee0	string	0043113c,00431140	SessionObject
00447f3c	unicode		Error adding new session: 
00447f88	unicode	FUN_005caf00	Bonzi Buddy
00447fb4	unicode	FUN_005caf00	My &Home
00447fdc	unicode	FUN_005caf00,FUN_00611b50	BrowseSite
00447ff8	unicode	FUN_005caf00	&Browse
0044800c	unicode	FUN_005caf00,FUN_00611b50,FUN_00645630	Search
00448020	unicode	FUN_005caf00	&Search
00448034	unicode	FUN_005caf00,FUN_00611b50	Read It
00448048	unicode	FUN_005caf00	&Read Web Page
0044806c	unicode	FUN_005caf00,FUN_00611b50,FUN_0063f280	Speak
0044807c	unicode	FUN_005caf00	S&peak
00448090	unicode	FUN_005caf00,FUN_00611b50	Sing
004480a0	unicode	FUN_005caf00	S&ing a Song
004480c0	unicode	FUN_005caf00,FUN_00611b50	TellJoke
004480d8	unicode	FUN_005caf00	Check Mail
004480f4	unicode	FUN_005caf00	Tell a &Joke
00448114	unicode	FUN_005caf00,FUN_00611b50	TellTrivia
00448130	unicode	FUN_005caf00	Ama&zing Facts
00448154	unicode	FUN_005caf00	Tell Me Some Trivia
00448190	unicode	FUN_005caf00,FUN_00611b50	ExplainVR
004481a8	unicode	FUN_005caf00	Speech Reco&gnition
004481d4	unicode	FUN_005caf00,FUN_00611b50,FUN_00633a30	Calendar
004481ec	unicode	FUN_005caf00	&Calendar
00448204	unicode	FUN_005caf00,FUN_00611b50	Salutation
00448220	unicode	FUN_005caf00	Sa&lutation
0044823c	unicode	FUN_005caf00,FUN_00611b50	Registration
0044825c	unicode	FUN_005caf00	R&egistration
0044827c	unicode	FUN_005caf00,FUN_00611b50	AdvCharOpt
00448298	unicode	FUN_005caf00	How are you?
004482b8	unicode	FUN_005caf00	&Advanced Options
004482ec	unicode	FUN_005caf00	Ta&ke a Break
0044830c	unicode	FUN_005caf00,FUN_00611b50	Help
0044831c	unicode	FUN_005caf00	My &Online Help
00448340	unicode	FUN_005caf00,FUN_00611b50	Update
00448354	unicode	FUN_005caf00	&Update Me
00448370	unicode	FUN_005caf00	&Tell Your Friends About Me!
004483b0	unicode	FUN_005caf00,FUN_00611b50	Exit
004483c0	unicode	FUN_005caf00	E&xit
004483d0	unicode	FUN_005caf00	Goodbye
004483fc	unicode	FUN_005caf00,FUN_00611b50	Hello
0044840c	unicode	FUN_005caf00,FUN_00611b50	WhatsNew
00448424	unicode	FUN_005caf00	What's New?
00448440	unicode	FUN_005caf00,FUN_00611b50	HowAreYou
00448458	unicode	FUN_005caf00,FUN_00611b50	TellTime
00448470	unicode	FUN_005caf00	What time is it?
00448498	unicode	FUN_005caf00,FUN_00611b50	TellDate
004484b0	unicode	FUN_005caf00	What is the date?
004484d8	unicode	FUN_005caf00,FUN_00611b50	ImGood
004484ec	unicode	FUN_005caf00	I'm doing well.
00448510	unicode	FUN_005caf00,FUN_00611b50	ImNotGood
00448528	unicode	FUN_005caf00	I'm not doing well.
00448554	unicode	FUN_005caf00,FUN_00611b50	StopListening
00448574	unicode	FUN_005caf00	Stop Listening
00448598	unicode	FUN_005caf00,FUN_00611b50	Addons
004485ac	unicode	FUN_005caf00	Check for new Add-Ons
004485dc	unicode	FUN_005caf00,FUN_00611b50	BonziInternet
004485fc	unicode	FUN_005caf00,FUN_0060f960,FUN_0063bfd0	Bonzi and the Internet
00448630	unicode	FUN_005caf00,FUN_00611b50	BonziPolizoof
00448650	unicode	FUN_005caf00	Bonzi and the Polizoof
00448684	unicode	FUN_005caf00,FUN_00611b50	BonziTreasureChest
004486b0	unicode	FUN_005caf00	Bonzi and the Treasure Chest
004486f0	unicode	FUN_005caf00,FUN_00611b50	DownloadManager
00448714	unicode	FUN_005caf00	Download Manager
0044873c	unicode	FUN_005caf00,FUN_005e1920,FUN_005e3320,FUN_005e6100,FUN_00611b50,FUN_00616830	EntertainmentCenter
00448768	unicode	FUN_005caf00	Entertainment Center
00448798	unicode	FUN_005caf00,FUN_00611b50	InstantMessenger
004487c0	unicode	FUN_005caf00	Instant Messenger
0044882e	string		l0lblEnterPassword
00448848	unicode	FUN_005d1820,FUN_006041c0	This is what is returned when the user clicks cancel!
004488b8	unicode	FUN_005d1db0	Please type a message before pressing the preview button.
00448930	unicode	FUN_005d24b0	Parsing message
00448954	unicode	FUN_005d24b0	frmMsgEdit.PrepAttachment
0044898c	unicode	FUN_005d24b0	writing attachment
004489b4	string		lblSalutationDescription
004489d4	unicode	FUN_005d24b0	encrypting attachment
00448a04	unicode	FUN_005d24b0	Exiting routine
00448a28	unicode	FUN_005d2f50	entering Form_Activate
00448a5c	unicode	FUN_005d2f50	frmMsgEdit.Form_Activate
00448a94	unicode	FUN_005d2f50	exiting Form_Activate
00448ac4	unicode	FUN_005d3130	entering Form_Load
00448af0	unicode	FUN_005d3130	frmMsgEdit.Form_Load
00448b20	unicode	FUN_005d3130	adding animations to listbox
00448b60	unicode	FUN_005d3130,FUN_005e1920,FUN_005e3320,FUN_0061f6f0,FUN_00668b60	Name
00448b70	unicode	FUN_005d3130	UserName
00448b84	string		chkAssociations
00448b94	string		tbsOptions
00448ba4	unicode	FUN_005d3130	calling prepiconstrings
00448bd8	unicode	FUN_005d3130	calling getlastwindowposition
00448c18	unicode	FUN_005d3130	calling form_resize
00448c44	unicode	FUN_005d3130	calling clearmessage
00448c74	unicode	FUN_005d3130	exiting Form_Load
00448cac	unicode	FUN_005d4540,FUN_005efee0	[UserName]
00448cc8	unicode	FUN_005d4540,FUN_005d4840,FUN_005e8480,FUN_005ea9c0,FUN_005efee0	<sp=
00448cd8	unicode	FUN_005d4540,FUN_005d4840,FUN_005e8480,FUN_005ea9c0,FUN_005efee0,FUN_005f2040	<pl=
00448ce8	unicode	FUN_005d4840,FUN_005d5f10,FUN_005efee0,FUN_005f18d0	\pict
00448cf8	unicode	FUN_005d4840,FUN_005efee0	><sp=
00448d08	unicode	FUN_005d4840,FUN_005efee0	<sp=>
00448d18	unicode	FUN_005d4840,FUN_005efee0	<pl=>
00448d28	unicode	FUN_005d4840,FUN_005efee0	<pl=UnknownAnimation>
00448d68	unicode	005d5526,005f0c60	ParseMessageEX Error:  
00448d9c	unicode	FUN_005d5c60,FUN_005f1620	Just a bunch of text that will never appear in an image I hope.
00448e30	unicode	FUN_005d7cd0	Good News 
00448e4c	unicode	FUN_005d7cd0	! E-Mail will never be the same!
00448e94	unicode	FUN_005d9c20	software, you may download it now for FREE! Simply click on
00448f10	unicode	FUN_005d9c20	or go to:
00448f38	unicode	FUN_005d7cd0	For the first time, you can send e-mail with emotion! \pau=1000\You can insert emotions in your e-mail messages and I will be happy to express them on your behalf!
00449084	unicode	FUN_005d9c20	your message now.  If you don't yet have the BonziBUDDY
004490f8	unicode	FUN_005d7cd0	\pau=1000\For example, \pau=500\you can now send a hug to a loved one anywhere in the world and this little gorilla will make sure they get it!
00449228	unicode	FUN_005d9c20	your computer, simply open the attached file to SEE and HEAR
004492a8	unicode	005dea69	Error Decrypting File:  
004492e0	unicode	FUN_005d7cd0	Simply enter the recipient's e-mail address into the \emp\'To' field below.  \pau=1000\Then type in a subject and a message you would like me to deliver!
00449418	unicode	FUN_005d9c20	BonziBUDDY!  If you already have the BonziBUDDY software on
00449494	unicode	FUN_005d7cd0	\pau=1000\Then, drag the 'Emotions' or 'Gestures' that you would like me to express into your message. When your friend or loved one receives your message I will be happy to convey it to them!
0044961c	unicode	FUN_005d9c20	unlimited interactive talking e-mail messages to your
0044968c	unicode	FUN_005d7cd0	\pau=1000\When you have finished composing your message, click the 'Deliver Now' button and I will deliver it personally!  \pau=1000\Your e-mail will never be the same!
004497e4	unicode	FUN_005d9c20	This is an interactive talking e-mail message created using
0044986c	string		lblChanges
0044987c	unicode	FUN_005d7cd0	, if you need me to explain how to send BonziMAIL again at any time, just let me know by pressing the 'F1' key while on this screen.
00449994	unicode	FUN_005d8ec0,FUN_00670320	?  '
004499a4	unicode	FUN_005d9c20	-------------------------------------------------------------
00449a3c	string		cboRelaxHotKey
00449a4c	string		cmdAdvanced
00449a5c	unicode	FUN_005d8ec0,FUN_00670320	' does not appear to be a valid Internet E-Mail Address.  For example, if the address is on America Online then we would enter \ctx="EMAIL"\'ToAddress@aol.com'.
00449ba4	unicode	FUN_005d9510,FUN_00638a20	GetAttention2
00449bc4	unicode	FUN_005d9510,FUN_0065d480	Guess what 
00449be0	unicode	FUN_005d9c20	Preparing attachments
00449c24	string		chkRelaxUseHotKey
00449c3c	unicode	FUN_005d9510	!  \pau=1000\Did you know that you can send this little purple gorilla as a 'Free Gift' to all your friends and loved ones? \pau=1000\If you like, I can send them an automated e-mail message on your behalf allowing them to download little old me for free! \pau=1000\Would you like me to show you how? \pau=1000\They will love you for it!
00449ee4	unicode	FUN_005d9510	!  Did you know that you can send this little purple gorilla as a 'Free Gift' to all your friends and loved ones? If you like, I can send them an automated e-mail message on your behalf allowing them to download little old me for free! Would you like me to show you how? They will love you for it!
0044a1f0	unicode	FUN_005d9c20	Please Note: You only need to install the BonziBUDDY
0044a260	unicode	FUN_005d9c20	software once. After that, you may send and receive
0044a2cc	unicode	FUN_005d9c20	friends and loved ones!
0044a324	unicode	FUN_005d9c20	http://www.bonzi.com/bonzibuddy/bonzimail.asp
0044a384	unicode	FUN_005d9c20	? We need to compose a message before we can send one my friend!
0044a40c	unicode	FUN_005d9c20,FUN_0066d240	? I need to know where you would like me to deliver this message.
0044a494	unicode	FUN_005ddd10,FUN_005de450	.temp
0044a4a4	unicode	005de2f5	Error Reading File:  
0044a4d8	unicode	FUN_005d9c20	Let's enter at least one email address in the \emp\To field below.
0044a564	unicode	FUN_005d9c20	Some of the information that I need to send your E-Mail message for you is missing.  Please make sure you enter your E-Mail Address on my E-Mail Options screen.
0044a6a8	string		__vbaPrintFile
0044a6b8	string		txtRelaxIdleTime
0044a6cc	string		txtSalutation
0044a6dc	string		chkRelaxModeOnStartup
0044a6f4	string		fraAssociations
0044a704	string		lblAssociations
0044a714	string		cmdCheckAll
0044a730	string		optRelaxMode
0044a740	string		lblIntervalDesc
0044a750	string		ShowAssociations
0044a794	unicode	FUN_005e1250,FUN_00635660,FUN_00635b90	!  I see we don't yet have my E-Mail Reader Add-on Module installed.
0044a824	unicode	FUN_005e1250,FUN_006347d0,FUN_00634e00,FUN_00635660,FUN_00635b90	If we had this Add-on installed, 
0044a86c	unicode	FUN_005e6100	.mpe
0044a87c	unicode	FUN_005e1250,FUN_00635660,FUN_00635b90	, I would be able to notify you when you received new E-Mails and even read your messages for you!
0044a948	unicode	FUN_005e1250,FUN_00635b90	Would you like to find out more about my E-Mail Reader Add-on Module now?
0044a9e0	unicode	FUN_005e1920,FUN_005e3320,FUN_00618dc0,FUN_0061f6f0,FUN_00657280,FUN_0065a960,FUN_00667120	Relax
0044a9f0	unicode	FUN_005e1920,FUN_005e3320,FUN_0065a960	RelaxWhenIdle
0044aa10	unicode	FUN_005e1920	NeverRelax
0044aa2c	unicode	FUN_005e1920,FUN_005e3320,FUN_0065a960	RelaxIdleTime
0044aa4c	unicode	FUN_005e6100	.mp3
0044aa60	unicode	FUN_005e1920,FUN_005e3320,FUN_00618dc0	StayInRelaxOnLoad
0044aa88	unicode	FUN_005e1920,FUN_005e3320,FUN_00667120	UseHotKey
0044aaa0	unicode	FUN_005e1920,FUN_005e3320,FUN_0061f6f0,FUN_00657280,FUN_00667120	HotKey
0044aab4	unicode	FUN_005e1920,FUN_005e3320	Association
0044ab00	unicode	FUN_005e6100	Assocation
0044ab1c	unicode	FUN_005e6100	.aif
0044ab2c	unicode	FUN_005e6100	.aifc
0044ab3c	unicode	FUN_005e6100	.aiff
0044ab4c	unicode	FUN_005e6100	.asf
0044ab5c	unicode	FUN_005e6100	.asx
0044ab78	unicode	FUN_005e6100	.avi
0044ab88	unicode	FUN_005e6100	.lsf
0044ab98	unicode	FUN_005e6100	.lsx
0044aba8	unicode	FUN_005e6100	.m1v
0044abb8	unicode	FUN_005e6100	.m3u
0044abc8	unicode	FUN_005e6100	.mid
0044abd8	unicode	FUN_005e6100	.midi
0044abe8	unicode	FUN_005e6100	.mp2
0044abf8	unicode	FUN_005e6100	.mpeg
0044ac08	unicode	FUN_005e6100	.mpg
0044ac18	unicode	FUN_005e6100	.rmi
0044ac28	unicode	FUN_005e6100	.snd
0044ac38	unicode	FUN_005e6100	.wav
0044ac48	unicode	FUN_005e6100	.wax
0044ac64	unicode	FUN_005e6100	.wma
0044ac74	unicode	FUN_005e6100	.wmv
0044ac84	unicode	FUN_005e6100	.wvx
0044ac94	unicode	FUN_005e63b0,FUN_00635200	bbplayer.exe
0044acb4	unicode	FUN_005e63b0	SOFTWARE\Classes\
0044acdc	unicode	FUN_005e63b0,FUN_00664e90	\shell\open\command
0044ad14	unicode	FUN_005e63b0,FUN_00664e90	\shell\play\command
0044ad40	unicode		Error registering a file type.  
0044ad84	string		__vbaBoolStr
0044ad94	string	004312b0	ContactTyping
0044ada4	string		__vbaStrBool
0044adf4	string		mnuPopupInvite
0044ae04	string		rtbOutgoing
0044ae10	string		mnuEdit
0044ae18	string		mnuClose
0044ae24	string		mnuViewAnimation
0044ae38	string		tmrClearStatus
0044ae48	string		cmbFontColor
0044ae58	string		cmbFontSize
0044ae64	string		mnuStopBonzi
0044ae74	string		cmbFontName
0044ae80	string		mnuSendAnimation
0044ae94	string		mnuFont
0044aea8	string		mnuAnimPopup
0044aeb8	string		rtbHistory
0044aec4	string		fraHistory
0044aed0	string		fraSendText
0044aedc	string	004312b4	ReceivedText
0044aeec	string	004312b8	OpenSession
0044aef8	string		FriendStateChange
0044af0c	string		UpdateSession
0044af1c	string		NewMember
0044af58	unicode	FUN_005e7bb0	Message expected
0044af80	unicode	FUN_005e7bb0,FUN_005efee0,FUN_005f7000	\pit=
0044af90	unicode	FUN_005e7bb0,FUN_005ea9c0,FUN_005efee0,FUN_005f7000	\\spd=
0044afa4	unicode	FUN_005e7bb0	Mime-Version: 1.0\r\nContent-Type: text/plain; charset=UTF-8\r\n\r\n
0044b028	unicode	FUN_005e7bb0	Your message could not be delivered.
0044b084	unicode	FUN_005e8480	 says:
0044b094	string		cmdAllow
0044b0a8	unicode	FUN_005ea460	BonziHead
0044b0bc	unicode	FUN_005ea460,FUN_005efd60,FUN_00606720	FriendlyName
0044b0dc	unicode	FUN_005ea460	 is typing a message.
0044b10c	unicode	FUN_005ea9c0	Last message received on 
0044b154	unicode	FUN_005ea9c0	h:mm:ss ampm
0044b174	unicode	FUN_005ebb90,FUN_00602bd0	 is online.
0044b190	unicode	FUN_005ebb90	 may not reply because his or her status is set to 
0044b1fc	unicode		setdata
0044b210	unicode	FUN_005ecc70	Content-Type: application/x-client
0044b25c	unicode	FUN_005ecc70,FUN_005fe840	CTRL-A
0044b270	unicode	FUN_005ecc70	Content-Type: text/x-msmsgscontrol
0044b2bc	unicode	FUN_005ecc70	TypingUser: 
0044b2dc	unicode	FUN_005ed1e0	Invite
0044b2f0	unicode	FUN_005ed6d0	No other online friends to invite
0044b358	unicode	FUN_005ed6d0,FUN_00603d10,FUN_00606720,FUN_006080d0,FUN_00608980,FUN_00608eb0,FUN_0060b930,FUN_0060bae0,FUN_0060bf70,FUN_0060de70	Online
0044b36c	unicode	FUN_005ed6d0,FUN_00603d10,FUN_00606720,FUN_006080d0,FUN_00608980,FUN_00608eb0,FUN_0060de70	Offline
0044b380	unicode	FUN_005edfd0	Black
0044b390	unicode	FUN_005edfd0	Blue
0044b3ac	unicode	FUN_005edfd0	Green
0044b3bc	unicode	FUN_005edfd0	Yellow
0044b3d0	unicode		Couldn't add friend, 
0044b3fc	string		lblPitch
0044b408	string		cmdSignUp
0044b414	string		inetSignUp
0044b424	unicode		, to this messaging session.  This friend may not be online at this time.
0044b4bc	unicode	FUN_005efd60	 has been added to the conversation.
0044b50c	unicode	FUN_005efee0	\map=""=
0044b524	unicode	FUN_005efee0	 says:"\ 
0044b577	string		UlblSignUp
0044b584	string		imgAlias
0044b590	string		txtAccountLogon
0044b5a0	string		txtAccountPassword
0044b5b4	string		lblAllow2
0044b5c0	string		Frame1bak
0044b5cc	string		txtPass2
0044b5d8	string		cmdTestVoice
0044b5e8	string		fraPrivacy
0044b5f4	string		txtAccountLogonbak
0044b608	string		lblReenterPass
0044b628	string		sldrPitch
0044b634	string		sldrSpeed
0044b640	string		cmdChangeLogon
0044b650	string		cmbAccountDomain
0044b664	string		cmdAddFriend
0044b674	string		chkSpeakIt
0044b680	string		chkNotifyStateChg
0044b694	string		chkEchoMessages
0044b6a4	string		chkRememberPassword
0044b6b8	string		fraMyAlias
0044b6c4	string		lblAlias
0044b6d0	string		lblSpeed
0044b6dc	string		cmdReverseList
0044b6ec	string		lblPassword
0044b6f8	string		cmdSubmit
0044b704	string		chkRememberPasswordbak
0044b71c	string		lblAccept
0044b728	string		fraVoiceOptions
0044b738	string		cmbDomain
0044b744	string		lblLogonDesc
0044b754	string		txtFriendEmail
0044b764	string		lblAboutPass
0044b774	string		txtAccountPasswordbak
0044b78c	string		picSearch
0044b798	string		lblViewReverseList
0044b7ac	string		lstAllow
0044b7b8	string		lblLastName
0044b7c4	string		lblFirstName
0044b7d4	string		lblMyLogonName
0044b7e4	string		lstBlock
0044b7f0	string		cmdASPServices
0044b800	string		cmdBlock
0044b80c	string		fraFriends
0044b818	string		txtMyAlias
0044b824	string		fraOther
0044b830	string		lblFriendEmail
0044b850	unicode	FUN_005f3320	http://im.bonziworld.com/bonziworld/bwservices.asp?regnum=
0044b8cc	unicode	FUN_005f3320	&errcode=
0044b8e4	unicode	FUN_005f3320	&name=
0044b8f8	unicode	FUN_005f3320	&logon=
0044b90c	unicode	FUN_005f2b70	The Friend's Email Address cannot be blank.  Please enter the BonziWolrd Email address for the friend you wish to add to your friends list.
0044ba28	unicode	FUN_005f2b70	You must be logged on to add friends.  Please logon first, and then add friends to your friends list.
0044baf8	unicode	FUN_005f4160	The Alias you choose cannot contain any spaces.  Please re-enter your Alias.
0044bb98	unicode	FUN_005f47a0	Please enter the first AND last names that will be used for this new account in the First and Last Names fields.
0044bc80	unicode	FUN_005f55f0	!  Sign-up to BonziWorld Services is complete!
0044bce4	unicode	FUN_005f47a0	Some registration information associated with this installation of BonziBUDDY could not be found.  This information is necessary to successfully setup a BonziWORLD Services Account.  If you have not registered this copy of BonziBUDDY yet, please do so by clicking on the 'Online Registration' item under 'My Options' on Bonzi's menu.  After registration, you can continue signing up for your BonziWORLD Services Account.
0044c034	unicode	FUN_005f47a0	The Account Logon name you have chosen is not valid.  Your Logon Name must contain only letters and/or numbers, and be at least 6 characters length.  Also your Logon Name cannot contain spaces.
0044c1bc	unicode		Error while processing signup info: 
0044c20c	unicode	FUN_00617c40,FUN_00668b60	SnapHome
0044c228	unicode	FUN_005f47a0	You must first create a password for this account.  Your password must be alpha-numeric, and at least 6 characters long.  Also, be sure to re-enter your password a second time for verification.
0044c3b0	unicode	FUN_005f47a0	BonziWORLD Messenger Service Options
0044c400	unicode	FUN_00618ae0	Personals
0044c41c	unicode	FUN_005f47a0	The two passwords you've entered do not match.  Please re-enter them in both fields, making sure they match exactly.
0044c50c	unicode	FUN_005f47a0	?custnum=
0044c524	unicode	FUN_005f47a0	&xfname=
0044c53c	unicode	FUN_005f47a0	&xlname=
0044c554	unicode	FUN_005f47a0	&xlogon=
0044c56c	unicode	FUN_005f47a0	&xpass=
0044c580	unicode	FUN_005f47a0	Sign-Up in progress, please wait...
0044c5cc	unicode	FUN_005f47a0	@bonziworld.com
0044c5f0	unicode		You may need to make sure that you are connected to the Internet before trying to sign up for BonziWORLD Services again.
0044c6e8	unicode	FUN_005f55f0	bwssignupsuccess
0044c710	unicode	FUN_005f55f0	<bwsEA=
0044c724	unicode	FUN_005f55f0	<bwsMS=
0044c738	unicode	FUN_005f55f0,FUN_005f95b0,FUN_00600720,FUN_00602560	AccountStatus
0044c758	unicode	FUN_005f55f0,FUN_00602560	AccountSignupTime
0044c780	unicode	FUN_005f55f0	Congratulations, 
0044c7a8	unicode	FUN_00610570	Startleblartfast
0044c7d0	unicode	FUN_005f55f0	Your new Email address is \ctx="email"\
0044c824	unicode	FUN_005f55f0	\rst\.
0044c838	unicode	FUN_005f55f0	I've already setup this new Email account information for you on my Options screen, so you can soon begin checking and sending Email with your new account!
0044c974	unicode	FUN_005f55f0	In addition, 
0044c994	unicode	FUN_0060f810	First
0044c9a4	unicode	FUN_006165c0	blink
0044c9b8	unicode	FUN_005f55f0	, I've saved your logon information for BonziWorld Instant Messaging, so you can also log on and begin chatting with your online friends!
0044cad0	unicode	FUN_005f55f0	Please remember though, 
0044cb08	unicode	FUN_005f55f0	, it looks like the Logon Name you chose, (
0044cb94	unicode	FUN_005f55f0	, it could take up to an hour before your account is active and you can begin chatting and emailing.  So please be patient, and keep trying for a while until you are finally able to log on.
0044cd14	unicode	FUN_005f55f0	Enjoy!
0044cd28	unicode	FUN_005f55f0	<bwsERR=
0044cd74	unicode	FUN_005f55f0	An unknown error occurred while processing this signup information.  Please close this window, make sure you are connected to the Internet, and re-open this window and attempt to sign up for BonziWORLD Services again.
0044cf5c	unicode	FUN_005f55f0	), is already being used by a BonziWorld Services member.  Let's choose a different Logon Name, and try signing up again.
0044d06c	unicode	FUN_005f55f0	There was an unexpected Error (
0044d0b0	unicode	FUN_005f55f0	),  while attempting to sign up for BonziWORLD Services.
0044d140	unicode	FUN_005f55f0	One possible cause for this error is invalid characters in the Logon Name that you chose.  The Logon Name must contain only letters and spaces, and be at least 6 characters in length.
0044d2b4	unicode		OnLogOff
0044d2cc	unicode	FUN_005ff610	&log on
0044d324	unicode	FUN_005f55f0	Please check the Logon Name you chose now and make sure it doesn't contain invalid characters, and try signing up again.
0044d41c	unicode	FUN_005f55f0	, it appears that we are already subscribed to BonziWorld services.  We can only subscribe once. \pau=1000\
0044d4f8	unicode	FUN_005fcc40,FUN_00600110	maximized
0044d510	unicode	FUN_005f55f0	If your Logon Name appears to be valid, or if you receive this error again, please click the 'Services' button at the bottom of this screeen for online assistance.
0044d67c	unicode	FUN_005fcc40,FUN_00600110	formy
0044d68c	unicode	FUN_005fd6a0,FUN_005fda10	Click
0044d69c	unicode		 has invited us to do something.
0044d6e4	unicode	FUN_005f55f0	There was an unexpected Error while attempting to create an email box for your BonziWORLD account.  Please click the 'Services' button at the bottom of this screeen for online assistance.
0044d86c	unicode	FUN_005fcc40,FUN_00600110	minimized
0044d884	unicode	FUN_005fcc40,FUN_00600110	formtop
0044d898	unicode	FUN_005fcc40,FUN_00600110	formleft
0044d8b0	unicode	FUN_005fcc40,FUN_00600110	formx
0044d8c0	unicode	FUN_005f55f0	If you cannot remember your Logon Name or Password, don't worry.  Simply press the 'Services' button at the bottom of this screen now, and follow the links on the BonziWorld Member Services Web page for support.
0044da6c	unicode	FUN_005fb7d0,FUN_00603830	Shutting down...
0044da94	unicode	FUN_005fcc40,FUN_00600110	formstate
0044daac	unicode	FUN_005f55f0	If your Logon Name appears to be valid, or if you receive this error again, please contact Bonzi Customer Service on the web at http://www.bonzi.com/support/bonziworld.htm for assistance.
0044dc28	unicode	FUN_005f95b0,FUN_005fa2c0,FUN_006041c0	AutoLogon
0044dc40	unicode	FUN_005f95b0,FUN_005fa2c0,FUN_00604fb0	VoicePitch
0044dc5c	unicode	FUN_005f95b0,FUN_005fa2c0,FUN_00604fb0	VoiceSpeed
0044dc78	unicode	FUN_005fa2c0,FUN_006041c0	EmailAddress
0044dc98	unicode	FUN_005f7000	\ This is the voice I'll use when I express your messages to your online friends.
0044dd40	unicode	FUN_005f7e20,FUN_005ffa90	Privacy
0044dd54	unicode	FUN_005f7e20	General
0044dd68	unicode	FUN_005f7e20,FUN_005ffd10	Friends
0044dd7c	unicode	FUN_005f7e20,FUN_00600720,FUN_006041c0	Account
0044dd90	unicode	FUN_005f95b0,FUN_005fa2c0,FUN_00600720,FUN_00602560,FUN_006041c0	Password
0044dda8	unicode	FUN_005f95b0,FUN_005fa2c0	AccountFirstName
0044ddd0	unicode	FUN_005f95b0,FUN_005fa2c0	AccountLastName
0044ddf4	unicode	FUN_005f95b0,FUN_005fa2c0,FUN_00605ba0	ReadMessages
0044de14	unicode	FUN_005f95b0,FUN_005fa2c0,FUN_00605ba0	NotifyOfFriends
0044de38	unicode	FUN_005f95b0,FUN_005fa2c0,FUN_00605ba0	EchoMessages
0044de58	unicode	FUN_005f95b0,FUN_006041c0,FUN_00605ba0	False
0044de68	unicode	FUN_005fe3e0	Your message could not be sent to some or all of the intended recipients.
0044df00	unicode	FUN_005fe840	getattention
0044df20	unicode	FUN_005fe840	 is requesting your attention.
0044df64	unicode	FUN_005fe990	text/x-msmsgscontrol
0044df94	unicode	FUN_005fe990	application/x-client
0044dfc4	unicode	FUN_005feec0,FUN_0060a970	 has left the conversation.
0044e000	unicode	FUN_005ff290,FUN_0060bae0	&Block
0044e014	unicode	FUN_005ff290,FUN_0060bae0	&Unblock
0044e02c	unicode	FUN_005ff610	log on
0044e044	unicode	FUN_005ff860	http://www.bonzi.com/support/bonziworld.htm
0044e0d0	unicode	FUN_00600720	Banana
0044e0e4	unicode	FUN_00600720	, before we can begin chatting, we need to setup your BonziWorld Services account Logon name and Password. \pau=1000\
0044e1d4	unicode	FUN_0060de70	Disconnecting...
0044e1fc	unicode	FUN_0060e120	Contact
0044e210	unicode	FUN_0060e120	Allow
0044e220	unicode	FUN_00600720	On this Account Setup screen, enter your actual first and last names. \pau=1000\
0044e2c8	unicode	FUN_00600720	Then, create a Logon name and Password for your new account. \pau=1000\
0044e35c	unicode	FUN_00606720	onlinefriend
0044e37c	unicode	0060779a	Error adding friend: 
0044e3ac	unicode	FUN_0060c570	About the selected friend
0044e3e4	unicode	FUN_0060e120	Block
0044e404	unicode	FUN_00600720	This Logon Name and Password will be used to both log on to the BonziWorld Messenger Service, and to check and send BonziWorld Email. \pau=1000\
0044e52c	unicode	FUN_00603d10	offline
0044e540	unicode	FUN_006041c0	Error logging onto BonziBUDDY Messaging service: Service object not created.
0044e5e0	unicode	FUN_0060e120	Reverse
0044e5f4	unicode	FUN_00600720	When your done creating a Logon Name and Password, click the 'Sign Up' button below to activate your account. \pau=3000\
0044e6ec	unicode	FUN_00602560	Could not logon.  Please verify that the password you are using is correct, and try logging on again.
0044e7bc	unicode		Friendly = 
0044e7d8	unicode	FUN_00600720	Due to server loads and new account requests at BonziWorld, it may take up to an hour before your account is fully activated, and you are able to log on or check your BonziWorld Email.
0044e950	unicode	FUN_00603d10	Friends Currently Online
0044e988	unicode	FUN_00603d10	online
0044e99c	unicode	FUN_00603d10	Friends Not Online
0044e9c8	unicode	FUN_00600720	, be sure to write down your password and store it in a safe place.  And, keep in mind that your password is case sensitive.\pau=1000\
0044eadc	unicode	FUN_00600720	You must setup your account before you can send or receive messages. (Click 'Tools' button)
0044eb98	unicode	FUN_00600720	Log On
0044ebac	unicode	FUN_00600720	If you've already signed up for a BonziWorld Services account, enter your BonziWorld Logon name and Password here, and simply click 'OK' to save this information and Logon to the BonziWorld Messenger Service.\pau=2000\
0044ed68	unicode	FUN_00602bd0	 has a status of 
0044eda0	unicode	FUN_00600720	, after you've setup your BonziWorld account information and logged on, you can add friends to your friends list by clicking on the 'Friends' tab.\pau=1000\
0044eee0	unicode	FUN_00600720	Then, we can begin chatting!
0044ef20	unicode	FUN_00600720	congratulate
0044ef5c	unicode	FUN_00602bd0	 is offline.
0044ef7c	unicode	FUN_00602560	, we are not yet able to logon to this service.  Your account is probably not yet fully active.  It may take up to an hour after signing up for us to be able to log on.  Please wait a while for our account to become active, and try logging on again.
0044f178	unicode	FUN_00602560	Could not logon.  Your account may not be fully active yet.  It may take up to an hour after signing up for you to be able to log on.  Please wait a while for your account to become active, and try logging on again.
0044f32c	unicode	FUN_00602560	BonziWORLD Services Logon
0044f364	unicode	FUN_006041c0	You must setup your BonziWORLD Account information on the Account screen before you can logon and begin chatting.
0044f44c	unicode	FUN_006041c0	Click on the 'Tools' button on the toolbar, then click on the 'Account' tab.
0044f4e8	unicode	FUN_006041c0	LogonEx
0044f4fc	unicode	FUN_00606720	 (Blocked) 
0044f514	unicode	FUN_00606720	State
0044f524	unicode	FUN_00606720	offlinefriend
0044f544	unicode		Error logging onto BonziBUDDY Instant Messaging service.  Please re-check your logon name and password on the Tools -> Account screen.
0044f658	unicode	FUN_006053d0	 (Not Logged On)
0044f680	unicode	FUN_00605ed0	&Log Off
0044f6a4	unicode	FUN_00605ed0	&Log On
0044f6b8	unicode	FUN_00605ed0,FUN_00608980,FUN_0060bf70	Send
0044f6c8	unicode	FUN_00605ed0,FUN_00608980,FUN_0060bf70	Remove
0044f6d8	unicode	FUN_00606720,FUN_0060b300	LogonName
0044f700	unicode	FUN_00606720	allow
0044f710	unicode	FUN_00608980,FUN_00608eb0	 is currently offline.  Would you like to send them a BonziMAIL Message?
0044f7a8	unicode	FUN_00608980	Tools
0044f7b8	unicode	FUN_00608eb0	Mail
0044f7c8	unicode	FUN_00608eb0,FUN_0060de70	Busy
0044f7e4	unicode	FUN_00608eb0,FUN_0060de70	Away
0044f7f4	unicode	FUN_00608eb0	Phone
0044f804	unicode	FUN_00608eb0	Lunch
0044f810	unicode	FUN_00609d90	Members
0044f824	unicode	FUN_0060b210	__SESSION_ID__
0044f844	unicode	FUN_0060b300	EmailAddress
0044f864	unicode	FUN_0060bae0	 (Blocked)
0044f880	unicode	FUN_0060c570	Friend Properties
0044f8a8	unicode	FUN_0060de70	Synchronizing...
0044f8d0	unicode	FUN_0060cfb0	Cannot add friend to list.  A friend with this alias is already in the list.
0044f96c	string		__vbaVarTstLt
0044f9a8	unicode	FUN_0060de70	Invisible
0044f9c0	unicode	FUN_0060de70	Be Right Back
0044f9e0	unicode	FUN_0060de70	On The Phone
0044fa00	unicode	FUN_0060de70	Out To Lunch
0044fa20	unicode	FUN_0060de70	Finding Server...
0044fa48	unicode	FUN_0060de70	Connecting...
0044fbfc	unicode	FUN_0060f960	Sure!  I would love to read 
0044fc3c	unicode	FUN_0060f960	 to you, 
0044fc54	unicode	FUN_0060f960	! | OK!  Let's see what happens in 
0044fca0	unicode	FUN_0060f960	. | Great.  I really enjoy reading with you, 
0044fd00	unicode	FUN_0060f960	! | This is one of my favorite stories! | I'm always in the mood for a good story, 
0044fdac	unicode	FUN_0060f960	! | OK 
0044fdc0	unicode	FUN_006101e0	 and 
0044fddc	unicode	FUN_0060f960	!  Let's read along together!
0044fe1c	unicode	FUN_0060f960	In this story we can click on a page to visit the website depicted!
0044fea8	unicode	FUN_0060fdd0	Software\Microsoft\Internet Explorer
0044fef8	unicode	FUN_0060fdd0	Version
0044ff0c	unicode	FUN_006101e0	 hour
0044ff1c	unicode	FUN_006101e0	 minute
0044ff30	unicode	FUN_006101e0	 second
0044ff44	unicode	FUN_006101e0	 hours
0044ff58	unicode	FUN_006101e0	 minutes
0044ff70	unicode	FUN_006101e0	 seconds
0044ff88	unicode	FUN_006101e0	no time at all
0044ffb0	unicode	FUN_00610660,FUN_00611140	FormPosition
0044ffdc	unicode	FUN_00610660,FUN_00611140	Height
0044fff0	unicode	FUN_00610660,FUN_00611140	Left
00450000	unicode	00535020,00535728,FUN_00610660,FUN_00611140	Width
0045000c	string	005349f0	__vbaRefVarAry
0045001c	string		__vbaRecAssign
0045002c	string		__vbaR8IntI2
0045003c	string		__vbaVarTstLe
00450064	string		__vbaEnd
00450074	unicode	FUN_006115e0,FUN_00611b50,FUN_0061f6f0,FUN_006516c0	Uncertain
0045008c	unicode	FUN_006115e0	I've been there, 
004500b4	unicode	FUN_006115e0	. | Well, I hope things start looking better for you. | Well, 
00450138	unicode	FUN_006115e0	 I'm sure that things are going to get better. | Just look at it this way, 
004501d4	unicode	FUN_006115e0	.  Things can only get better. | Well, don't worry, I'm here when you need me. | I just know that things are going to get better 
004502dc	unicode	FUN_006115e0	That sounds nice. | Sounds like an exciting life you lead 
00450358	unicode	FUN_00611b50	. | I'm doing great myself 
00450394	unicode	FUN_00611b50	How about \emp\you 
004503c4	unicode	FUN_006115e0	! | Glad to hear it. | And I thought \emp\I had a lot going on! | Well, maybe we could browse the web or something.
004504b0	unicode	FUN_006115e0	DontRecognize
004504d0	unicode	FUN_00611b50	Hello to you, 
004504f4	unicode	FUN_00611b50	. | Hi! | Hello! | Hello.  What's new? | Hey, 
00450558	unicode	FUN_00611b50	. | Hi there!
00450584	unicode	FUN_00615c20,FUN_006442f0,FUN_00668b60	ServerCheckDay
004505a8	unicode	FUN_00611b50,FUN_0061f6f0	Suit yourself, I'll just do a little reading of my own while you browse.
00450640	unicode	FUN_00611b50,FUN_0061f6f0	Read
00450650	unicode	FUN_00611b50,FUN_0061f6f0	ReadContinued
00450670	unicode	FUN_00611b50,FUN_0061f6f0	ReadReturn
0045068c	unicode	FUN_00611b50,FUN_0061f6f0,FUN_0064b8b0	http://www.bonzi.com
004506bc	unicode	FUN_00611b50,FUN_0061f6f0	NetBoost Prompted
004506e4	unicode	FUN_00611b50,FUN_0061f6f0,FUN_006562c0	True
004506f4	unicode	FUN_00611b50	.  | Nothing much, just hanging out. | Not much today.
00450768	unicode	006162ab,FUN_00615c20,FUN_006442f0,FUN_00668b60	ServerCheck
00450784	unicode	FUN_00611b50,FUN_0061f6f0	Do you want me to remind you later about InternetBOOST from \Ctx="Email"\www.bonzi.com?
00450838	unicode	FUN_00611b50,FUN_0061f6f0	Great! | Great!  I love that newly updated feeling! | Good choice!  I'm sure you'll be pleased with my new abilities.
00450928	unicode	FUN_00611b50	. | My cup runneth over, 
00450968	unicode	FUN_00611b50,FUN_0061f6f0	This will only take a few minutes.  When I'm done, I'll have to leave for a few minutes to receive my new updates.
00450a54	unicode	FUN_00611b50,FUN_0061f6f0	Once this new update is finished installing, I'll come back, better than ever!
00450b04	unicode	FUN_00611b50	Not much, 
00450b20	unicode	FUN_00615120,FUN_0065a960	RightClicked
00450b40	unicode	FUN_00615c20,FUN_00645630,FUN_00668b60	Short
00450b50	unicode	FUN_00611b50	What's new with you today? | Anything exciting happening with you today? | What been going on? | What's happening with you?
00450c4c	unicode	FUN_00611b50	I'm doing well. | I'm feeling just fine today, thanks for asking. | Wonderful!  Things couldn't be better.  | I'm fine, 
00450d48	unicode	FUN_00611b50	? | How are \emp\you? | How are \emp\you, 
00450da4	unicode	FUN_00611b50	?  | How are things with \emp\you today?
00450dfc	unicode	FUN_00611b50	I'm glad to hear that you're doing well, 
00450e54	unicode	FUN_00611b50	. | It's nice to hear that things are good for you. | That's great 
00450edc	unicode	FUN_00614850	Alt2Confidence
00450f00	unicode	FUN_00614d30	Good choice!
00450f1c	unicode	FUN_00614e90	Voice
00450f2c	unicode	FUN_00611b50	.  When \emp\you feel good, \emp\I feel good too. | That's nice to hear.
00450fc4	unicode	FUN_00611b50	I'm sorry to hear that you're not well, 
0045101c	unicode	FUN_00611b50	. | That's very sad, 
0045104c	unicode	FUN_00611b50	.  Is there anything I can do for you? | It makes me sad to hear that, 
004510e0	unicode	FUN_00611b50	. | Well, 
004510fc	unicode	FUN_00615c20,FUN_00645630,FUN_00668b60	Long
0045110c	unicode	FUN_00611b50	, I hope things start looking better for you.
0045116c	unicode	FUN_00611b50	What is troubling you? | What seems to be the problem today? | Why are things not well for you?
00451230	unicode	FUN_00611b50	Wallet
00451244	unicode	FUN_00611b50	The time is 
00451264	unicode	FUN_00611b50	Today's date is 
00451288	unicode	FUN_00614850,FUN_00614e90	Confidence
004512a0	unicode	FUN_00614850	Alt1Name
004512b4	unicode	FUN_00614850	Alt2Name
004512cc	unicode	FUN_00615590,FUN_0061b570	Giggle
004512e0	unicode	FUN_006166e0	Modem Connected
00451304	unicode	FUN_006166e0	Modem Not Connected
00451330	unicode	FUN_00616830,FUN_00640360,FUN_0064f8b0	LastUpdateCheckDateTime
00451364	unicode	FUN_00616830	BonziBUDDY
00451380	unicode	FUN_00616830	Association0
004513a0	unicode	FUN_00616830	NoSetting
004513b8	unicode	FUN_00617990	, in order for me to best help you in our Internet travels together, we need to specify how we will connect to the Internet.
004514b8	unicode	FUN_00617c40	, I'd like to show you one of my favorite places in the world!
0045153c	unicode	FUN_00617c40	You guessed it, it's my home!  This is one of my favorite places to be.  I live at 
004515e8	unicode	FUN_00617c40	From my home, we have access to all sorts of great things that we can explore together!
0045169c	unicode	FUN_00617c40	\spd=160\Local and World News! \spd=200\Weather! \spd=240\Sports! \spd=280\Stock quotes! \spd=320\Horoscopes! \spd=360\Games! \spd=400\Auctions! \spd=400\Classifieds!
004517f0	unicode	FUN_00617c40,FUN_0061f6f0,FUN_0064a800,FUN_006516c0,FUN_0066c810	Confused
00451808	unicode	FUN_00617c40	Why don't we check out our exciting new home site now?
0045187c	unicode	FUN_00617c40	\rst\Phew! \pau=500\ Just too much great stuff for this little old gorilla to mention all at once!
00451948	unicode	FUN_00617c40	But don't worry, 
00451970	unicode	FUN_00617c40	, if you would like I can make my home, your home now! This way home will always be one click away!
00451a3c	unicode	FUN_00618ae0	Horoscopes
00451a58	unicode	FUN_00618ae0	Reference Center
00451a80	unicode	FUN_00618ae0	Stock Quotes
00451aa0	unicode	FUN_00618ae0	Weather Center
00451ac4	unicode	FUN_00618ae0	What's Hot!
00451ae0	unicode	FUN_00618dc0,FUN_0063b1a0,FUN_0063b3d0,FUN_00657280	Interaction
00451afc	unicode	FUN_00618dc0,FUN_0063b1a0	less
00451b0c	unicode	FUN_00618dc0,FUN_0063e210,FUN_00657280,FUN_00668b60	Wak&e Up - 
00451b28	unicode	FUN_00618dc0,FUN_0063e210,FUN_00657280,FUN_00668b60	Sl&eep - 
00451b40	unicode	FUN_00618dc0,FUN_0063ebb0	SilentMode
00451b68	unicode	FUN_00619770,FUN_0061de30	LatestUpdate
00451b88	unicode	FUN_00619770,FUN_0061de30	Phrase
00451b9c	unicode	FUN_00619b40	BBPlayer is running.
00451bcc	unicode	FUN_00619b40	Form_Unload
00451be8	unicode	FUN_00619b40	BBPlayer is NOT running.
00451c20	unicode	FUN_00619b40	StoryReader is running.
00451c54	unicode	FUN_00619b40	StoryReader is NOT running.
00451c90	unicode	FUN_00619b40	Unloading**************
00451cc4	unicode	FUN_0061b570,FUN_00649290,FUN_006516c0,FUN_00653d20,FUN_0065a960,FUN_00667b80,FUN_00668b60	Hey 
00451cd4	unicode	FUN_0061b570	 I've got a good one for you. | Here's something to make you smile 
00451d60	unicode	FUN_0061b570	| That one \emp\really cracks me up!
00451db0	unicode	FUN_0061b570	! Here's a funny one for you! | Here's one for you. | I've got another one for you.  |  OK, you'll have to laugh at this one.  | Have you heard this one? | 
00451ef0	unicode	FUN_0061b570	, get ready to laugh. | This is funny. | 
00451f48	unicode	FUN_0061b570	| I \emp\never get enough of that one!
00451f9c	unicode	FUN_0061b570	. | Check this out. | Hope you're in the mood for a joke. | OK 
00452020	unicode	FUN_0061b570	! | Stop me if you've heard this one. | This is a side splitter! | Funny joke? Anyone? Anyone? | This one is sure to make you laugh!
00452148	unicode	FUN_0061b570	, just try not to laugh at this one! | Here's something funny. | Here's something to tell your friends later! | I know you'll enjoy this one. | OK, this is very serious.  Don't laugh. | Heard this one? | Hey 
004522f0	unicode	FUN_0061b570	I've got a \emp\million of them!
00452338	unicode	FUN_0061b570	| I knocked them \emp\dead in Vegas with that one!
004523a4	unicode	FUN_0061b570	| Sometimes I even amuse myself!
004523ec	unicode	FUN_0061b570	| \pit=360\Ha Ha Ha! \pit=140\I'll need a minute to recover from \emp\that one!
00452490	unicode	FUN_0061b570	| What did you think of \emp\that one?
004524e4	unicode	FUN_0061b570	| I should be paying you to listen to these.
00452544	unicode	FUN_0061b570	| Where do I come up with these?
0045258c	unicode	FUN_0061b570	| I guess you had to be there.
004525d0	unicode	FUN_0061b570	| What? \pau=1000\ You were expecting a sense of humor?
00452644	unicode	FUN_0061b570	| How funny can one gorilla be?
00452684	string		__vbaVarAbs
00452694	unicode	FUN_0061b570	| Next time, don't be afraid to laugh, 
004526e8	unicode	FUN_0061b570	| Don't judge me on my sense of humor alone. \pau=1000\ Please.
0045276c	unicode	FUN_0061b570	| You know 
00452788	unicode	FUN_0061b570	, a good friend laughs at your jokes even when they're not so good.
00452814	unicode	FUN_0061b570	| Laughter is the best medicine!
0045285c	unicode	FUN_0061b570	| First time I heard that one, I nearly fell out of my banana tree laughing!
004528fc	unicode	FUN_0061b570	| This is the part where you laugh, 
0045294c	unicode	FUN_0061b570	| That one gets better every time I hear it!
004529ac	unicode	FUN_0061b570	| They only get better with time, 
004529f8	unicode	FUN_0061b570	| Do I amuse you, 
00452a24	unicode	FUN_0061b570	?  Am I funny?  Do I make you laugh?
00452a74	unicode	FUN_0061b570	| Hello?  Is this thing on?  Is anyone still out there?
00452ae8	unicode	FUN_0061b570	| Thank you very much.  I'm Bonzi, I'll be here all week.
00452b60	unicode	FUN_0061b570	| And if you thought that was funny, I've got a zillion more!
00452be0	unicode	FUN_0061c020,FUN_006516c0,FUN_00653d20,FUN_0065d480	Announce
00452bf8	unicode	FUN_0061b570	| Wowa!  I even amused \emp\myself with that one!
00452c60	unicode	FUN_0061b570	| Why don't I hear any laughter?  
00452cac	unicode	FUN_0061b570	| That was a doozey!  I don't know if I can top that one!
00452d24	unicode	FUN_0061b570	| Mabye I'll keep my day job, 
00452d68	unicode	FUN_0061b570	| At times I giggle just thinking about that one!
00452dd0	unicode	FUN_0061b570	| \pit=360\Ha Ha Ha! \pit=140\ I'll be laughing for hours at that one!
00452e64	unicode	FUN_0061b570	| Doesn't laughing bring us closer together, 
00452ec4	unicode	FUN_0061b570	| Didn't even crack a smile, did you.
00452f14	unicode	FUN_0061b570	| Hope that brightens your day 
00452f58	unicode	FUN_0061b570	| That one makes me giggle in my sleep!
00452fac	unicode	FUN_0061c020	Hummm!  Get this... | Now that's interesting! | What a strange fact. | This is interesting. | That's strange. | This is an interesting fact! | Here's something for you, 
00453104	unicode	FUN_0061c020	 | Don't you just love these little tid bits?
00453164	unicode	FUN_0061c020	 | Isn't that interesting!
004531a0	unicode	FUN_0061c020	. | A bit of trivia for you... | This is amazing! | This just in... | I've got one for you... | Bet you didn't know this. | Hey, check this out.
004532c8	unicode	FUN_0061c020	ReadLookUp
004532e4	unicode	FUN_0061c020	ReadLookUpContinued
00453310	unicode	FUN_0061c020	I'm just a regular encyclopedia, aren't I.
0045336c	unicode	FUN_0061c020	Hummm!  Get this... | Now that's interesting! | What a strange fact. | This is interesting. | That's strange. | This book is just loaded with great facts! | This is an interesting fact! | Here's something for you, 
00453520	unicode	FUN_0061f6f0	Enter your Name or Salutation:
00453564	unicode	FUN_0061c020	. | A bit of trivia for you... | This is amazing! | What an interesting article... | I've got one for you... | Bet you didn't know this. | Hey, check this out. | Hey, guess what I just \map="red."="read."\
0045371c	unicode	FUN_0061c020	 | I'm just loaded with knowledge!
00453768	unicode	FUN_0061c020	 | I just keep getting smarter every day!
004537c0	unicode	FUN_0061c020	 | You're probably wondering how I know so much! \pau=1200\ Go figure.
00453854	unicode	FUN_0061c020	 | I know, 
00453870	unicode	FUN_0061c020	.  I was just as surprised to learn that as you.
004538d8	unicode	FUN_0061c020	 | How interesting!
00453904	unicode	FUN_0061c020	 | I like to share the knowledge, 
00453950	unicode	FUN_0061c020	 | Just thought you'd like to know.
0045399c	unicode	FUN_0061c020	 | Who knew.
004539bc	unicode	FUN_0061c020	 | That surprises me too!
004539f4	unicode	FUN_0061c020	 | I didn't want to believe it either.
00453a48	unicode	FUN_0061c020	 | Sometimes I surprise myself with how much I know!
00453ab8	unicode	FUN_0061c020	 | That's privileged information, just for you, 
00453b20	unicode	FUN_0061c020	 | There's something to tell your friends!
00453b7c	unicode	FUN_0061c020	 | We just keep getting smarter every day, 
00453bd8	unicode	FUN_0061c020	 | One of life's many mysteries revealed!
00453c30	unicode	FUN_0061c020	 | Well, what do you know?
00453c6c	unicode	FUN_0061c020	 | I wonder how many people in the world knew that?
00453cd8	unicode	FUN_0061c020	 | Can't you just feel yourself getting smarter, 
00453d40	unicode	FUN_0061c020	 | Was that trivial? Or \emp\trivia?
00453d90	unicode	FUN_0061c020	 | But, I bet you already knew that, 
00453de0	unicode	FUN_0061c020	 | Use that one to impress your friends!
00453e38	unicode	FUN_0061c020	 | I contain more knowledge than most gorillas twice my size!
00453eb8	unicode	FUN_0061c020	 | Don't worry, 
00453ee0	unicode	FUN_0061c020	, there's plenty more where that came from!
00453f3c	unicode	FUN_0061c020	 | What will we learn next?
00453f78	unicode	FUN_0061c020	\pau=1000\
00453f94	unicode	FUN_0061c020	ReadLookUpReturn
00453fbc	unicode	FUN_0061cf70	\emp\Alrighty then 
00453fe8	unicode	FUN_0061cf70	, let's take a moment and fill out our automated registration card.  This will make you an Official Registered User of Bonzi Buddy!
004540f4	unicode	FUN_0061d750,FUN_0061f6f0	PromptedToIntegrateDM
00454124	unicode	FUN_0061d750	Oh, check it out!
0045414c	unicode	FUN_0061d750	Now tell me another gorilla you know that can do that!\pau=1000\
004541d8	unicode	FUN_0061d750	, did you know that I can handle downloading files from the Internet for you with my very cool built in 'Download Manager!'
004542d4	unicode	FUN_0061d750	Anytime you need to download from the Internet, I can automatically take care of it for you!
00454394	unicode	FUN_0061d750,FUN_0061f6f0	, shall I automatically handle your Internet downloads for you?
00454418	unicode	FUN_0061de30,FUN_00668b60	FirstRun
00454430	unicode	FUN_0061de30,FUN_00668b60	FirstRunWithBonzi
00454458	unicode	FUN_0061de30	Well! \Emp\Hello there!
0045448c	unicode	FUN_0061de30	I don't believe we've been properly introduced.
004544f0	unicode	FUN_0061de30	I'm Bonzi!
0045450c	unicode	FUN_0061de30	What is \Emp\your name?
00454540	unicode	FUN_0061de30	Good morning 
00454560	unicode	FUN_0061de30	. | Hope you're feeling fine on this nice morning 
004545cc	unicode	FUN_0061de30	! | Good morning, 
004545f8	unicode	FUN_0061de30	!  This looks like it's going to be a great day! | Hello, 
00454674	unicode	FUN_0061de30	!  I'm glad to see you again! | Hi 
004546c0	unicode	FUN_0061de30	! It's nice to see you! | Hello, 
00454708	unicode	FUN_0061f6f0	Nice to meet you, 
00454734	unicode	FUN_0061de30	!  I love starting my day off with you! | Top of the morning to you 
004547c4	unicode	FUN_0061de30	!  It's always nice to start the day off with you!
00454830	unicode	FUN_0061de30	17:00
00454840	unicode	FUN_0061de30	Good afternoon 
00454864	unicode	FUN_0061de30	. | Nice to see you again, 
004548a0	unicode	FUN_0061de30	! | Hello again 
004548c8	unicode	FUN_0061de30	!  How are things? | Buenos Dias, 
00454918	unicode	FUN_0061de30	!  What's new today with you? | Hi again, 
00454974	unicode	FUN_0061de30	22:00
00454984	unicode	FUN_0061de30	Good evening 
004549a4	unicode	FUN_0061de30	! | Good evening 
004549cc	unicode	FUN_0061de30	! How has your day been! | Good evening 
00454a24	unicode	FUN_0061de30	! Hope you've had a nice day!
00454a64	unicode	FUN_0061de30,FUN_00649290,FUN_00665f30	Idle3_1
00454a78	unicode	FUN_0061de30	\\spd=110\\pit=120\ Surprised to see you up so late, 
00454ae8	unicode	FUN_0061de30	. | I'm not used to being up this late, 
00454b40	unicode	FUN_0061de30	. | Do you ever sleep, 
00454b74	unicode	FUN_0061de30	? | Isn't it past your bedtime, 
00454bbc	unicode	FUN_0061de30,FUN_006516c0	HolidayDate
00454bd8	unicode	FUN_0061f6f0,FUN_00653d20	ScheduleEvent
00454c08	unicode	FUN_0061f6f0	BonziBUDDY Browse
00454c30	unicode	FUN_0061f6f0	Enter a Web Site:
00454c58	unicode	FUN_0061f6f0	Read it?
00454c70	unicode	FUN_0061f6f0	BonziBUDDY - Your Name or Salutation
00454cc0	unicode	FUN_0061f6f0	Since this is the first time we have met, I'd like to tell you a little about myself.
00454d70	unicode	FUN_0061f6f0	I am your friend and BonziBUDDY! I have the ability to learn from you.  The more we browse, search, and travel the Internet together, the smarter I'll become!
00454eb8	unicode	FUN_0061f6f0	Not that I'm not \Emp\already smart!
00454f08	unicode	FUN_0061f6f0,FUN_00630290	PleasedHard
00454f24	unicode	FUN_0061f6f0	Think of me as your purple gorilla friend and traveling tour guide on the Internet!
00454fd0	unicode	FUN_0061f6f0	?  That has a nice ring to it!
00455014	unicode	FUN_0061f6f0	Change your mind? | I guess I'll still call you 
0045507c	unicode	FUN_0061f6f0	View 
0045508c	unicode	FUN_0061f6f0	Because the Internet can feel like a jungle at times, I can help you find what you are looking for and even make suggestions as to where we should go to find it! The more time we spend together, the closer we'll become!
00455248	unicode	FUN_0061f6f0,FUN_00657280	Explain3
00455260	unicode	FUN_0061f6f0	When you have tasks or appointments, let me know and I will jot them down and remind you. I'm \Emp\never late for an appointment!
00455368	unicode	FUN_0061f6f0	Am I rambling?
004553a2	unicode		 - Your Name or Salutation
004553dc	unicode	FUN_0061f6f0	OK! From now on I'll call you 
00455420	unicode	FUN_0061f6f0	! | 
00455430	unicode	FUN_0061f6f0	 results?
00455448	unicode	FUN_0061f6f0	\\spd=130\\pit=130\All my hard work, gone to waste. | \\spd=100\\pit=100\
004554e0	unicode	FUN_0061f6f0	.  \\spd=130\\pit=130\Don't you like 
00455530	unicode	FUN_0061f6f0	 anymore?
00455548	unicode	FUN_0061f6f0	Check out InternetBOOST from www.bonzi.com?
004555a4	unicode	FUN_0061f6f0	Great!  You're going to love our new little gorilla friend, Bonzi!
00455634	unicode	FUN_0061f6f0	Do you want me to remind you later about InternetBOOST from www.bonzi.com?
004556d0	unicode	FUN_0061f6f0	?answer=yes&product=SiteOfTheDay
00455718	unicode	FUN_0061f6f0	Would you like to download this update for me now?
00455784	unicode	FUN_0061f6f0	Agent1.RequestComplete(rqDownloadUpdate)
004557dc	unicode	FUN_0065a960	ConnectingForDailyEntryDetected
00455820	unicode	FUN_0061f6f0	This will only take a few minutes.  When I'm done, I'll automatically run this new update for you!
004558ec	unicode	FUN_0061f6f0	Would you like to find out more about the 
00455964	unicode	FUN_0061f6f0	?answer=yes&product=
004559a8	unicode	FUN_0061f6f0	?answer=no&product=
004559d4	unicode	FUN_0061f6f0	Agent1.RequestComplete(rqPromptProduct)
00455a28	unicode	FUN_0061f6f0	Would you like to visit our home site now?
00455a84	unicode	FUN_0061f6f0	You can customize our new home site to fit your needs and interests by clicking on the 'My Snap' link here at our new home!
00455b80	unicode	FUN_0061f6f0	If you like 
00455ba0	unicode	FUN_0061f6f0	, I can even make our new home be the default start page in Internet Explorer! This way we will never be far from home!
00455c94	unicode	FUN_0061f6f0	OK, but if you want to visit our new home site any time later, just click on me and select 'Home' from my menu.
00455d78	unicode	FUN_0061f6f0	Remember, 
00455d94	unicode	FUN_0061f6f0	Would you like for me to make our new home the default start page in your browser? This will allow us to access our home with only one click!
00455eb4	unicode	FUN_0061f6f0	, would you like for me to make my home, your home now?
00455f28	unicode	FUN_0061f6f0	Great!  Home is now just a click away!
00455f7c	unicode	FUN_0061f6f0	 knowledge is always power! Would you like for us to educate ourselves with interesting new facts and trivia?
0045605c	unicode	FUN_0061f6f0	http://www.bonzi.com/bonzibuddy/bbfactmenu.asp
004560c0	unicode	FUN_0061f6f0	http://www.bonzi.com/bonzibuddy/b10songmenu.asp
00456124	unicode	FUN_0062d440	The latest version of me is: 
00456164	unicode	FUN_0061f6f0	, would you like to send me to school to learn over 500 new and funny jokes for you now?
0045621c	unicode	FUN_0061f6f0	http://www.bonzi.com/bonzibuddy/bbjokemenu.asp
00456280	unicode	FUN_0061f6f0	, would you like to send me to school to learn 25 new songs for you now?
00456318	unicode	FUN_0062d440	My current version is: 
0045634c	unicode	FUN_0061f6f0	?  How about we make our daily connection to the Internet to see if we can find any new and exciting sites or events happening around the world today?
00456480	unicode	FUN_0061f6f0,FUN_006442f0,FUN_00644a00,FUN_0064de40,FUN_0064e0a0,FUN_0064e9c0,FUN_00668b60	Daily
00456490	unicode	FUN_0061f6f0,FUN_006442f0,FUN_00644a00,FUN_00668b60	LastDownloadTime
004564b8	unicode	FUN_0061f6f0	?  Why don't we check out my cool E-Mail Reader Add-On Module?
0045653c	unicode	FUN_0061f6f0	Great! | OK! | I thought you would like that! | Cool!  I can't wait!
004565cc	unicode	FUN_0061f6f0	But first..
004565e8	unicode	FUN_0061f6f0,FUN_0064de40,FUN_0064e0a0	LastDownload
00456608	unicode	FUN_0061f6f0	, but please remember the more we time we spend together on the Internet, the smarter I'll become! | OK 
004566e0	unicode	FUN_0061f6f0	, why don't we check back later!
00456728	unicode	FUN_0061f6f0,FUN_00635660	http://www.bonzi.com/bonzibuddy/bb4mailmenu.asp
0045678c	unicode	FUN_0061f6f0	?  Why don't we check out my Download Manager Add-On Module?
0045680c	unicode	FUN_0061f6f0	,  would you like to view the files in our 'Download Manager' now?
00456898	unicode	FUN_0062d440	The joke of the day is:  
004568d0	unicode	FUN_0062d440	Today's animation is: 
00456904	unicode	FUN_0061f6f0	,  let's download and install the latest version of Internet Explorer!
00456998	unicode	FUN_0061f6f0	, simply follow the instructions on Microsoft's Internet Explorer download page to download and install the latest version!
00456a94	unicode	FUN_0062d440	The quote of the day is:  
00456ad0	unicode	FUN_0061f6f0	OK great! From now on, I'll handle downloading from the Internet for you!  You can even continue to browse the web, play games, or listen to music while I take care of it!
00456c2c	unicode	FUN_0062b090,FUN_00649290,FUN_0064a800	Determining connection state, one moment...
00456c88	unicode	FUN_0062d440	The site of the day is:  
00456cc4	unicode	FUN_0061f6f0	, if I ever become too chatty for you, \pau=500\please let me know by pressing the '
00456d74	unicode	FUN_0061f6f0	' key on your keyboard and I will be happy to take a break and relax!
00456e04	unicode	FUN_0061f6f0,FUN_006340a0	Please remember 
00456e2c	unicode	FUN_00629fa0	.DEFAULT\Software\Microsoft\Internet Explorer\Main
00456e98	unicode	FUN_0061f6f0	, anytime you'd like to interact with me, simply click your \emp\mouse button on my tummy.
00456f54	unicode	FUN_0061f6f0	That's \emp\it!  Now, let's give it a whirl!
00456fb4	unicode	FUN_0061f6f0	Go ahead and click your mouse button on me now so we can kick off our newly founded friendship!
00457078	unicode	FUN_0061f6f0	, would you like me to automatically handle your Internet downloads for you?
0045712e	unicode		 - Download Manager Integration
00457174	unicode	FUN_00629fa0,FUN_00668b60	Software\Microsoft\Internet Explorer\Main
004571cc	unicode	FUN_00629fa0,FUN_00668b60	Start Page
004571e8	unicode	FUN_00629fa0	Search Page
00457204	unicode	0062aa9b	SetStartPage Error: 
00457244	unicode	FUN_0062abe0	Please connect to AOL first.  Once you're connected to AOL, click OK on this message and I'll continue.  If you're already connected, simply click OK now.
00457380	unicode	FUN_0062abe0	Once you're connected to AOL, click OK to continue.
004573ec	unicode	FUN_0062abe0	Connect to AOL First
0045742c	unicode	0062c59a,0062c5fe	It seems that you do not have Microsoft's Internet Explorer version 4.01 or higher installed.  You'll need to download and install the latest version of this browser from Microsoft's Web site before we can browse or search the web together.
00457614	unicode	0062c67b,0062c6df	Don't worry!  You can download the latest version of Internet Explorer from \Ctx="Email"\HTTP://www.microsoft.com/windows/ie/default.htm.
0045772c	unicode	FUN_0062c9a0	</CENTER></H2>
00457758	unicode	FUN_0062c9a0	<HR>
00457768	unicode	FUN_0062c9a0	<LI>
00457778	unicode	FUN_0062c9a0	<BR>
00457788	unicode	FUN_0062c9a0	</BODY></HTML>
004577ac	unicode	FUN_0062c9a0	File://
004577c0	unicode	0062c8d8	Please connect to the Internet and download and install the latest version of Microsoft's Internet Explorer from the site HTTP://www.microsoft.com/windows/ie/default.htm.
0045791c	unicode	FUN_0062c9a0	<HTML><BODY>
0045793c	unicode	FUN_0062c9a0	<H2><CENTER>BonziBUDDY Search Results -- 
00457994	unicode	FUN_0062d440	There is a newer version of me at \Ctx="Email"\www.bonzi.com.  I'm downloading this new version for you now.
00457a74	unicode	FUN_0062ed10	Inet Error While Downloading
00457ab4	unicode	FUN_0062ed10	Inet1_StateChanged
00457ae0	unicode	FUN_0062ed10	Do you want to cancel downloading this update?
00457b44	unicode	FUN_0065a960	ResetServerCheckForThisTick
00457b80	unicode	FUN_0062ed10	, but be sure to select 'Update Me' from my menu later so that we can download this latest update to keep me current.
00457c70	unicode	FUN_0062ed10	ServerSize=
00457c8c	unicode	FUN_0062ed10	Inet_StateChanged
00457cb4	unicode	FUN_0062ed10	Local Size=
00457cd0	unicode	FUN_00631d30	Ok, great! I've tried to make traveling the world just a few clicks away!
00457d6c	unicode	FUN_0062ed10	I'm done downloading the update and will now leave for a few moments so that this update can run.  See you in a few!
00457e58	unicode	FUN_00630290	body
00457e64	unicode	FUN_00630290	innerHTML
00457e7c	unicode	FUN_00630290	NavigationCanceled
00457ea8	unicode	FUN_00630290	Delcine
00457ebc	unicode	FUN_00630290	It doesn't appear that we were able to get to \Ctx="Email"\
00457f38	unicode	FUN_00630290	.  Make sure that you have a connection to the Internet before we browse or search together.
00457ff8	unicode	FUN_00630290	Wow!  This is one of my favorite sites!
0045804c	unicode	FUN_00630290,FUN_00637a00	Think
0045805c	unicode	FUN_00630290	Hummm! I wonder why!
004580ec	unicode	FUN_00631d30,FUN_006340a0,FUN_00636bf0,FUN_00637a00,FUN_00638040,FUN_00638620,FUN_00638a20,FUN_00638f70,FUN_006394a0,FUN_00639a10,FUN_00639df0,FUN_0063a380	?loc=
004580fc	unicode	FUN_00630290	It doesn't appear that we were able to get anywhere on the Web.  Make sure that you have a connection to the Internet before we browse or search together.
00458238	unicode	FUN_00630290	SearchingReturn
0045826c	unicode	FUN_00630290,FUN_0064b8b0	http://www.bonzi.com/
0045829c	unicode	FUN_00631d30	MNU_TRAVLAIR
004582bc	unicode	FUN_00631d30	Simply enter our 'Departure City' and 'Arrival City' below and then enter the dates that we would like to travel. \pau=1000\When you are done, simply click the 'Next' button!
00458420	unicode	FUN_00631d30	Just in case you forget 
00458458	unicode	FUN_00649290	Enter your search word(s) or phrase:
004584a8	unicode	FUN_00631d30	, purple, web-surfing Gorillas fly for free!
00458518	unicode	FUN_00632390	Hey!  That looks like my advanced options window!
00458580	unicode	FUN_00632390	If you want to enable speech input, click the 'Speech Input' tab.
00458608	unicode	FUN_00636bf0	? We can find a great place for you to lay your head at night!
0045868c	unicode	FUN_00632390	Then, check the 'Characters Listen for Input' option and click 'OK'.
0045871c	unicode	FUN_00632390	You can change many of the ways I interact with you here.
00458794	unicode	FUN_00633000	Just type the name of a site you want to browse to. | OK 
0045880c	unicode	FUN_00648650	TriviaAddOn
00458828	unicode	FUN_00649290	BonziBUDDY Search
00458850	unicode	FUN_00633000	!  Where do you want to go? | What will it be today? | I'd love too! | Let's see if we can find a cool site. | Gladly. | That sounds like fun. | Lay it on me 
00458994	unicode	FUN_006333e0,FUN_006373c0	surprised
004589ac	unicode		, that's what I'm here for! | One second 
00458a04	unicode		, I'm on the move!
00458a30	unicode	FUN_006333e0,FUN_006373c0	!  I see we haven't yet subscribed to \map="Bonzi World"="BonziWORLD"\ Services.
00458ad8	unicode	FUN_006333e0,FUN_006373c0	explain
00458aec	unicode	FUN_006333e0,FUN_006373c0	If we were subscribed to \map="Bonzi World"="BonziWORLD"\ Services, 
00458b7c	unicode	FUN_006340a0	Need a car 
00458b98	unicode		 I'll check into it! | Let's take a look! | One second 
00458c0c	unicode	FUN_006333e0,FUN_006373c0	, I would be able to notify you when your friends are online, and we could send and receive instant messages with them!
00458d00	unicode	FUN_006333e0,FUN_006373c0	alert
00458d10	unicode	FUN_006333e0,FUN_006373c0	Let's check it out!
00458d3c	unicode	FUN_00633940	http://www.bonzi.com/bonzibuddy/b14worldmnu.asp
00458da0	unicode	FUN_00633a30	Welcome to my Calendar!
00458dd4	unicode	FUN_006340a0	MNU_TRAVLCAR
00458df4	unicode	FUN_00633a30	I can help keep you on schedule!  I can track all of your appointments, birthdays, and special events for you.
00458ed8	unicode	FUN_00633a30	I will even remind you when they are near!  If you need help with my Calendar, simply press the 'F1' key at any time.
00458fc8	unicode	FUN_00633a30	FirstCalendar
00458fe8	unicode	FUN_006340a0	? From here we can rent just about any type of car your little heart desires!
00459088	unicode	FUN_006340a0	, this is a rental car. Let's \emp\watch our speed!
004590f4	unicode	FUN_006347d0,FUN_00634e00	!  I see we don't yet have my Download Manager Add-on Module installed.
00459188	unicode		, I'm checking now! | Ok 
004591c0	unicode	FUN_00636440,FUN_00642df0,FUN_00653d20	Hey, 
004591d4	unicode	FUN_006340a0	Simply select the city, and then select the dates on which you would like to 'Pick-Up' and 'Drop-Off' your car. Next, select the car type of your choice! \pau=1000\ When you are done, simply click the 'Next' button!
00459388	unicode	FUN_00636010	. | Until next time my friend!
004593cc	unicode	FUN_006347d0,FUN_00634e00	, I would be able to handle downloading and installing files from the Internet for you, making our browsing time easier and more fun!
004594dc	unicode	FUN_006347d0,FUN_00634e00	Would you like to find out more about my Download Manager Add-on Module now?
0045957c	unicode	FUN_00635200	\bbplayer.exe
0045959c	unicode	FUN_00635200,FUN_0063bfd0,FUN_0063c6d0,FUN_0063cdd0	Wow! 
004595ac	unicode	FUN_00635200	, I can't believe we don't yet have the BonziBUDDY Entertainment Center.  It's a fun and new way to play audio and video on your computer!  Let's check it out!
004596f0	unicode	FUN_00635200	http://www.bonzi.com/bonzibuddy/bb7playmenu.asp
00459754	unicode	FUN_00635660	MailCheck
0045976c	unicode		Hold on 
00459784	unicode	FUN_00635970	In order for me to best help you out in our Internet travels, I need to know how you connect to the Internet.
00459864	unicode	FUN_00636010	I'll miss you, 
00459888	unicode	FUN_00636010	. | Until next time, 
004598b8	unicode	FUN_00636010	. | I hope to come back soon, 
004598fc	unicode	FUN_00636010	. | It hurts me to say goodbye, 
00459944	unicode	FUN_00636440	FactCount
0045995c	unicode	FUN_00636440	.  Would you like to send me to school so that we can learn even more interesting real life facts and trivia? | You know 
00459a54	unicode	FUN_00636440	, it seems that you enjoy my bits of trivia!  We can learn over five hundred new and exciting real life facts and trivia!
00459b4c	unicode	FUN_00636440	, if you think I'm a smart gorilla now, you can further my education with even more interesting real life facts and trivia by sending me to school! | 
00459c80	unicode	FUN_00636bf0	MNU_TRAVLHOTL
00459ca0	unicode	FUN_00636bf0	Need a room 
00459cc0	unicode	FUN_00638040	! So you want to find a book by specific topic or subject?
00459d3c	unicode	FUN_00636bf0	Simply enter the city in which you would like to stay, and then enter the dates on which you would like to 'Check-In' and 'Check-Out'! \pau=1000\When you are done, simply click the 'Next' button!
00459ec8	unicode	FUN_00648650	GetRandomAction
00459eec	unicode	FUN_00648650	SmallTalk
00459f04	unicode	FUN_00648650	Trivia
00459f18	unicode	FUN_00636bf0	We can find every type of hotel, from inexpensive to luxurious!
00459f9c	unicode	FUN_006373c0	HTTP://www.bonzi.com/bonzibuddy/b14worldmenu.asp
0045a004	unicode	FUN_00637a00	MNU_BOOKSRCH
0045a024	unicode	FUN_00637a00	Looking for a book 
0045a050	unicode	FUN_00637a00	? If it's out there, we'll find it!
0045a09c	unicode	FUN_00638040	Great 
0045a0b0	unicode	FUN_00647eb0,FUN_00648280	.nbd
0045a0c8	unicode	FUN_00648650	Joke
0045a0d8	unicode	FUN_00648650	JokeAddOn
0045a0f0	unicode	FUN_00637a00	Simply enter the 'Author' or 'Title' or even the 'Subject' of the book you'd like to find and then click on that little 'Search Now' button.
0045a210	unicode	FUN_00637a00	And as a wise gorilla once said, 'A book today, makes for a smarter tomorrow!'
0045a2b4	unicode	FUN_00638040	MNU_BOOKBRWSE
0045a2d4	unicode	FUN_00638040	\pau=500\Go ahead and take a peek at all of these topics.
0045a34c	unicode	FUN_00638040	When you find a topic you like, simply click on that topic to find out more about it!
0045a3fc	unicode	FUN_00638620	MNU_BOOKBEST
0045a41c	unicode	FUN_00638620	Great! \pau=500\From this page 
0045a460	unicode	FUN_006467b0	dplay2=
0045a474	unicode	FUN_006467b0	bmm=
0045a484	unicode	FUN_006467b0	bmu=
0045a494	unicode	FUN_006467b0	bmp=
0045a4b0	unicode	FUN_00638620	 you and I can stay current on what's moving and shaking in the way of books!
0045a550	unicode	FUN_00638a20	MNU_BOOKCHILD
0045a570	unicode	FUN_00638a20	Alrighty then 
0045a594	unicode	FUN_00638a20	! These are my favorite types of books!
0045a5e8	unicode	FUN_00638a20	\pau=500\For some reason 
0045a620	unicode	FUN_00638a20	, this page brings out the kid in me!
0045a670	unicode	FUN_00638f70	MNU_GIFTFLOWR
0045a694	unicode	FUN_00638f70	! From this page we can get great deals on flowers and gifts for just about every occasion!
0045a750	unicode	FUN_00638f70	! You know there is nothing better than sending your love!
0045a7cc	unicode	FUN_006394a0	MNU_GIFTBASKT
0045a7ec	unicode	FUN_006432d0	\\spd=50\\pit=92\I'm \pit=120\half\pit=100\cray \pit=80\zee,
0045a86c	unicode	FUN_006467b0	idle3_2
0045a880	unicode	FUN_006394a0	! From here we can find gift baskets galore! \pau=1000\Take a look at all these great pre-made gift baskets that we can send!
0045a980	unicode	FUN_006394a0	\pau=500\Just looking at all these goodies is making this little gorilla hungry!
0045aa28	unicode	FUN_006394a0,FUN_00639df0	Idle2_2
0045aa3c	unicode	FUN_00639a10	MNU_GIFTBDAY
0045aa5c	unicode	FUN_006467b0	bms=
0045aa6c	unicode	FUN_00639a10	, do you have a friend or loved one that is having a birthday soon? From here we can find cakes, chocolates, flowers, and even unique gift ideas for them on their very special day!
0045abdc	unicode	FUN_00639df0	MNU_MOVIES
0045ac04	unicode	FUN_006467b0	dfinish=
0045ac1c	unicode	FUN_006467b0	dnum=
0045ac2c	unicode	FUN_006467b0	dtap=
0045ac3c	unicode	FUN_006467b0	dplay=
0045ac50	unicode	FUN_00639df0	, do you want to find a great movie? Check out all these titles we can choose from!
0045acfc	unicode	FUN_00639df0	\pau=1000\ You bring the popcorn and I'll bring the bananas!
0045ad7c	unicode	FUN_0063a380	MNU_MUSIC
0045ad94	unicode	FUN_0063a890	OK, I've got a good one for you. | OK 
0045ade8	unicode	FUN_006467b0	udsize=
0045adfc	unicode	FUN_006467b0	udurl=
0045ae10	unicode	FUN_006467b0	dsay=
0045ae20	unicode	FUN_006467b0	dmsg=
0045ae30	unicode	FUN_0063a380	, I love it when we discover new music! \pau=500\ From here we can find just about every style of music that we desire!
0045af24	unicode	FUN_0063a380	We can use these categories below or we can search by using this little built in search box!
0045afe4	unicode	FUN_006467b0	dsay2=
0045aff8	unicode	FUN_006467b0	durl=
0045b008	unicode	FUN_006467b0	dstart=
0045b01c	unicode	FUN_0063a890	. | OK, here goes. | Sure, I've got a ton of them. | Not a problem. | Anything for you 
0045b0d0	unicode	FUN_0063a890	. | OK, if you're sure.  | A joke? Sure, I've got a funny one. | 
0045b158	unicode	FUN_0063a890	?  I didn't know you liked my jokes so much.
0045b1b8	unicode	FUN_0063a890	JokeCount
0045b1d0	unicode	FUN_006467b0	udsay=
0045b1e4	unicode	FUN_006467b0	udver=
0045b1f8	unicode	FUN_0063a890	, Did you know that you can send me to school to learn over five hundred new jokes? | Well 
0045b2b4	unicode	FUN_0063a890	, since you enjoy my sense of humor so much, there are many many more side splitting funnies that I can throw at you throughout our day! | 
0045b3d0	unicode	FUN_006467b0	udcode=
0045b3e4	unicode	FUN_0063a890	!  I love laughing with you.  How would you like to send me to school to learn hundreds of new side splitting funnies!  We could laugh together for hours! | I see that you have an incredible sense of humor, 
0045b588	unicode	FUN_006467b0	prreg=
0045b59c	unicode	FUN_006467b0	prtap=
0045b5b0	unicode	FUN_006467b0	prplay=
0045b5c4	unicode	FUN_0063a890	.  Maybe you would like to hear some more of my insanely funny jokes! | Getting tired of these 
0045b688	unicode	FUN_0063a890	? I've got hundreds more that I can learn!
0045b6e4	unicode	FUN_0063b3d0,FUN_00657280	more
0045b6f4	unicode	FUN_0063bfd0,FUN_0063c6d0,FUN_0063cdd0	add-ons\storybookreader\
0045b72c	unicode	FUN_0063bfd0,FUN_0063c6d0,FUN_0063cdd0	Path
0045b73c	unicode	FUN_0063bfd0,FUN_0063c6d0,FUN_0063cdd0	BBReader.exe
0045b75c	unicode	FUN_0063bfd0,FUN_0063c6d0,FUN_0063cdd0	add-ons\storybookreader\books
0045b79c	unicode	FUN_0063b600	!  We're on the move! | I love it when we visit our home! | Home is where the heart is! | Home sweet home, here we come! | OK! There's plenty of great things happening at our home! | It's always nice to visit our home! ||||||
0045b964	unicode	FUN_0063bfd0,FUN_0063c6d0,FUN_0063cdd0	 /b:
0045b974	unicode	FUN_006467b0	prsize=
0045b988	unicode	FUN_0063bae0	Let's see if we can answer your questions at my online help site! | I'm sure you'll find the answers to your questions at my online help site. | There are a lot of questions and answers on my online help site that can help us interact.
0045bb70	unicode	FUN_0063bfd0	, I can't believe we don't yet have Bonz and the Internet installed.  It's a fun and exciting adventure story!  Let's check it out!
0045bc88	unicode	FUN_0063c6d0	Bonz and the Polizoof
0045bcb8	unicode	FUN_0063d840	OK!  You're going to love being a registered user of Bonzi Buddy!
0045bd40	unicode	FUN_006467b0	prurl=
0045bd54	unicode	FUN_0063c6d0	, I can't believe we don't yet have Bonz and the Polizoof installed.  It's a fun and exciting adventure story!  Let's check it out!
0045be60	unicode	FUN_0063c6d0,FUN_0063cdd0	http://www.bonzi.com/bonzibuddy/bbstorybookmenu.asp
0045bed8	unicode	FUN_0063cdd0	Bonz and the Treasure Chest
0045bf14	unicode	FUN_006467b0	prdownload=
0045bf30	unicode	FUN_0063cdd0	, I can't believe we don't yet have Bonz and the Treasure Chest installed.  It's a fun and exciting adventure story!  Let's check it out!
0045c048	unicode	FUN_0063d4d0	There is nothing to read.  Browse to a page using the 'Browse' command from my menu first.
0045c104	unicode	FUN_006467b0	prwallet=
0045c11c	unicode	FUN_0063d840	You know, you're already a registered user of Bonzi Buddy!  But, if you want to change or update any of your information, you can enter and submit it now.
0045c258	unicode	FUN_006432d0	\\spd=120\\pit=68\Give \pit=74\me \pit=80\your \pit=68\an, \pit=80\ser \pit=60\true.
0045c308	unicode	FUN_0063e4b0	Well.  What should I call you now? | Wow!  How many names do you have? | Does the IRS know that you're changing your name again?
0045c410	unicode	FUN_0063ed70	, Did you know that you can send me to school to learn twenty five new songs?  Would you like to check it out, 
0045c4f4	unicode	FUN_0063e810	OK! | You name it. | That's what I'm here for! | If it exists, we'll find it. | What would you like to search for? | There's nothing I can't find. | I'll search the world for you 
0045c66c	unicode	FUN_00645630	Here is a little song I learned just for you, 
0045c6d0	unicode	FUN_00645630	hh:mm
0045c6e4	unicode	FUN_0063f280	What would you like me to say?  Type something into my Speak screen and I'll be happy to say it for you!
0045c7bc	unicode	FUN_0063f280	And remember, 
0045c7e0	unicode	FUN_0063f280	, let's keep it clean.
0045c814	unicode	FUN_0063f280	FirstSpeak
0045c830	unicode	FUN_006432d0	\\spd=60\\pit=120\Dai \pit=100\zee, \pit=80\Dai \pit=60\zee
0045c8ac	unicode	FUN_006467b0	prname=
0045c8c0	unicode	FUN_0063fac0	Great!  I love to make new friends, and I'm sure that your friends will love to know \emp\me!
0045c980	unicode	FUN_0063fac0	Because I'm one cool gorilla! As you already know!
0045c9ec	unicode	FUN_0063fac0,FUN_00649290,FUN_0066d240	Idle2_1
0045ca00	unicode	FUN_00642df0	.  Would you like to view the links to these new sites?
0045ca74	unicode	FUN_006432d0	\chr=
0045ca84	unicode	FUN_006432d0	monotone
0045ca9c	unicode	FUN_00640360	Checking for Free updates.  Give me a sec. | Checking for Free updates.  One minute! | Looking for new Free updates.  This will take just a minute. | I'm looking for Free updates right now.  Just a minute.
0045cc3c	unicode	FUN_00640360,FUN_0064b8b0	Hide Show
0045cc54	unicode	FUN_00645630	Exiting Random Action Sub
0045cc90	unicode	FUN_00640360	I've just checked, and there are no new updates for me at this time. | Nothing new right now, but check back often to keep me up to date. | There are no updates for me right now.
0045cdfc	unicode	FUN_00642df0	?  I've just found some cool new sites related to 
0045ce68	unicode	FUN_006467b0	prcode=
0045ce7c	unicode	FUN_00640360	, I'm currently downloading my latest free update for you.  I'll let you know when I'm done!
0045cf3c	unicode	FUN_00640a60	, I was unable to successfully download the complete update file.
0045cfc4	unicode	FUN_00642df0	.  Would you like to view some new links to sites regarding 
0045d044	unicode	FUN_00642df0	? | 
0045d054	unicode	FUN_006467b0	prdesc=
0045d068	unicode	FUN_00640a60	Let's travel to our update site now, and follow the simple instructions there to download this free update together.
0045d158	unicode	FUN_00641a90	BonziBUDDY - Downloading Email
0045d19c	unicode	FUN_00641a90	Downloading Message
0045d1c8	unicode	FUN_00641a90	BonziBUDDY - Checking Email
0045d204	unicode	FUN_00641a90	Checking Message 
0045d22c	unicode	FUN_00641a90	Error: 
0045d240	unicode	FUN_00640a60	, I was unable to determine if there are any updates available for me just now while checking my updates site.  So, let's just travel there now and check for ourselves to see if there is a new, \emp\free update available for me!
0045d410	unicode	FUN_00645630	RandomActionEvent
0045d438	unicode	FUN_00640a60	, I was unable to automatically connect to our updates site to download this free update.  Lets travel there now in our browser, and download it by following the instructions on the web page.
0045d5bc	unicode	FUN_00640a60	?Version=
0045d5d4	unicode	FUN_00640a60	&SBR=
0045d5e4	unicode	FUN_00640a60,FUN_006638c0	&CCode=Purple
0045d614	unicode	FUN_006417d0	Hey!  We don't yet have my Talking Add-on Module Installed.  With this add-on installed, I can understand all of my commands by listening to you speak! It's all so very exciting!  Let's check it out 
0045d7a8	unicode	FUN_006417d0	http://www.bonzi.com/bonzibuddy/bb1talkmenu.asp
0045d80c	unicode	FUN_006432d0	\\spd=115\\pit=68\All \pit=74\for \pit=80\the \pit=80\love \pit=100\of \pit=92\you.
0045d8b8	unicode	FUN_006432d0	\\spd=80\\pit=100\It \pit=112\won't \pit=110\be \pit=92\a \pit=120\sty-\pit=100\lish \pit=92\mare\pit=80\rege.
0045d99c	unicode	FUN_00645630	Entering Random Action Sub
0045d9ec	unicode	FUN_006432d0	\\spd=100\\pit=92\I \pit=100\can't \pit=80\a \pit=68\ford, \pit=80\a \pit=68\care- \pit=60\ridge.
0045dab4	unicode	FUN_006432d0	\\spd=100\\pit=60\But \pit=80\you'll \pit=100\look \pit=92\sweet,
0045db3c	unicode	FUN_006432d0	\\spd=90\\pit=60\Up \pit=80\on \pit=100\the \pit=92\seat.
0045dbb4	unicode	FUN_00645490	DisableTimers
0045dbd4	unicode	FUN_006432d0	\\spd=100\\pit=100\Of \pit=112\a \pit=120\by \pit=100\sic \pit=80\cull \pit=92\built, \pit=60\for \pit=80\two.
0045dcb8	unicode	FUN_006432d0	Thank you, thank you, thank you very much.
0045dd14	unicode	FUN_00644a00,FUN_00668b60	5MinutesAfterLoad
0045dd3c	unicode	FUN_006452f0	EnabledTimer
0045dd5c	unicode	FUN_006452f0	EnableTimers
0045dd7c	unicode	FUN_00645490	DisabledTimer
0045ddb4	unicode	FUN_00649290	Well... I guess I could go back to doing nothing. | I needed the rest anyway.  |  Isn't there anything your interested in?
0045deb0	unicode	FUN_00649290,FUN_0064a800	Searching
0045dec8	unicode	FUN_0064be50	Update File Found
0045def0	unicode	FUN_0064be50	svrupdates.tmp
0045df14	unicode	FUN_0064be50	ServerVersion=
0045df38	unicode	FUN_0064be50	ProductCode=
0045df64	unicode	FUN_00649290	! You know, I can search the web for any topic you may be interested in finding information on.  Just enter a topic if you want to search, or hit 'Cancel' if you don't want to search right now.
0045e0ec	unicode	FUN_0064be50	CheckUpdatesFile
0045e114	unicode	FUN_0064be50	<udver=
0045e128	unicode	FUN_0064be50	<udurl=
0045e13c	unicode		Please download and install the latest version of Microsoft's Internet Explorer from the site HTTP://www.microsoft.com/windows/ie/default.htm.
0045e260	unicode	FUN_0064a800	! Lay a topic or keyword on me first my friend! We'll find everything there is to know about it! | 
0045e32c	unicode	FUN_0064a800	! Simply enter a topic or keyword first and I'll search the world for you my friend! | Anything you like, I can find it! We just need to enter a topic or keyword first!
0045e484	unicode	FUN_0064b8b0	http://bonzi.com
0045e4ac	unicode	FUN_0064b8b0	http://bonzi.com/
0045e4d4	unicode	FUN_0064be50	CheckingUpdatesFileOnServer
0045e510	unicode	FUN_0064be50	UpdateInProgress, SkippingUpdateCheck
0045e560	unicode	FUN_0064cc30	CheckingProductFileOnServer
0045e5c4	unicode	FUN_0064cc30	svrprod.tmp
0045e5e0	unicode	FUN_0064cc30,FUN_006560f0	ProductsHeard
0045e600	unicode	FUN_0064cc30	Why don't we check it out 
0045e63c	unicode	FUN_0064cc30	UpdateInProgress, SkippingProductCheck
0045e690	unicode	FUN_0064e0a0	GettingDailyFileFromServer
0045e6cc	unicode	FUN_0064e0a0	GetDailyFile(
0045e6ec	unicode	FUN_0064e0a0	UpdateInProgress, SkippingGetDaily
0045e738	unicode	FUN_0064e0a0	GetDailyFile
0045e758	unicode	FUN_0064e9c0	ReadingLocalDailyFile
0045e7b8	unicode	FUN_0064f8b0	0.0.0
0045e7c8	unicode	FUN_0064f8b0	NewVersion
0045e7e4	unicode	FUN_0064f8b0	Wow 
0045e7f4	unicode	FUN_0064f8b0	! | Good News 
0045e818	unicode	FUN_0064f8b0	If you like, I can automatically update myself with this Free new version!
0045e8b4	unicode	FUN_0064f8b0	, would you like me to update myself now?
0045e90c	unicode	FUN_006509c0	LookDown
0045e924	unicode	00651553	I encountered an error while trying to download the update.  The error is: 
0045e9c0	unicode	0065156e	.  Don't worry!  I'll try again for you later.
0045ea24	unicode	FUN_006516c0	mm/dd
0045ea34	unicode	FUN_006516c0	Secretaries Day! Make sure you send flowers!
0045ea94	unicode	FUN_006516c0	Happy New Year's Day!  Have you made your new year's resolutions yet?
0045eb24	unicode	FUN_006516c0	Monday
0045eb38	unicode	FUN_006516c0	Did you know that today is Martin Luther King Jr. Day?  In honor of Martin Luther King Jr., a brilliant and courageous civil rights leader in the 60's.
0045ec6c	unicode	FUN_006516c0	, today is GroundHog day.  I sure hope that little critter doesn't forecast more winter.
0045ed24	unicode	FUN_006516c0	Happy Valentine's day, 
0045ed58	unicode	FUN_006516c0	.  Will you be my Valentine?
0045ed98	unicode	FUN_006516c0	Today is your birthday! Happy Birthday 
0045edec	unicode	FUN_006516c0	! \pau=2000\
0045ee0c	unicode	FUN_006516c0	April Fools!
0045ee2c	unicode	FUN_006516c0	Isn't today President's Day?  That means that this is the observed birtday of America's founding father, George Washington.
0045ef28	unicode	FUN_006516c0	Oh my green eggs and ham!  It's St. Patrick's Day.  Hope you're wearing green today!
0045efd8	unicode	FUN_0065a960	Downloading Update, Exiting Timer
0045f020	unicode	FUN_006516c0	Throw your aerosol cans and ride your bike to work, because today is Earth Day!
0045f0c4	unicode	FUN_006516c0	Sunday
0045f0d8	unicode	FUN_006516c0	Wow, it is Mothers Day! One of the most important days of the year! Have you called Mom yet?
0045f198	unicode	FUN_006516c0	Today is Memorial Day.
0045f1cc	unicode	FUN_006562c0	 key.
0045f1dc	unicode	FUN_006516c0	Father's Day is happening all day today! Try to get your dad something a little more original than that silly tie you got him last year!
0045f2f4	unicode	FUN_006516c0	Today is American Independence Day! America is celebrating its freedom!
0045f388	unicode	FUN_00655bd0,FUN_00655fa0	Products
0045f3a0	unicode	FUN_006562c0	VR Explained
0045f3c0	unicode	FUN_006516c0	Holiday! Holiday! Today is Labor Day! Are you staying home from work?
0045f450	unicode	FUN_006516c0	, Did you know that today is Columbus Day?
0045f4ac	unicode	FUN_006516c0	Happy Thanksgiving! Boy am I glad I'm not a turkey!
0045f518	unicode	FUN_006516c0	Happy Hanukkah! Today is the first day of Hanukkah!
0045f584	unicode	FUN_00655bd0	Intruder ALERT
0045f5ac	unicode	FUN_006516c0	On this day in 1492, Christopher Columbus and his crew arrived at an island in the Bahamas inhabited by the Arawak Indians. When Columbus and his sailors came ashore, the Arawaks ran to greet them, bringing food and gifts.
0045f770	unicode	FUN_006516c0	!  Seasons Greeting!
0045f7a4	unicode	FUN_006516c0	\chr="whisper"\\spd=100\\pit=50\This is the scariest voice I could come up with for Halloween.  Trick or Treat! And a fright filled All Hallows Eve to you...
0045f8e4	unicode	FUN_006516c0	\chr="whisper"\ Got any cough drops?
0045f934	unicode	FUN_006516c0	Thursday
0045f94c	unicode	FUN_006516c0	Ho Ho Ho! Merry Christmas 
0045f988	unicode	FUN_00653d20	! Quick Reminder. | Wow! I almost forgot! | Don't forget! | Reminder! Reminder! 1000 forty niner!
0045fa50	unicode	FUN_00653d20	 is scheduled for, or due on 
0045fa90	unicode	FUN_00653d20	, it's 
0045faa4	unicode	FUN_00653d20	h:mm AM/PM
0045fac0	unicode	FUN_00653d20	.  You asked me to remind you about '
0045fb1c	unicode	FUN_00655bd0	Voice E-Mail
0045fb54	unicode	FUN_006562c0	rundll32.exe shell32.dll,Control_RunDLL speech.cpl,,0
0045fbc4	unicode	FUN_006562c0	Hey!  Let me tell you a little about my Talking Add-On Module!  You can talk to me and give me voice commands when I'm listening to you.  You can make me listen to you by pressing the 
0045fd3c	unicode	FUN_006562c0	You'll know when I'm listening to you when the listening tip displayed just below me says that I'm listening for Bonzi Buddy commands.
0045fe50	unicode	FUN_006562c0	To help me understand your voice well, you should train your voice to my speech recognition system.
0045ff1c	unicode	FUN_006562c0	Sometimes, I'll ask you questions, which you can answer by saying 'Yes' or 'No'. To get a list of voice commands that I can recognize, click on me and select 'Talk to Me' on the 'Interact with Me' tab.
004600b4	unicode	FUN_0065a960	tmrCharacterAction_Timer
004600ec	unicode	FUN_00671110	?loc=mnu_travel
00460110	unicode	FUN_006562c0	To do this, select the 'Microsoft Speech Recognition Engine' in the Speech Properties window.\pau=3000\ 
004601e8	unicode	FUN_006562c0	Then click on the 'Training' button. \pau=3000\  From there, follow the instructions to train your voice to my system.
004602dc	unicode	FUN_006562c0	Once this is done, I'll be able to better understand you!
00460354	unicode	FUN_006562c0	You may also adjust your microphone settings by clicking on the 'Adjust Microphone Settings' button.\pau=2000\
00460438	unicode	FUN_00657280	! Boy did I need that rest! ||||||
00460484	unicode	FUN_0065a5b0	played stop, and restpose
004604bc	unicode	FUN_006562c0	Setting a good microphone volume level is important for me to better hear you!
00460560	unicode	FUN_006562c0	Can't wait to hear from you!
004605a0	unicode	FUN_00657280	, if you ever feel like I am talking too much, \pau=500\you can have me take a nap by pressing the '
00460670	unicode	FUN_0065a5b0,FUN_0066b030	exiting routine
00460694	unicode	FUN_006562c0	Hey!  We don't yet have my Talking Add-on Module Installed.  With this add-on installed, I can understand your spoken commands!  Let's check it out 
004607c4	unicode	FUN_00657280	BeenRelaxedBefore
004607ec	unicode	FUN_00657280	' key on your keyboard and I will be more than happy to take a break!
0046087c	unicode	FUN_00657280	Oh Yeah!, I almost forgot! Don't worry about your appointments, incoming E-mail, or any late breaking news or enhancements! I will wake up and keep you posted! I'm \emp\never late for an appointment!
00460a10	unicode	FUN_00657280	! | That was a nice nap! | Reporting for duty 
00460a74	unicode	FUN_00657280	, I'll just be here if you need me. | I'll just be snoozing over here if you need me! | I'll try not to snore! | Go ahead and wake me if you need me! | Nap time! I could sure use the break! | I'll be right here for you 
00460c30	unicode	FUN_00657280	! | Thanks for the break 
00460c6c	unicode	FUN_00657280	! Go ahead and wake me at anytime! | Let me know when you need me for something my friend! | Nothing like a good power nap!
00460d68	unicode	FUN_00657280	That was a refreshing break! I feel ready to take on the world! | Ready for action 
00460e14	unicode	FUN_00657280	! | Anything for you 
00460e44	unicode	FUN_0065a960	Entering
00460e5c	unicode	FUN_00658380,FUN_00658be0,FUN_00659070	Software\Microsoft\Windows\CurrentVersion\Internet Settings
00460ed8	unicode	FUN_00658380	EnableAutodial
00460efc	unicode	FUN_00658be0	NoNetAutodial
00460f1c	unicode	FUN_00659070	EnableSecurityCheck
00460f48	unicode	FUN_00659910	debugdata.txt
00460f68	unicode	0065a46f	DisplayDebugData Error Routine:  
00460fb0	unicode	FUN_0065a5b0	entering routine
00460fd8	unicode	FUN_0065a5b0	mnuWriteEmail_Click
00461004	unicode	FUN_0065a5b0	turned off DND
00461028	unicode	FUN_0065a960	.  Did you know that you can click on my tummy with your \emp\mouse button at any time to access my menu!  Why don't you try it now!
00461138	unicode	FUN_0065a960	IgnoreEvents := False in 
00461170	unicode	FUN_0065a960	 minutes.
00461188	unicode	FUN_0065a960	IsConnected=True
004611b0	unicode	FUN_0065a960	trmCharacterAction_Timer
004611e8	unicode	FUN_0065a960	Character Stop
00461210	unicode	FUN_0065a960	IgnoreEventsGetFalseInXMinutes = 
00461258	unicode	FUN_0065a960	tmrCharacterAction
00461284	unicode	FUN_0065a960	No Calander Event
004612ac	unicode	FUN_0065a960	Story Reader is NOT Running
004612e8	unicode	FUN_0065a960	Not ConnectedEvent
00461314	unicode	FUN_0065a960	Player is NOT Running
00461344	unicode	FUN_0065a960	Not CheckDailyFileEvent
00461378	unicode	FUN_0065a960	Exiting
0046138c	unicode	FUN_0065bd60	ConnectProblem
004613b0	unicode	FUN_0065bd60	?\pau=1000\
004613cc	unicode	FUN_0065bd60	For some reason I am having trouble communicating with the Internet! In order for us to browse, search, and travel the Internet together, we need to update our version of Microsoft's Internet Explorer. 
00461568	unicode	FUN_0065d480	hh:mm AMPM
00461580	unicode	FUN_0065d480	BodyText
00461598	unicode	FUN_00671030	?loc=mnu_sports
004615bc	unicode	FUN_0065bd60	We can go to Microsoft's download site now and download the latest version of Internet Explorer. This should fix the problem! Would you like me to take us there now?
0046170c	unicode		IgnoreEvents = 
00461730	unicode		tmrIgnoreEvents_Timer
00461760	unicode		m_blnDownloadInProgress = 
0046179c	unicode	FUN_0065bd60	For some reason I am having trouble communicating with the Internet! In order for us to browse, search, and travel the Internet together, we need to update our version of Microsoft's Internet Explorer.  We can go to Microsoft's download site now and download the latest version of Internet Explorer. This should fix the problem! Would you like me to take us there now?
00461a84	unicode	FUN_0065cbd0	Enabling tmrCharacterAction (inactive 15 min)
00461ae4	unicode	0065d0c2,FUN_0065cbd0	tmrWakeUp_Timer
00461b08	unicode	FUN_0065cbd0	Setting g_blnIgnoreEvents to Fals (true for 15 min)
00461b74	unicode	0065d0d0	Error:  
00461b8c	unicode		 in routine:  tmrWakeUp_Timer
00461bd8	unicode	FUN_0065d480	 is from: \ctx="email"\ 
00461c0c	unicode	FUN_0065d480	Date
00461c1c	unicode	FUN_0065d480	The message was created on: 
00461c60	unicode	FUN_0065d480	Some of the information that I need to check your E-Mail for you is missing.  Please make sure you enter your Mail Server, User Name, and Password on my E-Mail Options screen.
00461de0	unicode	FUN_0065d480	bbmail.tmp
00461dfc	unicode	FUN_0065d480	MailCheckFull
00461e1c	unicode	FUN_0065d480	Message number 
00461e40	unicode	FUN_0065d480	! We just received an e-mail message! | We just received a new e-mail message! | E-Mail! E-Mail! Wow, someone is sure popular today! | 
00461f54	unicode	FUN_0065d480	, I just found a new e-mail message! | I just found 1 new e-mail message!
00461fec	unicode	FUN_0065d480	! We just received 
00462018	unicode	FUN_0065d480	, at 
00462028	unicode	FUN_0065d480	 new e-mail messages! | E-Mail! E-Mail! Wow, someone is sure popular today! We just received 
004620e8	unicode	FUN_0065d480	 new messages! | 
00462110	unicode	FUN_0065d480	, I just found  
00462138	unicode	FUN_0065d480	 new e-mail messages!
00462168	unicode	FUN_0065d480	MailNext
0046217c	unicode	FUN_0065d480	FromAddr
00462190	unicode	FUN_0065d480	From
004621a0	unicode	FUN_0065d480	The message is from: \ctx="email"\ 
004621ec	unicode	FUN_0065d480,FUN_0066c410	Long Date
00462204	unicode	FUN_0065d480	The subject of the message from \ctx="email"\ 
00462274	unicode	FUN_0065d480	Subject
00462288	unicode	FUN_0065d480	 | It is regarding: \pit=200\
004622c8	unicode	FUN_0065d480	 | With a subject of: \pit=200\
0046230c	unicode	FUN_0065d480	 | The subject reads: \pit=200\
00462350	unicode	FUN_0065d480	, would you like me to read message 
004623a0	unicode	FUN_0065d480	 from 
004623b4	unicode	FUN_0065d480	 for you now?
004623d4	unicode	FUN_0065d480	Would you like for me to read this message for you now? | Would you like to hear this message now? | Should I read this message for you? | Would you like to hear what 
00462528	unicode	FUN_0065d480	 has to say? | Should I read it for you 
0046257c	unicode	FUN_0065d480	DownloadMessage
004625a0	unicode	FUN_0065d480	MailRead
004625b8	unicode	FUN_0065d480	The E-Mail says: | It reads: | Here it is: | 
00462618	unicode	FUN_0065d480	 wrote: 
00462630	unicode	FUN_0065d480	Oh!  Well, this message has no text in it.  I guess 
004626a0	unicode	FUN_0065d480	 didn't actually have much to say.
004626e8	unicode	FUN_0065d480,FUN_00662d00	Attachments
00462704	unicode	FUN_0065d480	The message contains the attachment: 
00462750	unicode	FUN_0065d480,FUN_00662d00	Filename
00462768	unicode	FUN_0066b970	Not Installed
00462788	unicode	FUN_0065d480	This message contains the attachments: 
004627dc	unicode	FUN_0065d480,FUN_00662d00	MailReturn
004627f8	unicode	FUN_0065d480	MailCheckEmpty
0046281c	unicode	FUN_0065d480	I've just checked and did not find any new mail messages at this time. | Nothing new in our mailbox for now 
004628fc	unicode	FUN_00663760	StoryReaderIsRunningAndPlaying
00462940	unicode	FUN_00665f30	SetRandomIdleState
00462970	unicode	FUN_0065d480	. | We have no new mail messages at this time. I will keep checking back! | It appears that there is nothing we have not already heard.
00462a84	unicode	FUN_0065d480	Our mailbox appears to be empty for now 
00462adc	unicode	FUN_00663760	StoryReader IS running&playing
00462b40	unicode	FUN_0065d480	! | Our mailbox is empty for now, but I will keep checking back! | The postmaster must be very busy today, we have not received anything new! | Nothing new in our mailbox for now 
00462cac	unicode	FUN_00663600	BBPlayerIsRunningAndPlaying
00462ce8	unicode	FUN_00663600	BBPlayer is NOT running&playing
00462d2c	unicode	FUN_0065d480	There was an error while connecting to our mail server. Please check and verify our e-mail settings by clicking on 'Settings' under 'My Options' on my menu and then clicking on the 'E-Mail Account' tab.
00462ec8	unicode	FUN_00663600	BBPlayer IS running&playing
00462f04	unicode	FUN_0065d480	It seems that the User Name we are using to check e-mail is incorrect. We can change it by clicking on 'Settings' under 'My Options' on my menu and then clicking on the 'E-Mail Account' tab.
00463088	unicode	FUN_00662d00	I can't seem to open this BonziMESSAGE.
004630dc	unicode	FUN_0065d480	It seems that either the User Name or Password we are using to check e-mail is incorrect. We can change it by clicking on 'Settings' under 'My Options' on my menu and then clicking on the 'E-Mail Account' tab.
00463284	unicode	FUN_00662d00,FUN_00664700	The message reads:
004632b0	unicode	FUN_0066b970	 - Installed
004632d0	unicode	FUN_0065d480	, I am receiving an error while connecting to our mail server. Please check and verify our e-mail settings by clicking on 'Settings' under 'My Options' on my menu and then clicking on the 'E-Mail Account' tab.
00463478	unicode	FUN_00662d00	BonziMESSAGE.BMS
0046349c	unicode	FUN_00662d00	Save
004634ac	unicode	FUN_00663760	StoryReader is NOT running&playing
004634f8	unicode	FUN_006638c0	?RegNum=
00463510	unicode	FUN_006638c0	&Ver=
00463528	unicode	FUN_006638c0	BB1=YES&
00463540	unicode	FUN_006638c0	BB2=YES&
00463558	unicode	FUN_006638c0	BB3=YES&
00463570	unicode	FUN_006638c0	BB4=YES&
00463588	unicode	FUN_006638c0	BB5=YES&
004635a0	unicode	FUN_006638c0	BB6=YES&
004635b8	unicode	FUN_006638c0	BB7=YES&
004635d0	unicode	FUN_006638c0	BB8=YES&
004635e8	unicode	FUN_006638c0	BB9=YES&
00463600	unicode	FUN_006638c0	B10=YES&
00463618	unicode	FUN_006638c0	B14=YES&
00463630	unicode	FUN_00664e90	\DefaultIcon
00463650	unicode	FUN_00665f30	Idle3_2
00463668	unicode	FUN_00666080	 is in use by another program.  Please select another key as the 'Relax Mode' Hotkey.
00463718	unicode	FUN_00666080	, I just noticed that the 'Sleep' Hotkey, '
00463774	unicode	FUN_00666080	' is currently not available. This may occur when another program is already using the '
0046382c	unicode	FUN_00667b80	Msagent\CHARS\
00463850	unicode	FUN_00666080	' key. This is not a problem though 
004638a0	unicode	FUN_00666080	, we can always go into 'Sleep Mode' by clicking on my tummy and selecting 'Sleep' from my menu.
00463974	unicode	FUN_00667120	Relax Mode
00463a14	unicode	FUN_00667b80	C:\WINDOWS\Msagent\CHARS\Bonzi.acs
00463a60	unicode	FUN_00667b80	Peedy
00463a70	unicode	FUN_00667b80	Peedy.acs
00463a88	unicode	FUN_00667b80	ToldAboutBonzi
00463aac	unicode	FUN_00667b80	, have you ever met a purple gorilla? \pau=1000\ Well now is your chance!
00463b44	unicode	FUN_00667b80	, you still haven't met my new friend, Bonzi.  He can't wait to become friends with you!
00463bfc	unicode	FUN_00667b80	I've just learned that there is a \emp\free, exciting new update available for us that introduces you to a great new friend of mine!
00463d0c	unicode	FUN_00667b80	, \pau=500\you just may hug your monitor!
00463d64	unicode	FUN_00667b80	I just know you're going to love our new web surfing friend, Bonzi!
00463df0	unicode	FUN_00667b80	His name is Bonzi, and he is the \map="\emp\cuoo test"="cutest"\ little purple gorilla I've ever seen! \pau=500\  Not that I've seen many of them.
00463f1c	unicode	FUN_00667b80	When he surfs onto your screen on his banana-colored surf board, \pau=500\well 
00463fbc	string		__vbaHresultCheckNonvirt
00463fdc	unicode	FUN_00667b80	Would you like for me to introduce you to Bonzi right now?
00464058	unicode	FUN_00667b80	, if you want to download this update, simply click on 'Update Me' from my menu!  Bonzi is just waiting to meet you!
00464148	unicode		Hey!  Who's calling LoadBonz with intStep equal to 
004641c4	unicode	FUN_00668b60	It seems that you don't have your BonziBUDDY character file installed properly.  Please visit HTTP://www.bonzi.com to download and install this character.
0046432c	unicode	FUN_00668b60	{D8905400-B5C8-11d0-B968-0020AFDB1B9C}
0046437c	string		__vbaNextEachCollAd
00464390	string		__vbaForEachCollAd
004643a8	unicode	FUN_00668b60	, I just noticed we still have files in our 'Download Manager' that either have not been completely downloaded or installed.  Would you like me to show you these files now?
00464508	unicode	FUN_0066aaa0	ExplainedTravelReservations
00464544	unicode	FUN_0066aaa0	Up Up and away 
00464568	unicode	FUN_0066aaa0	!\pau=1000\
00464580	string		__vbaVarCmpGe
00464594	unicode	FUN_0066aaa0	I bet you didn't know that this little gorilla used to work as a Travel Agent!
00464638	unicode	FUN_0066aaa0	With my very cool connections at \ctx="email"\Priceline.com,\rst\ we can get great deals and discounts on airline tickets and travel arrangments!
00464760	unicode	FUN_0066b3c0	playercontent.htm
00464788	unicode	FUN_0066aaa0	We can even handle booking our hotel and car rentals if we like!
00464810	unicode	FUN_0066b030	checking registry for email address
00464890	unicode	FUN_0066b030	about to display frmEmailConfirm modal
004648e4	unicode	FUN_0066b3c0	http://www.bonzi.com/bonzibuddy/bbplayeroffline.htm
00464958	string		__vbaVarCmpLe
0046496c	unicode	FUN_0066c810	! Let's surf\emp\! Simply enter a URL or web site first and I will be happy to take us there! | Did somebody say \emp\surf? Lay a web site or URL on me first and I will be happy to take us there! | Surf's \emp\up! We just need to enter a web site or URL first. There is not a spot on the Internet my 'Banana Surf Board' can't take us to!
00464c6c	unicode	FUN_0066d240	I'm sure your friends will \emp\love you for sending them their own Free BonziBUDDY! \emp\You have such a big heart 
00464d5c	unicode	FUN_0066d240	 and that's \emp\just what I love about you!
00464dbc	unicode	FUN_0066d240	PleasedSoft
00464dd8	unicode	FUN_00670f50	?loc=mnu_shopping
00464e00	unicode	FUN_0066d240	This e-mail message will entitle you to a FREE copy of my new found friend, BonziBUDDY!   BonziBUDDY is an interactive gorilla that travels the Internet as your sidekick, speaking, singing, laughing and learning from you over time!  He can even send and receive animated talking e-mail!  BonziBUDDY retails for $40.00, but for a limited time, you can download your own copy of BonziBUDDY - FREE!
0046511c	unicode	FUN_0066d240	If you like, simply enter 3 more friends now, and I will take care of sending them a Free gift as well!
004651f0	unicode	FUN_0066d240	Let's enter at least one email address in the fields below.
0046526c	unicode	FUN_00670c10	?loc=mnu_finance
00465294	unicode	FUN_00670cf0	?loc=mnu_games
004652b8	unicode	FUN_00670e70	?loc=mnu_entertainment
0046534c	string		FToolTip
00465359	string		ToolTip
00465394	string		tmrToolTip
00465414	string		frmMusicLicense
0046545c	string		lblMusic
004654f0	string		frmAddressProperties
00465509	string		Address Book Entry
00465578	string		cmdCancel
00465586	string		&Cancel
004655a5	string		txtAddress
004655c6	string		txtName
004655ef	string		E-Mail Address:
00465616	string		Label1
00465621	string		Name:
0046569c	string		ppAppearance
004656ad	string		Appearance
004656db	string		cboDateTipFormat
004656f9	string		cboDateTipFormat
0046573e	string		chkDateTipEnabled
00465754	string		Date Tip Enabled
0046577c	string		cboDayFormat
004657ca	string		cboStartOfWeek
004657f8	string		chkDisplayDOW
0046580a	string		Display Days Of Week
00465836	string		cboStyle
00465858	string		cboLineStyle
00465880	string		Labels
0046588b	string		Date Tip Format:
004658ba	string		Labels
004658c5	string		Day Name Format:
004658f4	string		Labels
004658ff	string		Start Of Week:
0046592c	string		lblGeneral
0046593b	string		Calendar Style:
00465969	string		lblGeneral
00465978	string		Line Style:
00465a00	string		frmDownloaderOptions
00465a19	string		Bonzi's Download Manager - Options
00465a72	string		fraOptions1
00465a82	string		Downloading Options
00465aab	string		chkIntegrate
00465abc	string		Integrate Download Manager with Internet Explorer
00465b03	string		chkNotify
00465b11	string		Notify Me on Startup of Files to Download or Install
00465b5b	string		chkAutoRun
00465b6a	string		Launch or Install File After Download Completes
00465baf	string		chkPromptSave
00465bc1	string		Prompt for a File Name Before Downloading
00465c03	string		picOptions
00465c30	string		fraSample4
00465c3f	string		Sample 4
00465c60	string		picOptions
00465c8d	string		fraSample3
00465c9c	string		Sample 3
00465cbd	string		picOptions
00465cea	string		fraSample2
00465cf9	string		Sample 2
00465d18	string		cmdCancel
00465d26	string		&Cancel
00465dc8	string		frmAddressBook
00465de5	string		 - Address Book
00465e2e	string		fraControls
00465e5c	string		lstAddresses
00465ea6	string		cmdCancel
00465eb4	string		Cancel
00465f4f	string		cmdProperties
00465fc6	string		cmdDelete
00465fd4	string		&Delete
00465ff1	string		cmdImport
00465fff	string		&Import Addresses
00466026	string		Label1
00466031	string		Message Recipients:
00466067	string		Contact List:
0046608d	string		fraMeter
004660b8	string		prgProgress
004660c7	string		MSComctlLib.ProgressBar
00466158	string		Importing Addresses from Outlook...
004661f4	string		frmConnectionType
0046620a	string		How should we connect to the Internet?
004666cd	string		fraConnectType
004666e0	string		Select Our Internet Connection Type:
0046671a	string		optLAN
00466725	string		Always connected to the Internet (LAN, T1, ISDN, Cable Modem, etc.)
00466789	string		Using America Online (AOL)
004667b9	string		optModem
004667c6	string		Using a dial-up modem
00466800	string		In order for me to best help you in our Internet travels together, I need to know how we connect to the Internet.  Select the option below which describes how we connect to the Internet.  
00466930	string		CalendarVB
00466960	string		ppAppearance
0046696f	string		StandardFont
0046697e	string		StandardColor
0046698e	string		StandardPicture
004669a7	string		tmrResize
004669cc	string		ctlFocus
00466a0c	string		cboPeriod
00466a2f	string		imgIcon
00466d58	string		mnuPopup
00466d67	string		PopupMenu
00466d7c	string		mnuNextPeriod
00466d8e	string		Next Period
00466da3	string		mnuPrevPeriod
00466db5	string		Previous Period
00466dce	string		mnuCalendarType
00466de2	string		Calendar Types
00466dfc	string		mnuCalTypeMonth
00466e10	string		Month
00466e1f	string		mnuCalTypePeriod
00466e34	string		Period
00466e44	string		mnuCalTypeWeek
00466e66	string		mnuCalendarStyle
00466e7b	string		Calendar Style
00466e95	string		mnuStyleNoLine
00466ea8	string		No Line
00466eb9	string		mnuStyle3D
00466ed4	string		mnuStyleFlat
00466ef3	string		mnuStyleSunken
00466f06	string		Sunken
004670e0	string		frmEmailQueue
004670f2	string		BonziBUDDY Message Queue
0046720c	string		wwwwwwwwwwwwwp
0046733c	string		wwwwwwwwwwwwwp
00467583	string		InetCtlsObjects.Inet
00467615	string		cmdRetry
00467622	string		&Retry
0046763e	string		cmdSend
00467669	string		tmrReloadMsgs
00467692	string		cmdClose
0046769f	string		&Close
004676bd	string		lviewQueue
004676cb	string		MSComctlLib.ListView
0046779a	string		Subject
004677c2	string		Created
004677ea	string		Send Attempts
00467809	string		UTDNSLibCtl.DNS
004678ac	string		frmInput
004681e1	string		cmdCancel
004681ef	string		&Cancel
0046820c	string		fraQuestion
0046822e	string		txtAnswer
00468251	string		lblDescription
004682d4	string		frmProgress
004682e4	string		BonziBUDDY Update Progress
00468bfa	string		fraProgress
00468c0a	string		Update Progress
00468c38	string		MSComctlLib.ProgressBar
00468d20	string		frmSpeak
00468d2d	string		Speak Bonzi, Speak!
0046963c	string		cmdCancel
0046964a	string		&Cancel
00469667	string		cmdSpeak
0046969f	string		Bonzi Says:
004696c0	string		txtSpeak
004696e4	string		lblDescription
004696f7	string		What would you like me to say? Type something below and I will be happy to say it for you. Press F1 at any time if you need help.
004697ec	string		frmAddFile
004697fb	string		Add File to Download List
00469c8c	string		fraAddFile
00469c9b	string		File Information
00469cde	string		txtDescription
00469d0e	string		File URL (Internet Address)
00469d41	string		lblDescription
00469d54	string		File Description
00469d7d	string		CancelButton
00469d8e	string		Cancel
00469dac	string		OKButton
00469dd3	string		imgInstruction
0046a238	string		lblInstruction
0046a24b	string		Enter or change the location (URL) of the file to add to the download list.  You can also enter a description for the file.
0046a33c	string		frmEmailConfirm
0046a35a	string		 - E-Mail Adress Confirmation
0046ac80	string		E-Mail Address Confirmation:
0046ad2d	string		txtAddress
0046ad4e	string		txtAddressConfirm
0046ad76	string		cmdCancel
0046ad84	string		Cancel
0046add1	string		E-Mail Address:
0046adf8	string		Label1
0046ae03	string		Re-Enter E-Mail Address:
0046ae94	string		frmNBProgress
0046aea6	string		Optimizing Internet Connection...
0046af90	string		wwwwwwwww
0046b35d	string		fraOptimize
0046b36d	string		Optimizing Your Internet Connection for a LAN...
0046b3b3	string		ProgressBar1
0046b3c3	string		MSComctlLib.ProgressBar
0046b449	string		imgOptimize2
0046b518	string		wwwwwwwww
0046b8ac	string		imgOptimize1
0046ba8c	string		frmAppointment
0046ba9f	string		Add New Appointment or Task
0046c3dc	string		cmdDelete
0046c3ea	string		&Cancel
0046c412	string		Appointment or Task
0046c43b	string		txtDatePicker
0046c46d	string		fraDivider
0046c48e	string		cboDueHour
0046c4b8	string		cboDueAMPM
0046c549	string		chkRemind
0046c557	string		Reminder:
0046c581	string		Time:
0046c59e	string		lblReminderTime
0046c5ce	string		Label1
0046c5d9	string		Enter or edit the appointment or task below and select the appointment time.  If you like, select a reminder time and I will remind you of your appointment in advance.
0046c6f4	string		frmDialog
0046c702	string		BonziBUDDY
0046d00c	string		chkStopIt
0046d01a	string		Don't Prompt Me Again
0046d045	string		CancelButton
0046d06f	string		OKButton
0046d4f3	string		lblPrompt
0046d574	string		frmBBIMDialog
0046d591	string		 Logon Password Required
0046e421	string		txtPass
0046e446	string		CancelButton
0046e457	string		Cancel
0046e475	string		OKButton
0046e49c	string		lblEnterPassword
0046e4b1	string		Please enter your logon password.
0046e548	string		frmBBIMReverseList
0046e55f	string		Who has added me as a friend?
0046f3f4	string		fraReverse
0046f403	string		These users have me listed:
0046f434	string		lstReverse
0046f44f	string		Right-click on a user in this list for options.
0046f489	string		OKButton
0046f496	string		&Close
0046f4b5	string		mnuListPopUp
0046f4d4	string		mnuAddFriend
0046f4e5	string		&Add to My Friends List
0046f51f	string		mnuProperties
0046f531	string		&Properties
0046f5a8	string		frmBBIMUserProperties
0046f5cd	string		 User Properties
00470457	string		Picture1
0047047b	string		fraProperties
0047048d	string		About the selected user
004704ba	string		lbltxtName
004704dd	string		lbltxtEmail
00470501	string		lbltxtStatus
00470532	string		Name:
0047054f	string		lblEmail
0047055c	string		Email Address:
00470582	string		lblStatus
00470590	string		Status:
004705b1	string		cmdClose
004705be	string		&Close
00470638	string		frmMailSetup
00470649	string		Bonzi's E-Mail Reader - Options
00470f64	string		fraUserInfo
00470f74	string		E-Mail Server Account Information:
00470fac	string		txtServerSMTP
00470fd0	string		txtAddress
00470ff3	string		cmdTest
00470fff	string		&Test
0047101a	string		txtServer
0047103a	string		txtPass
0047105f	string		txtName
0047107d	string		lblServerSMTP
0047108f	string		Outgoing Mail Server (SMTP):
004710c3	string		lblAddress
004710d2	string		E-mail Address:
004710f9	string		imgMail
00471220	string		wwwwwwwwwwww
00471557	string		lblServer
00471565	string		Incoming Mail Server (POP3):
004715a5	string		Password:
004715d2	string		Account Name:
004715f7	string		lblDescAcct
00471607	string		Please enter your E-Mail Server account information below.
00471658	string		fraInterval
00471668	string		Check/Read E-Mail Time Interval:
0047169e	string		txtCheckInterval
004716ca	string		imgInterval
004719f4	string		lblInterval2
00471a05	string		minute(s).
00471a27	string		lblInterval1
00471a38	string		Check for new mail every
00471a74	string		I can automatically check and read new e-mail messages for you. From here, you can adjust how often you would like me to check and read you new mail messages.
00471b29	string		cmdSave
00471b52	string		cmdCancel
00471b60	string		&Cancel
00471b7f	string		tabMailOptions
00471b91	string		MSComctlLib.TabStrip
00471c33	unicode		UserInfo
00471c67	unicode		Interval
00471cec	string		frmAgent
00471cf9	string		BonziBUDDY
004725ff	string		tmrWakeUp
00472624	string		tmrCharacterMove
00472650	string		lstRandomizer
00472676	string		tmrUnload
0047269b	string		tmrIgnoreEvents
004726c4	string		txtDebugData
004726ef	string		tmrCharacterAction
0047271b	string		RegiCon1
00472727	string		RegistryControl.RegiCon
004727cb	string		wsConnected
004727da	string		MSWinsockLib.Winsock
00472833	string		InetReReg
00472840	string		InetCtlsObjects.Inet
004728c2	string		InetCtlsObjects.Inet
0047292d	string		Agent1
00472937	string		AgentObjectsCtl.Agent
00472976	string		mnuPopup
00472985	string		PopUpMenu
0047299a	string		mnuMyHome
004729a8	string		My Home
004729b9	string		mnuBrowse
004729c7	string		Browse...
004729da	string		mnuSearch
004729e8	string		Search...
004729fb	string		mnuInternetServices
00472a13	string		My Services...
00472a2d	string		mnuServices
00472a3d	string		TRAVEL
00472a4f	string		mnuAirline
00472a5e	string		Airline Reservations...
00472a7f	string		mnuCarRentals
00472a91	string		Car Rentals...
00472aa9	string		mnuHotel
00472ab6	string		Hotel Reservations...
00472ad6	string		mnuIS_Gifts
00472ae6	string		GIFT IDEAS
00472afc	string		mnuIS_GiftsItem1
00472b11	string		Flowers...
00472b25	string		mnuIS_GiftsItem2
00472b3a	string		Gift Baskets...
00472b53	string		mnuIS_GiftsItem3
00472b68	string		Birthdays...
00472b7f	string		mnuIS_Books
00472ba0	string		mnuIS_BooksItem1
00472bb5	string		Search by Title...
00472beb	string		mnuIS_BooksItem2
00472c00	string		Browse by Subject...
00472c38	string		mnuIS_BooksItem3
00472c4d	string		BestSellers...
00472c65	string		mnuIS_BooksItem4
00472c7a	string		Childrens...
00472c91	string		mnuIS_Movies
00472ca2	string		MOVIES
00472cb2	string		mnuIS_Music
00472cc2	string		MUSIC
00472cec	string		mnuTopTen
00472cfa	string		My Favorite Sites
00472d19	string		mnuTopSitesList
00472d3c	string		mnuTopSitesList
00472d5f	string		mnuTopSitesList
00472d82	string		mnuTopSitesList
00472da5	string		mnuTopSitesList
00472dc8	string		mnuTopSitesList
00472dea	string		mnuReadWeb
00472df9	string		Read Web Page
00472e10	string		mnuIEDownload
00472e22	string		Get the Latest Version of Internet Explorer
00472e71	string		mnuCheckAddons
00472e84	string		Check for New Add-Ons...
00472ea6	string		mnuNBSetp2
00472ec2	string		mnuSpeak
00472ecf	string		Speak...
00472ee1	string		mnuSing
00472eed	string		Sing a Song...
00472f11	string		Tell a Joke...
00472f29	string		mnuFact
00472f35	string		Tell an Amazing Fact...
00472f56	string		mnuReadStoryGroup
00472f6c	string		Read Stories
00472f84	string		mnuReadStoryInternet
00472f9f	string		Bonzi and the Internet!
00472fc0	string		mnuReadStoryPolizoof
00472fd9	string		Bonzi and the Polizoof!
00472ffa	string		mnuReadStoryTreasureChest
00473018	string		Bonzi and the Treasure Chest!
0047305a	string		mnuCalendar
0047306a	string		Calendar...
0047307f	string		mnuDownloadManager
00473096	string		Download Manager...
004730b3	string		mnuVoiceCommands
004730c8	string		Talk to Me...
004730df	string		mnuECenter
004730ee	string		Entertainment Center...
0047310f	string		mnuNetBoost
0047311f	string		Speed Up Our Internet Connection...
0047314c	string		mnuWallet
0047315c	string		My Wallet
0047318a	string		mnuBonziMAIL
0047319b	string		BonziMAIL
004731b0	string		mnuWriteEmail
004731c2	string		New Message...
004731dd	string		mnuEMAIL
004731ea	string		Check Our Mailbox...
00473209	string		mnuBonziWorld
0047321b	string		BonziWORLD Services
00473244	string		Instant Messaging...
00473262	string		mnuBWEMail
00473271	string		Check our BonziWORLD Mailbox...
004732b4	string		mnuBWMember
004732c4	string		Become a BonziWORLD Member...
00473306	string		mnuSetup
00473313	string		My Options
00473329	string		mnuOptionsSettings
00473340	string		Settings...
00473355	string		mnuSalutation
00473369	string		Salutation
0047337d	string		mnuInteraction
00473392	string		Interaction
004733a9	string		mnuMoreInteraction
004733c0	string		More Interaction
004733da	string		mnuLessInteraction
004733f1	string		Less Interaction
0047340c	string		mnuConnection
00473420	string		Internet Connection Settings
00473446	string		mnuEmailSetup
0047345a	string		E-Mail Reader Options
00473479	string		mnuDownloadManagerSetup
00473497	string		Download Manager Setup
004734b7	string		mnuRegistration
004734cb	string		Online Registration
004734f4	string		Advanced Setup Options
00473531	string		mnuOnlineHelp
00473543	string		My Online Help
0047355b	string		mnuTalkingHelp
0047356e	string		Talking Add-on Help
0047358b	string		mnuAbout
0047359a	string		About BonziBUDDY
004735b5	string		mnuUpdate
004735c3	string		Update Me
004735ef	string		mnuTellFriends
00473602	string		Share Me With Friends...
0047363d	string		mnuRelaxMode
0047364e	string		Relax Mode
00473662	string		mnuSilentMode
00473676	string		Silent Mode
00473724	string		frmCalendar2
00473735	string		Bonzi's Calendar
00474041	string		CalendarVB1
00474050	string		BonziBUDDY.CalendarVB
00474343	unicode		activedayfontbold
00474373	unicode		activedayfontitalic
004743df	unicode		activedayfontname\r
0047442b	unicode		dayheaderfontbold
0047445b	unicode		dayheaderfontitalic
004744c7	unicode		dayheaderfontname\r
00474513	unicode		daysfontbold
0047453b	unicode		daysfontitalic
00474593	unicode		daysfontname\r
004745af	unicode		MS Sans Serif
00474bc8	string		no+pqrstuvwxyz{|
00474ec4	string		lviewSchedule
00474ed5	string		MSComctlLib.ListView
00474fa6	string		Description
00474fc5	string		&Close
00475006	string		cmdDelete
00475014	string		&Delete
00475031	string		cmdEdit
00475058	string		Command1
00475086	string		Schedule for 12/31/2000
004750d0	string		lblDescription
004750e3	string		I can help keep you on schedule.  Simply enter your appointments, birthdays and special events into my calendar below. I will remind you when they are near.
004751f4	string		frmNetBOOST
00475204	string		InternetBOOST '99 - Optimized for Dial Up Connection (MODEM)
00475309	string		wwwwwwwww
004756ba	string		RegiCon1
004756c6	string		RegistryControl.RegiCon
00475742	string		btnAbout
0047632a	string		More on NetBOOST 98'
0047634a	string		btnApply
00476357	string		&Apply Boost
0047637d	string		Applies NetBOOST Settings.
004763a3	string		btnCancel
004763b1	string		&Close
004763d1	string		Cancels NetBOOST 98' without saving changes.
00476414	string		Select the type of Internet Connection you are currently using:
00476478	string		optLAN
00476483	string		Local Area Network (LAN)
004764ba	string		Show what your current Internet Connection is optimized for:
00476500	string		optDialUP
0047650e	string		Dial-Up (MODEM)
0047653c	string		Show what your current Internet Connection is optimized for:
004767c5	string		wwwwwwwww
00476b59	string		Label1
00476b77	string		FramePMTU
00476b85	string		Path Maximum Transfer Unit (PMTU)
00476bc6	string		chkBlackHole
00476bd7	string		Black Hole Detection
00476c00	string		Black Hole Detection is recommended to be turned off.
00476c3f	string		chkAutoDetection
00476c54	string		Auto Detection
00476c77	string		Auto detect maximum MTU. Recommened to be turned on.
00476cb6	string		FrameTTL
00476cc3	string		Time to Live (TTL)
00476d01	string		Custom
00476d21	string		Allows you to customize the TTL to a specific value.
00476d6b	string		Default (32)
00476d91	string		Time to Live (TTL) is maximum # of hops a packet can take before being re-transmitted. Windows 95 default is 32. 
00476e18	string		Recommended (64)
00476e42	string		Time to Live (TTL) is maximum # of hops a packet can take before being re-transmitted. Recommended is 64.
00476ee5	string		FrameRWIN
00476ef3	string		Receive Window (RWIN)
00476f28	string		cboRWIN
00476faf	string		Multiple
00476fcc	string		Automatically configures the RWIN based on multiples. Recommended is '4x'
0047701f	string		optRWIN1
0047702c	string		Default (8192)
0047704f	string		Default (8192) is the Windows 95 default setting for RWIN.
00477093	string		optRWIN3
004770a0	string		Custom
004770bb	string		Allows you to customize the RWIN to a specific value.
004770fb	string		FrameMTU
00477108	string		Maximum Transfer Unit (MTU=1500)
00477185	string		Custom
004771a5	string		Allows you to customize the MTU to a specific value.
004771ef	string		Dial-Up (576)
00477216	string		Dial-Up (576) is the recommended setting if you use a Dial-Up (MODEM) to connect to the Internet.
0047728d	string		Local Area Network (1500)
004772c0	string		Local Area Network (1500) is the recommended setting if you use a LAN to connect to the Internet.
00477338	string		 Copyright 1999, BONZI.COM Software. All Rights Reserved.
004773ec	string		frmOptionsTabbed
00477401	string		Bonzi's Options and Settings
00477456	string		picOptions
0047748e	string		Sleep Mode Options
004774b6	string		cboRelaxHotKey
004774de	string		chkRelaxUseHotKey
004774f4	string		Enable Hot Key
00477518	string		chkRelaxModeOnStartup
00477532	string		Stay in Sleep Mode on load.
00477565	string		optRelaxMode
00477576	string		Never fall asleep.
004775a1	string		txtRelaxIdleTime
004775d7	string		optRelaxMode
004775e8	string		Fall asleep after
00477944	string		minute(s) of inactivity.
0047797f	string		I can take a nap for a while if you are busy.  Just check the options below so I can adjust to the way you use your computer.
00477a16	string		picOptions
00477a43	string		fraAssociations
00477a57	string		File Associations
00477a80	string		cmdCheckAll
00477a90	string		Check All
00477ab4	string		cmdCheckAll
00477ac4	string		Uncheck All
00477aea	string		chkAssociations
00477b1d	string		chkAssociations
00477b50	string		chkAssociations
00477b84	string		chkAssociations
00477bb7	string		chkAssociations
00477beb	string		chkAssociations
00477c1e	string		chkAssociations
00477c51	string		chkAssociations
00477c84	string		chkAssociations
00477cb7	string		chkAssociations
00477cea	string		chkAssociations
00477d1c	string		chkAssociations
00477d4f	string		chkAssociations
00477d83	string		chkAssociations
00477db6	string		chkAssociations
00477de9	string		chkAssociations
00477e1c	string		chkAssociations
00477e50	string		chkAssociations
00477e83	string		chkAssociations
00477eb6	string		chkAssociations
00477ee9	string		chkAssociations
00477f1c	string		chkAssociations
00477f4f	string		chkAssociations
00477f81	string		chkAssociations
00477fb4	string		chkAssociations
00477fe7	string		chkAssociations
00478018	string		lblAssociations
0047802c	string		Check all of the file types that you want to be associated with the Entertainment Center.
0047809f	string		picOptions
004780cc	string		fraUserInfo
004780dc	string		E-Mail Server Account Information:
00478114	string		txtName
00478132	string		txtPass
00478157	string		txtServer
00478177	string		cmdTest
00478183	string		&Test
0047819e	string		txtAddress
004781c1	string		lblDescAcct
004781d1	string		Please enter your E-Mail Server account information below.
0047822d	string		Account Name:
0047825e	string		Password:
0047827f	string		lblServer
0047828d	string		Incoming Mail Server (POP3):
004782c1	string		imgMail
004783e8	string		wwwwwwwwwwww
0047871f	string		lblAddress
0047872e	string		E-mail Address:
00478759	string		picOptions
00478786	string		fraConnectType
00478799	string		Select Our Internet Connection Type:
004787d3	string		optModem
004787e0	string		Using a dial-up modem
00478818	string		Using America Online (AOL)
00478848	string		optLAN
00478853	string		Always connected to the Internet (LAN, T1, ISDN, Cable Modem, etc.)
004788b9	string		In order for me to best help you in our Internet travels together, I need to know how we connect to the Internet.  Select the option below which describes how we connect to the Internet.  
0047898e	string		picOptions
004789bb	string		fraInterval
004789cb	string		Check/Read E-Mail Time Interval:
00478a01	string		txtCheckInterval
00478a2d	string		lblIntervalDesc
00478a41	string		I can automatically check and read new e-mail messages for you. From here, you can adjust how often you would like me to check and read you new mail messages.
00478af5	string		lblInterval1
00478b06	string		Check for new mail every
00478b36	string		lblInterval2
00478b47	string		minute(s).
00478b69	string		imgInterval
00478e97	string		picOptions
00478ec4	string		fraQuestion
00478ee6	string		txtSalutation
00478f0d	string		lblSalutationDescription
00478f2a	string		lblDescription
00478f51	string		picOptions
00478f7e	string		fraOptions1
00478f8e	string		Downloading Options
00478fb7	string		chkPromptSave
00478fc9	string		Prompt for a File Name Before Downloading
00479008	string		chkAutoRun
00479017	string		Launch or Install File After Download Completes
0047905c	string		chkNotify
0047906a	string		Notify Me on Startup of Files to Download or Install
004790b4	string		chkIntegrate
004790c5	string		Integrate Download Manager with Internet Explorer
0047910e	string		cmdAdvanced
0047911e	string		Advanced
0047913c	string		cmdApply
00479149	string		Apply
00479164	string		cmdCancel
00479172	string		Cancel
004791b4	string		tbsOptions
004791c2	string		MSComctlLib.TabStrip
00479274	unicode		Set Your Salutation
004792e2	unicode		Set Options for Your Internet Connection
00479370	unicode		Set Options for Your E-mail Account
004793f6	unicode		Set how often BonziBUDDY should check your E-mail
0047949a	unicode		Set Options for Download Manager
00479510	unicode		Set Options for Sleep Mode
0047958e	unicode		Set Options for the BonziBUDDY Entertainment Center
00479694	string		frmTellAFriend
004796a7	string		Send Me to Your Friends as a FREE Gift!
00479fee	string		fraMessage
00479ffd	string		Message to Deliver:
0047a026	string		txtUserName
0047a048	string		lblMessage
0047a057	string		This e-mail message will entitle you to a FREE copy of my new found friend, BonziBUDDY!   BonziBUDDY is an interactive gorilla that travels the Internet as your sidekick, speaking, singing, laughing and learning from you over time!  He can even send and receive animated talking e-mail!  BonziBUDDY retails for $40.00, but for a limited time, you can download your own copy of BonziBUDDY - FREE!
0047a213	string		lblSubject
0047a222	string		FREE BonziBUDDY Gift from your friend:  
0047a27c	string		cmdSend
0047a288	string		&Share Me With Your Friends - Click Here!
0047bded	string		&Friends List:
0047be74	string		frmBBIMOptions
0047be87	string		BonziWORLD Messenger Service Options
0047bee4	string		picOptions
0047bf11	string		fraVoiceOptions
0047bf25	string		BONZI's Voice Options
0047bf50	string		cmdTestVoice
0047bf61	string		&Test...
0047c4a6	string		sldrSpeed
0047c4b3	string		MSComctlLib.Slider
0047c558	string		sldrPitch
0047c565	string		MSComctlLib.Slider
0047c60a	string		lblDescription
0047c61d	string		Customize the way your friends hear messages from you.
0047c66b	string		lblSpeed
0047c678	string		Speed
0047c695	string		lblPitch
0047c6a2	string		Pitch
0047c6c0	string		fraOther
0047c6cd	string		Notifications
0047c6f0	string		chkEchoMessages
0047c704	string		Have BONZI speak and play messages that I send to friends.
0047c754	string		chkNotifyStateChg
0047c76a	string		Have BONZI notify me when friends come online or go offline.
0047c7be	string		chkSpeakIt
0047c7cd	string		Have BONZI read messages from friends.
0047c80c	string		fraMyAlias
0047c81b	string		My Alias
0047c83b	string		txtMyAlias
0047c85c	string		imgAlias
0047cbd2	string		lblAlias
0047cbdf	string		Enter the name that you want others to know you as. (no spaces)
0047cc38	string		picOptions
0047cc65	string		fraFriends
0047cc74	string		Add BonziWORLD Users to my Friends List
0047ccb1	string		picSearch
0047d9bd	string		cmbDomain
0047da01	string		txtFriendEmail
0047da26	string		cmdAddFriend
0047da37	string		&Add Friend
0047df73	string		lblLogonDesc
0047df84	string		*  A user's Logon Name is the part of the user's BonziWOLRD e-mail address before the '@' symbol.
0047dffb	string		lblFriendEmail
0047e00e	string		Enter New Friend's Logon Name:*
0047e049	string		picOptions
0047e076	string		fraPrivacy
0047e085	string		Choose which friends can send you instant messages
0047e0cd	string		cmdReverseList
0047e0e0	string		&View List
0047e0fa	string		Move selected 'allowed' user to Block List.
0047e12f	string		cmdAllow
0047e13c	string		<< &Allow
0047e155	string		Move selected 'blocked' user to Allow List.
0047e18a	string		lstAllow
0047e1a9	string		lstBlock
0047e1c8	string		cmdBlock
0047e1d5	string		&Block >>
0047e1ee	string		Move selected 'allowed' user to Block List.
0047e223	string		lblViewReverseList
0047e23a	string		View a list of other online users who have added me to their BonziWORLD Friends List.
0047ed0f	string		lblAccept
0047ed1d	string		Allow List
0047ed63	string		Block List
0047ed9e	string		lblAllow2
0047edac	string		These users can send me instant messages:
0047edeb	string		Label1
0047edf6	string		These users cannot send me instant messages:
0047ee3c	string		picOptions
0047ee74	string		Account and Logon Information
0047eea7	string		txtPass2
0047eecd	string		txtLastName
0047eeef	string		txtFirstName
0047ef12	string		cmdASPServices
0047ef25	string		Se&rvices...
0047ef47	string		txtAccountLogon
0047ef6d	string		txtAccountPassword
0047ef9d	string		cmdSubmit
0047efab	string		&Sign Up...
0047efcc	string		chkRememberPassword
0047efe4	string		Remember my password when logging in.
0047f01f	string		cmbAccountDomain
0047f070	string		lblReenterPass
0047f083	string		Re-enter Password:
0047f0ad	string		lblFirstName
0047f0be	string		Your First Name:
0047f0e6	string		lblLastName
0047f0f6	string		Your Last Name:
0047f128	string		Create a Logon Name:
0047f15f	string		Create a Password:
0047f194	string		Edit your logon information through BonziWORLD Services
0047f1ec	string		Click the 'Sign Up' button once you've completed filling out this form.
0047f256	string		(Passwords are case sensitive.)
0047f28e	string		Frame1bak
0047f29c	string		Account and Logon Information
0047f2d3	string		chkRememberPasswordbak
0047f2ee	string		Remember my password when logging in.
0047f32b	string		cmdSignUp
0047f339	string		&Sign Up...
0047f35c	string		txtAccountPasswordbak
0047f391	string		txtAccountLogonbak
0047f3bc	string		cmdChangeLogon
0047f3cf	string		&Services...
0047f3f3	string		lblAboutPass
0047f404	string		(Passwords are case sensitive.)
0047f43b	string		lblSignUp
0047f449	string		Sign up for BonziWORLD Services
0047f47e	string		lblChanges
0047f48d	string		Edit your logon information through BonziWORLD Services
0047f4da	string		lblPassword
0047f4ea	string		My BonziWORLD Password:
0047f519	string		lblMyLogonName
0047f52c	string		My BonziWORLD Logon Name:
0047f55f	string		inetSignUp
0047f56d	string		InetCtlsObjects.Inet
0047f5d8	string		cmdApply
0047f5e5	string		Apply
0047f600	string		cmdCancel
0047f60e	string		Cancel
0047f64c	string		tbsOptions
0047f65a	string		MSComctlLib.TabStrip
0047f6f6	unicode		General-
0047f708	unicode		Setup the way Bonzi interacts with messaging.
0047f782	unicode		Friends3
0047f794	unicode		Add new friends to your list of available contacts.
0047f81a	unicode		Privacy3
0047f82c	unicode		Choose which friends can send you instant messages.
0047f8b2	unicode		Account(
0047f8c4	unicode		View or change your account information.
0047f9b4	string		frmRegistration
0047f9d3	string		 Online Registration
004802e7	string		inetReg
004802f2	string		InetCtlsObjects.Inet
0048035d	string		cmdRegister
0048036d	string		&Register Me
0048039a	string		Age Range: (Choose One)
004804ed	string		Gender:
0048050a	string		optFemale
00480518	string		Female
00480534	string		optMale
00480566	string		BonziBUDDY Registered To:
004805db	string		cboCountry
0048061b	string		United Kingdom\t
004806c3	string		Antigua and Barbuda\t
004806f3	string		Ascension\t
0048072a	string		Austria\n
00480748	string		Bahrain\n
0048082b	string		Canada\n
004808b4	string		Cook Islands\n
004808c2	string		Costa Rica\r
0048098f	string		Falkland Islands\r
004809c7	string		France\r
00480a1d	string		Ghana\t
00480a2f	string		Greece\t
00480a5a	string		Guadeloupe\t
00480a71	string		Guinea\r
00480a97	string		Honduras\t
00480abe	string		India\t
00480b2f	string		Jordan\t
00480bad	string		Liechtenstein\t
00480bbc	string		Lithuania\n
00480bda	string		Macedonia\n
00480c1a	string		Marshall Islands\n
00480c2c	string		Martinique\n
00480c38	string		Mauritania\t
00480c4f	string		Mexico\n
00480c74	string		Mongolia\n
00480c8a	string		Morocco\n
00480cd4	string		Netherlands Antilles\r
00480cf9	string		New Zealand\t
00480d4d	string		North Korea*
00480d9e	string		Palau\t
00480e8e	string		Saipan\n
00480ec5	string		Senegal"
00480ece	string		Serbia and Montenegro (Yugoslavia)\n
00480efe	string		Sierra Leone\t
00480f60	string		Spain\t
00480f79	string		Suriname\t
0048107a	string		United Kingdom\r
00481099	string		United States Pacific Islands&
00481113	string		Vatican City\t
00481135	string		Wallis & Futuna\r
004814ab	string		txtEmail
004814e2	string		cboState
004815f6	string		Manitoba\r
00481676	string		Yukon Territory!?
004817a8	string		txtMiddleName
004817d1	string		txtLastName
004817f8	string		txtFirstName
0048183d	string		(US and Canada Only)
0048186b	string		imgCheck
00481cd1	string		imgCheck
00482137	string		imgCheck
0048259d	string		imgCheck
00482a01	string		Label12
00482a0d	string		Address2:
00482a3a	string		Address1:
00482a66	string		Country:
00482abb	string		Zip/Postal:
00482ae9	string		State/Province:
00482b43	string		Middle:
00482b6d	string		Last Name:
00482b8f	string		Label1
00482b9a	string		First Name:
00482bbe	string		imgRegistration
00483026	string		imgCheck
00483496	string		- Required Field
004834c9	string		Please enter your registration information below.  This will entitle you to FREE BonziBUDDY software updates.
004835ac	string		frmDownloader
004835be	string		Bonzi's Download Manager
00483ed2	string		tmrDownloadRate
00483f08	string		MSComctlLib.ImageList
004877f9	string		DDDDDDDDDDD@
004882e8	string		MSComctlLib.Toolbar
004883a7	unicode		btnDownload.
004883c1	unicode		Download Selected File(s) in the Download List
00488457	unicode		Stop the Current Download
004884d7	unicode		Run the Selected File from Hard Disk
0048856d	unicode		Add File to Download List
004885d9	unicode		Edit the Selected File
00488621	unicode		Remove\t
00488631	unicode		btnDelete*
00488647	unicode		Remove Selected File(s) from Download List
004886c7	unicode		btnDeleteFromDisk/
004886ed	unicode		Delete the Selected File(s) from Your Hard Disk
0048877f	unicode		Options\n
004887a9	unicode		Setup Options for Downloading
00488823	unicode		btnExit!
00488835	unicode		Close BonziBUDDY Download Manager
004889d6	string		fraDowloadQueue
004889ea	string		Current Download List
00488a21	string		MSComctlLib.ListView
00488ab7	string		pbDownload
00488ac5	string		MSComctlLib.ProgressBar
00488b4b	string		sbStatus
00488b57	string		MSComctlLib.StatusBar
00488c05	string		MSInet
00488c0f	string		InetCtlsObjects.Inet
00488c7b	string		mnuFile
00488c87	string		&File
00488cc0	string		Get Server Info
00488cdc	string		mnuSetup
00488cfb	string		mnuOptions
00488d0a	string		&Options
00488d1d	string		mnuListPopup
00488d30	string		ListPopup
00488d45	string		mnuPopupDownloadNow
00488d5d	string		&Download File
00488d75	string		mnuPopupRun
00488d85	string		Run File
00488d97	string		mnuPopupEdit
00488dd1	string		mnuPopupRemove
00488de4	string		&Remove File from List
00488e04	string		mnuPopupDelete
00488e17	string		Delete File from Disk
00488e98	string		frmSingSong
00488ea8	string		Sing Bonzi, Sing!
004897b1	string		cmdStopSinging
004897c4	string		&Stop Singing
0048a9c5	string		cmdSing
0048a9d1	string		&Sing
0048c9da	string		cmdMusicLicense
0048c9ee	string		License Info
0048ca10	string		chkSingStartStop
0048ca25	string		&Sing
0048ea30	string		fraSongs
0048ea3d	string		Playlist
0048ea5b	string		lviewSongs
0048ea69	string		MSComctlLib.ListView
0048eb15	string		Titles
0048eb3c	string		Authors
0048eb4e	string		lblCopyright
0048eb60	string		 Copyright 1999-2000. BONZI.COM Software. All Rights Reserved.
0048ebb8	string		lblInstructions
0048ebcc	string		Simply double click on a song or click on a song title and then click the Sing button.
0048ec9c	string		frmNBAbout
0048ecab	string		About MyApp
0048ed8f	string		wwwwwwwww
0048f14b	string		Licensed to:
0048f16d	string		Label1
0048f178	string		Registration Number: 5324698
0048f1ac	string		lblRegName
0048f1bb	string		RegName
0048f201	string		cmdSysInfo
0048f210	string		&System Info...
0048f235	string		lblBuild
0048f242	string		Build 3
0049545e	string		lblDescription
00495471	string		App Description
0049549b	string		lblTitle
004954a8	string		Application Title
00495505	string		lblVersion
00495514	string		Version
00495531	string		lblDisclaimer
00495543	string		Copyright 1999, BONZI.COM Software. All rights reserved.
004955f8	string		frmBBIMMain
00495608	string		BonziWORLD - Messenger Service
00496494	string		sbStatus
004964a0	string		MSComctlLib.StatusBar
00496569	string		MSComctlLib.Toolbar
004965e2	unicode		imgImages24
0049663e	unicode		Add a friend to your My Friends list.\t
0049668c	unicode		addfriend
00496722	unicode		removefriend
00496892	unicode		Status,
00496a48	unicode		Tools.
00496ab6	unicode		tools
00496ae5	string		SHDocVwCtl.WebBrowser
00496bb7	string		fraFriendsOnline
00496bcc	string		My Friends
00496bec	string		tvwFriends
00496bfa	string		MSComctlLib.TreeView
00496cc9	string		picbxMask
00496cf3	string		imgLogOn
00497d5c	string		lblLogOn
00497d69	string		Click on Image to Log On
00497dc0	string		imgTreeViewPics
00497dd3	string		MSComctlLib.ImageList
00498265	string		wwwwwwwww
00499b21	string		imgImages24
00499b30	string		MSComctlLib.ImageList
0049f3f2	string		Agent1
0049f3fc	string		AgentObjectsCtl.Agent
0049f43b	string		mnuFile
0049f447	string		&File
0049f458	string		mnuLogOnOff
0049f468	string		&LogOn
0049f4ad	string		mnuTools
0049f4cc	string		mnuFriends
0049f4db	string		&Friends...
0049f4f0	string		mnuPrivacy
0049f4ff	string		&Privacy...
0049f514	string		mnuOptions
0049f523	string		&Options...
0049f539	string		mnuFriendPopup
0049f54e	string		MainPopup
0049f563	string		mnuSendMessage
0049f576	string		&Send an Instant Message
0049f598	string		mnuSendMail
0049f5a8	string		Send a Bonzi&Mail Message
0049f5e4	string		mnuBlock
0049f5f1	string		&Block
0049f601	string		mnuRemove
0049f60f	string		&Remove Friend
0049f627	string		mnuProperties
0049f639	string		&Properties
0049f66c	string		mnuOnlineHelp
0049f67e	string		&BonziChat Online Help
0049f700	string		frmMsgEdit
0049f70f	string		BonziMAIL - New Message
004a0020	string		cmdPerformAction
004a0035	string		&Perform Action
004a005c	string		cmdViewQueue
004a006d	string		&View Queue
004a00b1	string		txtSubject
004a00f3	string		fraMessage
004a0102	string		Message to Deliver:
004a012b	string		txtMessage
004a0139	string		RichTextLib.RichTextBox
004a01b2	string		{\rtf1\ansi\ansicpg1252\deff0{\fonttbl{\f0\fnil\fcharset0 Arial;}}\r\n\viewkind4\uc1\pard\lang1033\fs36 RichTextBox1\r\n\par }\r\n
004a0259	string		fraAnimations
004a026b	string		Emotions && Gestures:
004a0296	string		lviewAnimations
004a02a9	string		MSComctlLib.ListView
004a03a5	string		Actions
004a03b7	string		cmdSend
004a03c3	string		&Deliver Now
004a1f0b	string		&Copy To:
004a1f39	string		&Address:
004a1f5b	string		cmdRead
004a1f67	string		&Preview
004a334f	string		imlAnimations
004a3360	string		MSComctlLib.ImageList
004a33cc	unicode		Back Flip\r
004a34ce	unicode		Say What?\r
004a35c9	unicode		Surprised\t
004a3613	unicode		Uncertain\t
004c40c5	string		lblCopyright
004c40d7	string		 Copyright 1999-2000 - BONZI.COM Software. All Rights Reserved.
004c412e	string		lblSubject
004c413d	string		Sub&ject:
004c41c0	string		frmBBIMSession
004c41d3	string		BoziWORLD Messenger Session
004c5069	string		MSComctlLib.Toolbar
004c50e2	unicode		imgImages24
004c5140	unicode		Invite:
004c5150	unicode		Invite an online friend to join this conversation session.\t
004c51c8	unicode		addfriend
004c51f5	string		tmrClearStatus
004c521d	string		cmbFontColor
004c5245	string		Choose the color of your message font.
004c5275	string		cmbFontName
004c529c	string		Choose the color of your message font.
004c52cc	string		cmbFontSize
004c52f3	string		Choose the color of your message font.
004c5323	string		fraSendText
004c5333	string		Type Something to Send
004c535f	string		cmdSend
004c6ea2	string		rtbOutgoing
004c6eb1	string		RichTextLib.RichTextBox
004c6f2d	string		Type text and/or drag images from the Animations list into this box to send.
004c6f84	string		fraHistory
004c6f93	string		Conversation History
004c6fbd	string		rtbHistory
004c6fcb	string		RichTextLib.RichTextBox
004c7049	string		Displays a history of the current session.
004c707e	string		fraAnimations
004c7090	string		Emotions and Gestures
004c70bb	string		lviewAnimations
004c70ce	string		MSComctlLib.ListView
004c71c8	string		Actions
004c71d3	string		Double-click image or drag into Send box to send gestures.  Right-click image for more options.
004c723d	string		sbStatus
004c7249	string		MSComctlLib.StatusBar
004c7307	string		imlAnimations
004c7318	string		MSComctlLib.ImageList
004c7384	unicode		Back Flip\r
004c7486	unicode		Say What?\r
004c7583	unicode		Surprised\t
004c75cd	unicode		Uncertain\t
004e807f	string		imgTreeViewPics
004e8092	string		MSComctlLib.ImageList
004e966c	string		imgImages24
004e967b	string		MSComctlLib.ImageList
004eef3e	string		mnuAnimPopup
004eef51	string		PopupAnim
004eef66	string		mnuSendAnimation
004eef7b	string		&Send Animation
004eef94	string		mnuViewAnimation
004eefa9	string		&View Animation
004eefc3	string		mnuFile
004eefcf	string		&File
004eefe0	string		mnuClose
004eefed	string		&Close
004eeffe	string		mnuEdit
004ef01d	string		mnuFont
004ef029	string		&Message Font...
004ef063	string		mnuStopBonzi
004ef074	string		&Stop Current Action
004ef096	string		mnuPopupInvite
004ef0ab	string		Friends
004ef0c0	string		mnuFriends
004ef13c	string		frmMainMenu
004ef14c	string		Welcome to BonziWORLD
004ef2e2	string		cmdWebFinance
004ef2f3	string		Threed.SSCommand
004f0126	string		cmdBonziMAIL
004f0136	string		Threed.SSCommand
004f125c	string		cmdWebEntertainment
004f1273	string		Threed.SSCommand
004f2073	string		cmdWebHome
004f2081	string		Threed.SSCommand
004f2e7d	string		SSActiveTabs1
004f2e8e	string		ActiveTabs.SSActiveTabs
004f3e05	string		&Search && Surf
004f3e3f	string		&Interact with Me
004f3e7b	string		Share &Me with Friends
004f3ebe	string		SSActiveTabPanel3
004f3ed3	string		ActiveTabs.SSActiveTabPanel
004f3f31	string		SSFrame3
004f3f3d	string		Threed.SSFrame
004f3f98	string		Share Me with Friends and Loved Ones...
004f3fcf	string		txtShareWithFriendsUserName
004f4003	string		txtShareWithFriends
004f4032	string		txtShareWithFriends
004f4061	string		txtShareWithFriends
004f408e	string		cmdShareWithFriends
004f40a5	string		Threed.SSCommand
004f5d33	string		SSPanel4
004f5d3f	string		Threed.SSPanel
004f5d9a	string		Friend E-Mail Address #1: 
004f5dd4	string		SSPanel5
004f5de0	string		Threed.SSPanel
004f5e3b	string		Friend E-Mail Address #2: 
004f5e75	string		SSPanel6
004f5e81	string		Threed.SSPanel
004f5edc	string		Friend E-Mail Address #3: 
004f5f16	string		SSPanel1
004f5f22	string		Threed.SSPanel
004f5f7d	string		Your Name:
004f5fb2	string		This page will allow you to share me with your friends and loved ones! I will send an e-mail on your behalf allowing your friends and loved ones to download little old me for FREE!
004f6094	string		Share Me with Friends...
004f60d4	string		SSActiveTabPanel2
004f60e9	string		ActiveTabs.SSActiveTabPanel
004f6147	string		cmdStoryBookReader
004f615d	string		Threed.SSCommand
004f74e7	string		cmdEntertainmentCenter
004f7501	string		Threed.SSCommand
004f8e5b	string		cmdTalkingAddOn
004f8e6e	string		Threed.SSCommand
004fa6d8	string		Threed.SSCommand
004fbd5a	string		cmdFacts
004fbd66	string		Threed.SSCommand
004fd390	string		cmdSongs
004fd39c	string		Threed.SSCommand
004fea10	string		cmdSpeak
004fea1c	string		Threed.SSCommand
0050010c	string		cmdDownloadManager
00500122	string		Threed.SSCommand
00501cb8	string		Sing Songs...
00501cf7	string		Download Manager...
00501d3c	string		Installed
00501d77	string		Talk to Me...
00501daa	string		lblInstalledTalk
00501dbf	string		Not Installed
00501df2	string		Label16
00501dfe	string		Speak...
00501e38	string		Installed
00501e67	string		lblInstalledSongs
00501e7d	string		1 - Installed
00501eb0	string		Label12
00501ebc	string		Play Video && Audio...
00501ef8	string		lblInstalledEntertainmentCenter
00501f1c	string		Not Installed
00501f5a	string		Read Stories...
00501f8f	string		lblInstalledStoryReader
00501fab	string		0 - Installed
00501fe9	string		Tell an Amazing Fact...
00502026	string		lblInstalledFacts
0050203c	string		40 - Installed
00502070	string		lblInstalledJokes
00502086	string		40 - Installed
005020c6	string		Tell a Joke...
005020fb	string		SSActiveTabPanel1
00502110	string		ActiveTabs.SSActiveTabPanel
0050216e	string		SSFrame1
0050217a	string		Threed.SSFrame
005021d5	string		Surf the Internet...
005021f9	string		SSPanel2
00502205	string		Threed.SSPanel
00502260	string		Enter a site or URL to surf to below:
005022a5	string		txtBrowse
005022c5	string		cmdBrowse
005022d2	string		Threed.SSCommand
00503ebf	string		SSFrame2
00503ecb	string		Threed.SSFrame
00503f26	string		Search the Internet...
00503f4c	string		txtSearch
00503f6c	string		cmdSearch
00503f79	string		Threed.SSCommand
00505abf	string		SSPanel3
00505acb	string		Threed.SSPanel
00505b26	string		Enter keyword or topic to search for below:
00505b72	string		lblDate
00505b7d	string		Threed.SSPanel
00505bd8	string		Tuesday, September 26, 2000
00505c15	string		cmdCalendar
00505c24	string		Threed.SSCommand
00507184	string		Picture4
0050b4b5	string		cmdAddons
0050b4c2	string		Threed.SSCommand
00523f37	string		Picture17
005254c6	string		Threed.SSCommand
00526842	string		cmdWebSports
00526852	string		Threed.SSCommand
005276b0	string		cmdWebTravel
005276c0	string		Threed.SSCommand
005284b0	string		cmdWebShopping
005284c2	string		Threed.SSCommand
0052930e	string		cmdWebGames
0052931d	string		Threed.SSCommand
0052a134	string		Picture15
0052b6d4	string		Picture13
0052fc2e	string		tmrButternutAnimation
0052fc5d	string		cmdRelaxMode
0052fc6d	string		Threed.SSCommand
0052fce2	string		&Relax Mode - F9
0052fd0b	string		tmrCheckTheTime
0052fd42	string		Threed.SSCommand
0052fdc0	string		cmdUpdate
0052fdcd	string		Threed.SSCommand
0052fe32	string		\rMS Sans Serif\n
0052fe42	string		&Update Me
0052fe65	string		cmdOptions
0052fe73	string		Threed.SSCommand
0052fefc	string		Threed.SSCommand
0052ff82	string		Threed.SSCommand
00530016	string		Picture16
005315b6	string		Picture18
00532b42	string		Calendar
00532b90	string		Buddies Online
00532bd9	string		Label1
00539924	string	00533288	clrLineColor
00539934	string	00533384,00533424,005336e8,00533720,00533830,00536244	rctLeft
0053993c	string	00533388,00533428,005336ec,00533724,00533834,00536248	rctTop
00539944	string	0053338c,0053342c,005336f0,00533728,00533838,0053624c	rctWidth
00539950	string	00533390,00533430,005336f4,0053372c,0053383c,00536250	rctHeight
0053995c	string	005336f8	clrBorderColor
0053996c	string	005336fc	clrFillColor
0053997c	string	00533700	EllipseWidth
0053998c	string	005332f8,0053382c	sText
00539994	string	00532edc	nTextAlignment
005399a4	string	0053388c	brdLeft
005399ac	string	00533890	brdTop
005399b4	string	00533894	brdWidth
005399c0	string	00533898	brdHeight
005399cc	string	0053389c	brdStyle
005399d8	string	005338a0	bFlat
005399e0	string	005338a4	bMono
005399e8	string	005338a8	bSoft
005399f0	string	00533730	nType
005399f8	string	00533734	Style
00539a00	string	00533738	State
00539a08	string	00533840	Format
00539a10	string	00533844	clrForeColor
00539a2c	string	00536254	picImage
00539a38	string	00536258	oPalette
00539a48	string	0053625c	clrMaskColor
00539a58	string	00536260	clrBackColor
00539a68	string	00536264	bEnabled
00539a74	string	00533708,00533870,00536190,005369e4,00536c3c	picSource
00539a80	string	005333a4,005333e4,0053370c,00533874,00536194,005369e8,00536c40	lLeft
00539a90	string	005333ac,005333ec,00533408,00533714,0053387c,0053619c,005369f0,00536c48	lWidth
00539a98	string	005333b0,005333f0,0053340c,00533718,00533880,005361a0,005369f4,00536c4c	lHeight
00539aa0	string	005361a4,00536c50	lDestLeft
00539aac	string	005361a8,00536c54	lDestTop
00539ab8	string	005361ac,00536c58	lDestWidth
00539ac4	string	005361b0,00536c5c	lDestHeight
00539ad0	string	005369f8	lBackColor
00539adc	string		lFlatLineColor
00539aec	string	00532eb0	lForeColor
00539af8	string	00533410,00533470	bCopySourceDC
00539b08	string	00533484,00533fd0,00534e70	nLeft
00539b18	string	0053348c,00533fd8,00534e78	nWidth
00539b20	string	00533490,00533fdc,00534e7c	nHeight
00539b28	string	00533fe0	rgbColor
00539b34	string	00533fe4,00534e80	sCaption
00539b40	string	00533fe8,00534e84	CaptionAlign
00539b50	string	00533fec,00534e8c	picBackground
00539b60	string	00533ff0,00534e90	blnPicFill
00539b78	string	00532ed4	oFont
00539b80	string	00534e88	Appearance
00539c00	string		intMonth
00539c0c	string		intYear
00539c98	string	005337ac,0053380c	ISubclass
00539cb0	string		bState
00539cb8	string	00533120,00533128	pDisp
00539cc0	string	005334b4	bstrText
00539cdc	string	005334c0	cCode
00539ce4	string		SongNumber
00539cf0	string	00533100	ActionType
00539cfc	string	00533104	NewAction
00539d08	string	005330f0	strData
00539d10	string	005330f4	strCaller
00539d28	string		objRequest
00539d44	string	00533568,005335a4	wParam
00539d4c	string	0053356c,005335a8	lParam
00539d54	string	00532d54	strCommand
00539d60	string		strKeyName
00539d6c	string		lngKeyCode
00539d78	string	005330e0	strFileName
00539d84	string	005330c8	intStep
00539db0	string		blnNewValue
00539dbc	string	00532e24	lngNewValue
00539de0	string	00532c28,00532c30,00532c34	vNewValue
00539e10	string		If false the control will not paint itself until this property is set to true.
00539e60	string	00532f98	bAutoPaint
00539e6c	string		nStyle
00539e74	string	005343d4	This indicates which period style will be used when displaying the calendar. Month, Period, or Week
00539edc	string	005340e4,00534204,005343d8,00534468,005346a8,00534e1c,00534eac,005362f0	;Behavior
00539ee8	string		nCalendarType
00539ef8	string	005346a4	If true then the popup menu will not be displayed when the right mouse button is pressed
00539f54	string		bPopupMenuDisabled
00539f68	string	00533990	If true then the days of the week header will be displayed
00539fa4	string	00533904,00533994,00533a24,00533ab4,00533ad8,00533b44,00533bd4,00533c64,00533cf4,00533d84,00533e14,00533ea4,00534174,005346cc,0053529c,00535548,005362c8	;Appearance
00539fb0	string		bShowDayHeader
00539fc0	string	00533900	Controls background color
00539fdc	string		nDayNumberAlignment
00539ff0	string	00533ad4	The background color used to display the days of the week header
0053a034	string		lDayHeaderBackColor
0053a048	string	00533a20	The foreground color used to display the days of the week header
0053a08c	string		lDayHeaderForeColor
0053a0a4	string	00533ab0	The foregound color to display the currenlty selected date
0053a0e0	string		lActiveDayForeColor
0053a0f4	string	00533b40	The color used for drawing the flat grid lines
0053a124	string	00533bd0	The background color used to display the period calendar cells just prior to the current period
0053a184	string		lPrePeriodBackColor
0053a198	string	00533c60	The foreground color used to display the period calendar cells just prior to the current period
0053a1f8	string		lPrePeriodForeColor
0053a20c	string	00533cf0	The background color used to display the current period calendar cells
0053a254	string		lCurrentPeriodBackColor
0053a26c	string	00533784	bstrAppURL
0053a27c	string	00533d80	The foreground color used to display the current period calendar cells
0053a2c4	string	00532ea8	lCurrentPeriodForeColor
0053a2dc	string	00533e10	The background color used to display the period calendar cells just after the current period
0053a33c	string		lPostPeriodBackColor
0053a354	string	00533ea0	The foreground color used to display the period calendar cells just after the current period
0053a3b4	string		lPostPeriodForeColor
0053a3cc	string	00534464	If true then the datevalue for the calendar cell that the mouse cursor is over will be displayed
0053a430	string		bShowDateTip
0053a440	string		sActiveDayFontName
0053a458	string		Shows or hides the Period DropDown list
0053a480	string		bShowPeriodList
0053a490	string		Shows or Hides the Year DropDown list
0053a4b8	string		bShowYearList
0053a4c8	string	005340e0	Indicates which day of the week will be used as the first day of the week
0053a514	string		nFirstDayOfWeek
0053a524	string	00534170	The style of grid lines that will be used when drawing the control
0053a568	string	00532e2c	nLineStyle
0053a574	string	00534200	Indicates whether the previous year or current year is used for the first week of a period year
0053a5d4	string		nYearStartPlacement
0053a5e8	string	00535544	A URL path to a picture image
0053a608	string		sDateTipFormat
0053a618	string	00533780	bstrAppName
0053a624	string	005343f8	The begin date to use for filling the dropdown year combolist box
0053a668	string	005343fc,0053451c,005345ac,0053475c	;Data
0053a670	string		nYearBegin
0053a67c	string		The end date to use for filling the dropdown year combolist box
0053a6bc	string		nYearEnd
0053a6c8	string	00534518	The date value for the currently selected calendar cell
0053a700	string		dtDateValue
0053a70c	string	005345a8	The year value for the currently active period
0053a73c	string	00535240	nPeriodYear
0053a748	string	005362c4	A picture image that is tiled on the background of the calendar control
0053a790	string		picPicture
0053a79c	string	005346c8	The format to use when displaying the date in the tooltip. Ex. dd-Mmm-yyyy
0053a7e8	string	00534758	The period value for the currently selected calendar cell
0053a824	string		nPeriodValue
0053a834	string		A value indicating whether to display the day of the week names in short, medium, or long weekname formats
0053a8a0	string		nDayHeaderFormat
0053a8b4	string	0053683c	The font attributes that are used to display the day of week header
0053a8f8	string	0053490c,0053499c,00534a2c,00534abc,00534bdc,00534c6c,00534cfc,00534d8c,00534fcc,0053505c,005350ec,0053517c,00536458,00536610,00536840	;Font
0053a900	string		oDayHeaderFont
0053a910	string	00534908,00534998,00534a28,00534ab8	For the Day Of Week header
0053a92c	string	00532d4c	bDayHeaderFontBold
0053a940	string		bDayHeaderFontItalic
0053a958	string		sDayHeaderFontName
0053a96c	string	00532d28	lDayHeaderFontSize
0053a980	string		bActiveDayFontBold
0053a994	string		bActiveDayFontItalic
0053a9b0	string	00536454	The font attributes used for displaying the days in the calendar grid
0053a9f8	string		oDaysFont
0053aa04	string	00534bd8,00534c68,00534cf8,00534d88	For the Calendar Days
0053aa1c	string		bDaysFontBold
0053aa2c	string		bDaysFontItalic
0053aa3c	string		sDaysFontName
0053aa4c	string		lDaysFontSize
0053aa5c	string	00534e18	Enables or disables the calendar control
0053aa88	string	00534ea8	Tells the calendar control where to place the extra week for some leap years. The first period or the last period.
0053aafc	string	00532cb8,00535254	nExtraWeekPlacement
0053ab10	string	0053660c	The currently selected dates font attributes
0053ab40	string		oActiveDayFont
0053ab50	string	00534fc8,00535058,005350e8,00535178	For the currently selected date
0053ab78	string	00532ed8	lActiveDayFontSize
0053ab8c	string	005362ec	This is the periods object that defines the period structure.
0053abcc	string	00535244	oPeriods
0053abd8	string	00535298	The number of rows that are displayed on the calendar control.
0053ac18	string		nPeriodRows
0053ac24	string		Redraws the calendar control
0053ac44	string		Sets the Periods object structure back to 4 week intervals for a total of 13 periods
0053ac9c	string	005333d4,00533454	DateValue
0053aca8	string	005333d8,00533458	PeriodValue
0053acb4	string		Event
0053acbc	string	005334fc	Number
0053acc4	string	00533500	Source
0053accc	string	00533504	Description
0053acd8	string	00533508	Action
0053ace0	string	0053350c	Value
0053ace8	string	00533170	OldDate
0053acf0	string	00533160,00533174	NewDate
0053acf8	string	00533164	Cancel
0053ad00	string		blnNewBBPlayerIsPlaying
0053ad18	string	005330c4,00533778	lCookie
0053ad24	string		An event that gets fired before the date is changed allowing the programming to cancel the date change before it takes place.
0053ada4	string	005335b0,0053523c	dtCurrentDate
0053adb4	string	005335b4,00535248	nPeriodType
0053adc0	string	005335b8,0053524c	nFirstCurrentPeriod
0053add4	string	005335bc,00535250	nCalendarStartWeek
0053ade8	string	00535258	vDate
0053adf8	string		NewFont
0053ae00	string	00533464	CtlHdc
0053ae08	string	00533468	CtlWidth
0053ae14	string	0053346c	CtlHeight
0053ae2c	string	005334cc,00533580	Width
0053ae34	string	005334d0,00533584	Height
0053ae3c	string	00533574	hdcSource
0053ae48	string	00533028	vTipID
0053ae50	string	0053302c	sToolTipText
0053ae60	string		lInterval
0053ae6c	string		sTipText
0053ae78	string		sName
0053ae80	string		nNumberOfWeeks
0053ae9c	string	00532f94,005330f8,00533178	Index
0053aea4	string	00533198	iIndex
0053aeac	string	0053377c	bstrAppGUID
0053aebc	string	00532d2c	blnNewBBPlayerWasInterrupted
0053aedc	string		objBBPlayer
0053aee8	string		blnNewStoryReaderIsPlaying
0053af04	string	00532c2c	strNewPath
0053af10	string	00532cb4	objStoryReaderInstance
0053af28	string		strBookPath
0053af34	string	005331a8	strURL
0053af3c	string	00533704,0053386c,005369e0,00536c38	lhdcDest
0053af48	string	005369fc	bUseMaskColor
0053af58	string	00533884,00536a00	lMaskColor
0053af64	string	0053371c,00533888,00536a04,00536c60	lhPal
0053af6c	string	00536b20	lSrcHdc
0053af84	string	00536b34	lDestHdc
0053afa8	string	00533274	hWndControl
0053afb4	string	00533278	hWndControlParent
0053afc8	string	0053327c	bComboBox
0053afec	string	00533108,00533494	strName
0053aff4	string	00533498	strAddress
0053b000	string	0053349c	blnEditMode
0053b00c	string	00532f9c	objList
0053b020	string	0053322c	frmCaller
0053b02c	string	00533210,00533214,0053323c,005332f4,00533774	pUser
0053b034	string	00533194,00533230	blnForceImmediate
0053b048	string	00533234	blnForceNoRedirect
0053b05c	string	00533190	frmMoveToMe
0053b068	string	005331a0	lngNewLeft
0053b074	string	005331a4	lngNewTop
0053b098	string		strOriginalAddressName
0053b0bc	string	00532cbc	blnForceShow
0053b0cc	string		blnTellAFriend
0053b0dc	string	00533538	KeyRoot
0053b0e4	string	0053353c	KeyName
0053b0ec	string	00533540	SubKeyRef
0053b0f8	string	00533544	KeyVal
0053b16c	string	00533068	strText
0053b174	string	0053306c	nCode
0053b1b8	string	00533788	lInviteType
0053b1c4	string	0053321c,005332b8,00533318,005335d4,0053378c	pfEnableDefault
0053b1d4	string	0053320c,005332f0	MLIST
0053b1dc	string	005332b0	pRequestUser
0053b1f8	string	00533094,0053309c,005332b4,005335c4	pIMSession
0053b204	string	005330c0	lresult
0053b20c	string	00533048,005330d8,00533220	pSession
0053b218	string	005335c8	pSourceUser
0053b224	string	005335cc	bstrMsgHeader
0053b234	string	005335d0	bstrMsgText
0053b240	string	00533310	MFOLDER
0053b248	string	00533314	cUnreadEmail
0053b258	string	00533240	bstrPrevFriendlyName
0053b270	string	00533090,00533098	pIMsgrUser
0053b27c	string	00533254	mLocalState
0053b294	string	0053308c,00533258	pService
0053b2a0	string	00533218	mPrevState
0053b2b8	string	00533224	oSession
0053b2c4	string	00532d24,00532d50,005330dc	pContact
0053b2d8	string	00533434	imObject
0053b2e4	string	00533438	strLogonName
0053b2f4	string	0053343c	blnUpdateCount
0053b304	string	00533070	vntIndexKey
0053b310	string		vIndexKey
0053b31c	string	00533268,00533414	objSession
0053b328	string	00533418	frmSessionForm
0053b350	string		strMessage
0053b35c	string		imFriend
0053b368	string	0053326c	strFriend
0053b374	string	00533270	blnSelfStart
0053b384	string	00533030	objFriend
0053b390	string	00533034	lngNewState
0053b39c	string	00533040	bbimNewSession
0053b3ac	string	00533044	blnUpdateCaption
005f5487	string		PhLiC
00671de0	TerminatedCString		MSVBVM60.DLL
00671df0	TerminatedCString		EVENT_SINK_GetIDsOfNames
00671e0c	TerminatedCString		__vbaVarTstGt
00671e1c	TerminatedCString		__vbaVarSub
00671e2a	TerminatedCString		__vbaStrI2
00671e38	TerminatedCString		_CIcos
00671e42	TerminatedCString		_adj_fptan
00671e50	TerminatedCString		__vbaVarMove
00671e60	TerminatedCString		__vbaStrI4
00671e6e	TerminatedCString		__vbaVarVargNofree
00671e84	TerminatedCString		__vbaAryMove
00671e94	TerminatedCString		__vbaFreeVar
00671ea4	TerminatedCString		__vbaLineInputStr
00671eb8	TerminatedCString		__vbaLateIdCall
00671eca	TerminatedCString		__vbaLenBstr
00671eda	TerminatedCString		__vbaStrVarMove
00671eec	TerminatedCString		__vbaEnd
00671ef8	TerminatedCString		__vbaVarIdiv
00671f08	TerminatedCString		__vbaFreeVarList
00671f1c	TerminatedCString		_adj_fdiv_m64
00671f2c	TerminatedCString		__vbaFpCDblR8
00671f3c	TerminatedCString		EVENT_SINK_Invoke
00671f50	TerminatedCString		__vbaVarIndexStore
00671f66	TerminatedCString		__vbaRaiseEvent
00671f78	TerminatedCString		__vbaFreeObjList
00671f8c	TerminatedCString		__vbaStrErrVarCopy
00671fa2	TerminatedCString		_adj_fprem1
00671fb0	TerminatedCString		__vbaRecAnsiToUni
00671fc4	TerminatedCString		__vbaI2Abs
00671fd2	TerminatedCString		__vbaResume
00671fe0	TerminatedCString		__vbaForEachCollAd
00671ff6	TerminatedCString		__vbaVarCmpNe
00672006	TerminatedCString		__vbaStrCat
00672014	TerminatedCString		__vbaLsetFixstr
00672026	TerminatedCString		__vbaBoolErrVar
00672038	TerminatedCString		__vbaWriteFile
0067204a	TerminatedCString		__vbaSetSystemError
00672060	TerminatedCString		__vbaRecDestruct
00672074	TerminatedCString		__vbaStrDate
00672084	TerminatedCString		__vbaNameFile
00672094	TerminatedCString		__vbaHresultCheckObj
006720ac	TerminatedCString		__vbaLenVar
006720ba	TerminatedCString		_adj_fdiv_m32
006720ca	TerminatedCString		__vbaVarTstLe
006720da	TerminatedCString		__vbaAryVar
006720e8	TerminatedCString		Zombie_GetTypeInfo
006720fe	TerminatedCString		__vbaVarCmpGe
0067210e	TerminatedCString		__vbaAryDestruct
00672122	TerminatedCString		EVENT_SINK2_Release
00672138	TerminatedCString		__vbaStrBool
00672148	TerminatedCString		__vbaBoolStr
00672158	TerminatedCString		__vbaVarForInit
0067216a	TerminatedCString		__vbaForEachCollObj
00672180	TerminatedCString		__vbaExitProc
00672190	TerminatedCString		__vbaOnError
006721a0	TerminatedCString		__vbaObjSet
006721ae	TerminatedCString		_adj_fdiv_m16i
006721c0	TerminatedCString		__vbaObjSetAddref
006721d4	TerminatedCString		_adj_fdivr_m16i
006721e6	TerminatedCString		__vbaVarIndexLoad
006721fa	TerminatedCString		__vbaFpR4
00672206	TerminatedCString		__vbaStrFixstr
00672218	TerminatedCString		__vbaBoolVar
00672228	TerminatedCString		__vbaRefVarAry
0067223a	TerminatedCString		__vbaVarTstLt
0067224a	TerminatedCString		__vbaBoolVarNull
0067225e	TerminatedCString		__vbaFpR8
0067226a	TerminatedCString		_CIsin
00672274	TerminatedCString		__vbaErase
00672282	TerminatedCString		__vbaNextEachCollObj
0067229a	TerminatedCString		__vbaVarZero
006722aa	TerminatedCString		__vbaVarCmpGt
006722ba	TerminatedCString		__vbaChkstk
006722c8	TerminatedCString		__vbaCyVar
006722d6	TerminatedCString		__vbaFileClose
006722e8	TerminatedCString		EVENT_SINK_AddRef
006722fc	TerminatedCString		__vbaVarAbs
0067230a	TerminatedCString		__vbaGenerateBoundsError
00672326	TerminatedCString		__vbaExitEachColl
0067233a	TerminatedCString		__vbaStrCmp
00672348	TerminatedCString		__vbaAryConstruct2
0067235e	TerminatedCString		__vbaVarTstEq
0067236e	TerminatedCString		__vbaPutOwner3
00672380	TerminatedCString		__vbaPutOwner4
00672392	TerminatedCString		__vbaR4Str
006723a0	TerminatedCString		__vbaDateR8
006723ae	TerminatedCString		__vbaPrintObj
006723be	TerminatedCString		__vbaObjVar
006723cc	TerminatedCString		__vbaI2I4
006723d8	TerminatedCString		DllFunctionCall
006723ea	TerminatedCString		__vbaVarOr
006723f8	TerminatedCString		__vbaCastObjVar
0067240a	TerminatedCString		__vbaLbound
00672418	TerminatedCString		__vbaRedimPreserve
0067242e	TerminatedCString		__vbaStrR4
0067243c	TerminatedCString		_adj_fpatan
0067244a	TerminatedCString		__vbaR4Var
00672458	TerminatedCString		__vbaFixstrConstruct
00672470	TerminatedCString		__vbaLateIdCallLd
00672484	TerminatedCString		Zombie_GetTypeInfoCount
0067249e	TerminatedCString		__vbaStrR8
006724ac	TerminatedCString		__vbaRedim
006724ba	TerminatedCString		__vbaRecUniToAnsi
006724ce	TerminatedCString		EVENT_SINK_Release
006724e4	TerminatedCString		__vbaNew
006724f0	TerminatedCString		_CIsqrt
006724fa	TerminatedCString		__vbaObjIs
00672508	TerminatedCString		__vbaRedimVar
00672518	TerminatedCString		__vbaVarAnd
00672526	TerminatedCString		EVENT_SINK_QueryInterface
00672542	TerminatedCString		__vbaVarMul
00672550	TerminatedCString		__vbaExceptHandler
00672566	TerminatedCString		__vbaPrintFile
00672578	TerminatedCString		__vbaInputFile
0067258a	TerminatedCString		__vbaStrToUnicode
0067259e	TerminatedCString		__vbaDateStr
006725ae	TerminatedCString		_adj_fprem
006725bc	TerminatedCString		_adj_fdivr_m64
006725ce	TerminatedCString		__vbaLateIdStAd
006725e0	TerminatedCString		__vbaR8ErrVar
006725f0	TerminatedCString		__vbaI2Str
006725fe	TerminatedCString		__vbaFailedFriend
00672612	TerminatedCString		__vbaVarCmpLe
00672622	TerminatedCString		__vbaFPException
00672636	TerminatedCString		__vbaInStrVar
00672646	TerminatedCString		__vbaUbound
00672654	TerminatedCString		__vbaStrVarVal
00672666	TerminatedCString		__vbaGetOwner4
00672678	TerminatedCString		__vbaVarCat
00672686	TerminatedCString		__vbaDateVar
00672696	TerminatedCString		__vbaI2Var
006726a4	TerminatedCString		_CIlog
006726ae	TerminatedCString		__vbaErrorOverflow
006726c4	TerminatedCString		__vbaFileOpen
006726d4	TerminatedCString		__vbaVarLateMemCallLdRf
006726ee	TerminatedCString		__vbaInStr
006726fc	TerminatedCString		__vbaVar2Vec
0067270c	TerminatedCString		__vbaR8Str
0067271a	TerminatedCString		__vbaNew2
00672726	TerminatedCString		_adj_fdiv_m32i
00672738	TerminatedCString		_adj_fdivr_m32i
0067274a	TerminatedCString		__vbaStrCopy
0067275a	TerminatedCString		EVENT_SINK2_AddRef
00672770	TerminatedCString		__vbaI4Str
0067277e	TerminatedCString		__vbaVarCmpLt
0067278e	TerminatedCString		__vbaFreeStrList
006727a2	TerminatedCString		_adj_fdivr_m32
006727b4	TerminatedCString		__vbaPowerR8
006727c4	TerminatedCString		__vbaR8Var
006727d2	TerminatedCString		_adj_fdiv_r
006727e0	TerminatedCString		__vbaVarTstNe
006727f0	TerminatedCString		__vbaI4Var
006727fe	TerminatedCString		__vbaVarCmpEq
0067280e	TerminatedCString		__vbaVarAdd
0067281c	TerminatedCString		__vbaLateMemCall
00672830	TerminatedCString		__vbaAryLock
00672840	TerminatedCString		__vbaStrToAnsi
00672852	TerminatedCString		__vbaVarDup
00672860	TerminatedCString		__vbaVerifyVarObj
00672874	TerminatedCString		__vbaFpI2
00672880	TerminatedCString		__vbaVarMod
0067288e	TerminatedCString		__vbaVarLateMemCallLd
006728a6	TerminatedCString		__vbaVarTstGe
006728b6	TerminatedCString		__vbaVarCopy
006728c6	TerminatedCString		__vbaFpI4
006728d2	TerminatedCString		__vbaR8IntI2
006728e2	TerminatedCString		__vbaLateMemCallLd
006728f8	TerminatedCString		__vbaRecDestructAnsi
00672910	TerminatedCString		_CIatan
0067291a	TerminatedCString		__vbaAryCopy
0067292a	TerminatedCString		__vbaStrMove
0067293a	TerminatedCString		__vbaCastObj
0067294a	TerminatedCString		__vbaHresultCheckNonvirt
00672966	TerminatedCString		__vbaR8IntI4
00672976	TerminatedCString		__vbaI4Cy
00672982	TerminatedCString		__vbaVarNeg
00672990	TerminatedCString		_allmul
0067299a	TerminatedCString		__vbaLateIdSt
006729aa	TerminatedCString		__vbaAryRecCopy
006729bc	TerminatedCString		_CItan
006729c6	TerminatedCString		__vbaNextEachCollAd
006729dc	TerminatedCString		__vbaFPInt
006729ea	TerminatedCString		__vbaAryUnlock
006729fc	TerminatedCString		__vbaVarForNext
00672a0e	TerminatedCString		_CIexp
00672a18	TerminatedCString		__vbaRecAssign
00672a2a	TerminatedCString		__vbaI4ErrVar
00672a3a	TerminatedCString		__vbaFreeObj
00672a4a	TerminatedCString		__vbaFreeStr
00686402	unicode		_IID_CPERIOD
0068641c	unicode		_IID_CLSADDRESSBOOK
00686444	unicode		TYPELIB
00686454	unicode		_SRCIID_CLSSTORYREADER
00686482	unicode		_IID_CLSBBPLAYER
006864a4	unicode		_IID_CCALENDARVBPERIOD
006864d2	unicode		_SRCIID_CLSBBPLAYER
006864fa	unicode		_IID_CLSSTORYREADER
00686522	unicode		_IID_CPERIODS
0068653e	unicode		_IID_CLSDOWNLOADMANAGER
0068656e	unicode		_IID_CCALENDARVBPERIODS
006865a6	unicode		VS_VERSION_INFO
00686602	TerminatedUnicode		VarFileInfo
00686622	TerminatedUnicode		Translation
00686646	TerminatedUnicode		StringFileInfo
0068666a	TerminatedUnicode		040904B0
00686682	TerminatedUnicode		CompanyName
0068669c	TerminatedUnicode		BONZI.COM Software
006866ca	TerminatedUnicode		FileDescription
006866ec	TerminatedUnicode		BonziBUDDY, the intelligent, interactive traveling companion on the Internet.
0068678e	TerminatedUnicode		ProductName
006867a8	TerminatedUnicode		BonziBUDDY
006867c6	TerminatedUnicode		FileVersion
006867e0	TerminatedUnicode		3.05
006867f2	TerminatedUnicode		ProductVersion
00686810	TerminatedUnicode		3.05
00686822	TerminatedUnicode		InternalName
0068683c	TerminatedUnicode		BonziBDY
00686856	TerminatedUnicode		OriginalFilename
00686878	TerminatedUnicode		BonziBDY.EXE
0068689a	TerminatedUnicode		OLESelfRegister
