address	type	used_by_functions	string
004001b8	char[8]		.text
004001e0	char[8]		.data
00400208	char[8]		.rsrc
00400240	TerminatedCString		MSVBVM60.DLL
00413709	string		BonziBUDDY
00413715	string		BonziBUDDY
00429781	string		BonziBUDDY.CalendarVB
00429797	string		CalendarVB
004298e8	string		AgentCtl.dll
004298f5	string		AgentObjectsCtl.Agent
0042990b	string		Agent
00429a88	string		ReadyState
00429a9f	string		SHDocVwCtl.WebBrowser
00429ab5	string		WebBrowser
00429be8	string		LookupTimeOut
00429bf6	string		BlockingMode
00429c03	string		IncludeDefaultMX
00429c5c	string		UTDns.dll
00429c66	string		UTDNSLibCtl.DNS
00429da8	string		MSINET.OCX
00429db3	string		InetCtlsObjects.Inet
00429f88	string		Enabled
00429f90	string		HotTracking
00429f9c	string		MultiSelect
00429fa8	string		Separators
0042a008	string		MSComctlLib.TabStrip
0042a01d	string		TabStrip
0042a1b8	string		Enabled
0042a1c0	string		BorderStyle
0042a221	string		MSComctlLib.Toolbar
0042a235	string		Toolbar
0042a3ed	string		MSComctlLib.StatusBar
0042a403	string		StatusBar
0042a5a5	string		MSComctlLib.ProgressBar
0042a5bd	string		ProgressBar
0042a79d	string		MSComctlLib.TreeView
0042a7b2	string		TreeView
0042a98d	string		MSComctlLib.ListView
0042a9a2	string		ListView
0042aad5	string		MSComctlLib.ImageList
0042aaeb	string		ImageList
0042ac70	string		Enabled
0042accd	string		MSComctlLib.Slider
0042ace0	string		Slider
0042ae28	string		MSWINSCK.OCX
0042ae35	string		MSWinsockLib.Winsock
0042ae4a	string		Winsock
0042af44	string		Regicon.ocx
0042af50	string		RegistryControl.RegiCon
0042af68	string		RegiCon
0042b118	string		BackColor
0042b122	string		Enabled
0042b12a	string		TextRTF
0042b16d	string		RichTextLib.RichTextBox
0042b185	string		RichTextBox
0042b328	string		Caption
0042b362	string		Threed.SSFrame
0042b371	string		SSFrame
0042b520	string		Caption
0042b55a	string		Threed.SSPanel
0042b569	string		SSPanel
0042b738	string		DataValue
0042b742	string		Caption
0042b77c	string		Threed.SSOption
0042b78c	string		SSOption
0042b950	string		Caption
0042b958	string		BoundValue
0042b995	string		Threed.SSCheck
0042b9a4	string		SSCheck
0042bb68	string		Caption
0042bb70	string		Value
0042bba8	string		Threed.SSCommand
0042bbb9	string		SSCommand
0042bd80	string		Caption
0042bdae	string		sstabs2.ocx
0042bdba	string		ActiveTabs.SSActiveTabs
0042bdd2	string		SSActiveTabs
0042bed6	string		sstabs2.ocx
0042bee2	string		ActiveTabs.SSActiveTabPanel
0042befe	string		SSActiveTabPanel
0043a958	string		frmInput
0043a964	string		frmSpeak
0043a970	string		frmProgress
0043a97c	string		frmMailSetup
0043a98c	string		frmAddFile
0043a998	string		frmDownloader
0043a9a8	string		frmDownloaderOptions
0043a9c0	string		CalendarVB
0043a9cc	string		clsStoryReader
0043a9dc	string		clsDownloadManager
0043a9f0	string		clsDrawPictures
0043aa00	string		CPeriod
0043aa08	string		CPeriods
0043aa14	string		CMemoryDC
0043aa20	string		FToolTip
0043aa2c	string		ppAppearance
0043aa3c	string		frmAddressBook
0043aa4c	string		frmAddressProperties
0043aa64	string		frmEmailConfirm
0043aa74	string		frmEmailQueue
0043aa84	string		frmTellAFriend
0043aa94	string		frmSingSong
0043aaa0	string		frmMusicLicense
0043aab0	string		clsClickTheButton
0043aac4	string	00438930	modAgent
0043aad0	string		frmMsgEdit
0043aadc	string		frmRegistration
0043aaec	string		frmPrivacyPolicy
0043ab00	string		frmOptionsTabbed
0043ab14	string		clsBonziEventProduct
0043ab2c	string		clsBonziEventQueue
0043ab40	string		clsBonziEventQueueItem
0043ab58	string		clsBonziEventSkeleton
0043ab70	string		clsBonziEventUpdate
0043ab84	string		clsBonziEventDaily
0043ab98	string		clsBonziEventEmail
0043abac	string		modGOLDMembers
0043abbc	string		frmAgent
0043abc8	string		frmAppointment
0043abd8	string		frmDialog
0043abe4	string		frmConnectionType
0043abf8	string		frmCalendar2
0043ac08	string		frmNBAbout
0043ac14	string		frmNBProgress
0043ac24	string		frmNetBOOST
0043ac40	string		frmCalendarReminder
0043ac54	string		frmBBIMOptions
0043ac64	string		frmBBIMReverseList
0043ac78	string		frmBBIMDialog
0043ac88	string		frmBBIMSession
0043ac98	string		frmBBIMUserProperties
0043acb0	string		frmBBIMMain
0043acbc	string		clsBBPlayer
0043acc8	string		CCalendarVBMethods
0043acdc	string		CCalendarVBVars
0043acec	string		CCalendarVBPeriod
0043ad00	string		CCalendarVBPeriods
0043ad1c	string		cFlatControl
0043ad2c	string		clsAddressBook
0043ad3c	string		clsBBuddyMoveClass
0043ad50	string		modFancyPreviousInstanceStuff
0043ad70	string		modMail
0043ad78	string		BBIMContact
0043ad84	string		BBIMContacts
0043ad94	string		BBIMSession
0043ada0	string		BBIMSessions
0043adb0	string		modGenericCommands
0043adc4	string		modTextCrypt
0043addc	string		frmGoldOptions
0043adec	string		frmGoldLogin
0043adfc	string		frmGoldChangePassword
0043ae14	string		frmGoldPasswordEntry
0043ae2c	string		clsBonziEventTap
0043ae48	string		modRandom
0043ae54	string		modTimeAPI
0043ae60	string		clsRegistration
0043ae70	string		BonziBUDDY
0043ae80	unicode	FUN_005c8a10,FUN_005cb540	SaveAsDialogCancel
0043aeac	unicode	FUN_006a5dc0	V385
0043aebc	unicode	FUN_006a5dc0	V389
0043aecc	unicode	FUN_0062e500,FUN_00679a40	http://my.lycos.com/setup.asp?src=bonzi
0043af20	unicode	FUN_0062e500	http://my.lycos.com/reg/bonzi.asp
0043af68	unicode	FUN_00665990	Sites.nbd
0043af80	unicode	FUN_006ad130	bbmail.dat
0043af9c	unicode	FUN_00699020	http://search.lycos.com/main/setup.asp?src=bonzi&query=
0043b02c	unicode	FUN_006b87f0	Bonzi.acs
0043b044	unicode	FUN_00655d30,FUN_0066b3b0,FUN_0066cc70,FUN_0068ffd0,FUN_0069f760,FUN_006b41a0,FUN_006b87f0,FUN_006b99e0	Bonzi
0043b054	unicode	FUN_006b5b80	BonziBDY.exe
0043b074	unicode	FUN_00641120	http://www.bonzi.com/bonziportal/index.asp?l=home&t=privacy&pid=bdy
0043b100	unicode		HTTP://download.bonzi.com/updates/bbyupdatewithreader.exe
0043b178	unicode		http://www.bonzi.com/bonzibuddy/home.asp?loc=http://www.lycos.com/srch/
0043b20c	unicode	FUN_00678650	http://www.lycos.com/srch/
0043b248	unicode	FUN_005bd930,FUN_00699020	What are we looking for?  Enter search word(s) or topic(s) below and we'll travel the world until we find it!
0043b328	unicode		Receipt.htm
0043b344	unicode		NewSetup.exe
0043b364	unicode	FUN_005bd930,FUN_0066cc70	Let's Travel! Simply enter the web site address below and off we go! (ie: www.bonzi.com)
0043b41c	unicode	FUN_005bd930,FUN_006427d0,FUN_0066cc70	Enter your name or a name that you would like to be called and press OK.
0043b4b4	unicode	FUN_0067bdc0	HTTP://download.bonzi.com/updates/bbyupdate.exe
0043b518	unicode		bb32.dll
0043b530	unicode	FUN_0069b720	Prod001.nbd
0043b550	unicode	FUN_005d89f0,FUN_0065e150,FUN_0066cc70,FUN_00679a40,FUN_00680f90,FUN_00683080,FUN_00686be0,FUN_006877a0,FUN_00687d70,FUN_006882e0,FUN_00688660,FUN_00688b30,FUN_00688fe0,FUN_006894d0,FUN_00689830,FUN_00689d40,FUN_006b99e0	HTTP://www.bonzi.com/bonzibuddy/home.asp
0043b5a8	unicode	FUN_00650800,FUN_0066cc70,FUN_0068f2c0,FUN_00699020	HTTP://www.bonzi.com/bonziportal/index.asp?nav=bbmenu
0043b618	unicode	FUN_0068b280	http://www.bonzi.com/bonzibuddy/home.asp?loc=mnu_support
0043b690	unicode	FUN_00664e00	\ctx="email"\www.Bonzi.com\rst\
0043b6d4	unicode	FUN_0068ffd0	http://www.bonzi.com/bonzibuddy/bonziupdate.asp
0043b73c	unicode	FUN_00637670	https://secure.bonzi.com/bonzibuddy/bbregisteruser.asp
0043b7b0	unicode		HTTP://www.bonzi.com/bonzibuddy/productoffer.asp
0043b818	unicode		https://webserver1.bonzi.com/scripts/download/bbdownload.asp
0043b898	unicode	FUN_0068f570	http://www.bonzi.com/bonzibuddy/tellfriends.asp
0043b8fc	unicode	FUN_00636330,FUN_0063aa70	Reg.nbd
0043b910	unicode	FUN_00650800,FUN_0066cc70,FUN_006a5dc0,FUN_00733200	BBHome
0043b924	unicode	FUN_00650800,FUN_00657440,FUN_0066cc70	http://www.bonzi.com/bonzibuddy/yesno.asp
0043b97c	unicode		http://www.bonzi.com/bonzibuddy/bonzibuddymail.asp
0043b9e8	unicode	FUN_0068fb10	http://www.bonzi.com/bonzibuddy/home.asp?loc=
0043ba48	unicode	FUN_0066cc70,FUN_006871c0,FUN_006ab9c0	http://www.microsoft.com/windows/ie/default.htm
0043baac	unicode		http://free.aol.com/tryaolfree/index.adp
0043bb04	unicode	00663181,FUN_0066cc70,FUN_00682480,FUN_0068b680,FUN_0068bd10,FUN_006a6900	http://www.bonzi.com/bonzibuddy/bbproducts.asp
0043bb68	unicode	FUN_0067f320	bonzi.com/scripts/download/download.asp
0043bbbc	unicode	FUN_00606ac0,FUN_0060cf50	www.bonzi.com/emsmtp.asp
0043bbf4	unicode		http://www.bonzi.com/bonzibuddy/bnzsend.asp?BNZSEND=TRUE
0043bc6c	unicode		http://www1.bonzi.com/bonzibuddy/bnzsend.asp
0043bccc	unicode	FUN_006983e0	T001.nbd
0043bce4	unicode	FUN_00603400	http://www.bonzi.com/bonzibuddy/bonzimailhelp.asp
0043bd4c	unicode		Commands.nbd
0043bd6c	unicode		Command.tmp
0043bd88	unicode	0061e1eb,FUN_0061eb30	Search.nbd
0043bda4	unicode	0061e562	Browse.nbd
0043bdc0	unicode		Browse.tmp
0043bddc	unicode		History.nbd
0043bdf8	unicode	FUN_0067b320	Results.html
0043be18	unicode	FUN_0067bdc0	Update.exe
0043be34	unicode	FUN_0067bdc0,FUN_0069d570,FUN_0069def0	Daily.nbd
0043be4c	unicode	FUN_006a3db0,FUN_006c68b0,FUN_006c9120,FUN_006ca850,FUN_006cc620,FUN_006ccd80	Apps.nbd
0043be64	unicode	FUN_006983e0	J001.nbd
0043be94	unicode	FUN_006983e0	P001.nbd
0043beac	unicode		bbapp32.dll
0043bec8	unicode		D:\Program Files\DevStudio\3rd Party Controls\ActiveSkin 2.2\Samples\SkinBrowser\Skins\Navigator\
0043bf90	unicode	FUN_005c55e0,FUN_005c5e60,FUN_005c68e0,FUN_006b4920	Downloads.nbd
0043bfb0	unicode	FUN_0067bdc0	siteoftheday=
0043bfd0	unicode		siteofthedayurl=
0043c01c	unicode	FUN_0067bdc0	jokeoftheday=
0043c03c	unicode	FUN_0067bdc0	animation=
0043c058	unicode	FUN_0067bdc0	currentversion=
0043c07c	unicode		updatesize=
0043c098	unicode		http://buddy.bonzi.com/bonzibuddy/interests/
0043c0f8	unicode	FUN_0069d570	http://buddy.bonzi.com/bonzibuddy/daily.nbd?
0043c158	unicode	FUN_0069bb00	http://buddy.bonzi.com/bonzibuddy/products.nbd?
0043c1bc	unicode	FUN_0069a760	http://buddy.bonzi.com/bonzibuddy/updates.nbd?
0043c220	unicode	FUN_005c2580,FUN_005c55e0,FUN_005c5e60,FUN_005d0350,FUN_006b4920	Download Complete
0043c248	unicode	FUN_005c2580,FUN_005c55e0,FUN_005c5e60,FUN_006a6490,FUN_006b4920,FUN_00721650	Installed
0043c260	unicode	FUN_005caef0,FUN_005cb540,FUN_005d0350,FUN_005d98b0,FUN_005da170,FUN_005dabe0,FUN_005db410,FUN_0066b0e0,FUN_006c3410,FUN_006c39f0	Downloader
0043c2e8	unicode	FUN_005e64b0	1.0.06
0043c2fc	unicode	FUN_005ec310	ActiveDayFont
0043c31c	unicode	FUN_005df290,FUN_005e25f0,FUN_005ec4c0	ActiveDayFontBold
0043c344	unicode	FUN_005df290,FUN_005e25f0,FUN_005ec6b0	ActiveDayFontItalic
0043c370	unicode	FUN_005df290,FUN_005e25f0,FUN_005ec8b0	ActiveDayFontName
0043c398	unicode	FUN_005df290,FUN_005e25f0,FUN_005ecaa0	ActiveDayFontSize
0043c3c0	unicode	FUN_005df290,FUN_005e25f0,FUN_005e5020	ActiveDayForeColor
0043c3ec	unicode	FUN_005df290,FUN_005e25f0,FUN_005e4030	AutoPaint
0043c404	unicode	FUN_005df290,FUN_005e25f0,FUN_005e4af0	BackColor
0043c42c	unicode	FUN_005df290,FUN_005e25f0,FUN_005e4170	BorderStyle
0043c448	unicode	FUN_005df290,FUN_005e25f0,FUN_005e43d0	CalendarType
0043c468	unicode	FUN_005df290,FUN_005e25f0,FUN_005e5520	CurrentPeriodbackColor
0043c49c	unicode	FUN_005df290,FUN_005e25f0,FUN_005e5660	CurrentPeriodForeColor
0043c4d0	unicode	FUN_005df290,FUN_005e25f0,FUN_005e94c0	DateTipFormat
0043c4f0	unicode	FUN_005df290,FUN_005e25f0,FUN_005e4c50	DayNumberAlignment
0043c51c	unicode	FUN_005df290,FUN_005e25f0,FUN_005e4da0	DayHeaderBackColor
0043c548	unicode	FUN_005df290,FUN_005e25f0,FUN_005e4ee0	DayHeaderForeColor
0043c574	unicode	FUN_005df290,FUN_005e25f0,FUN_005ea780	DayHeaderFormat
0043c598	unicode	FUN_005ea8f0	DayHeaderFont
0043c5b8	unicode	FUN_005df290,FUN_005e25f0,FUN_005eaba0	DayHeaderFontBold
0043c5e0	unicode	FUN_005df290,FUN_005e25f0,FUN_005ece20	PeriodRows
0043c5fc	unicode	FUN_005df290,FUN_005e25f0,FUN_005ead90	DayHeaderFontItalic
0043c628	unicode	FUN_005df290,FUN_005e25f0,FUN_005eb010	DayHeaderFontName
0043c650	unicode	FUN_005df290,FUN_005e25f0,FUN_005eb200	DayHeaderFontSize
0043c678	unicode	FUN_005eb3b0	DaysFont
0043c690	unicode	FUN_005df290,FUN_005e25f0,FUN_005eb560	DaysFontBold
0043c6b0	unicode	FUN_005df290,FUN_005e25f0,FUN_005eb750	DaysFontItalic
0043c6d4	unicode	FUN_005df290,FUN_005e25f0,FUN_005eb950	DaysFontName
0043c6f4	unicode	FUN_005df290,FUN_005e25f0,FUN_005ebb40	DaysFontSize
0043c714	unicode	FUN_005df290,FUN_005e25f0,FUN_005ebcf0	Enabled
0043c728	unicode	FUN_005df290,FUN_005e25f0,FUN_005ec1a0	ExtraWeekPlacement
0043c754	unicode	FUN_005df290,FUN_005e25f0,FUN_005e5dc0	FirstDayOfWeek
0043c778	unicode	FUN_005df290,FUN_005e25f0,FUN_005e5160	FlatLineColor
0043c798	unicode	FUN_005df290,FUN_005e25f0,FUN_005e5f10	LineStyle
0043c7b0	unicode	FUN_005df290,FUN_005ecc70	Periods
0043c7c4	unicode	FUN_005dde90,FUN_005df290,FUN_005e25f0,FUN_005e62c0,FUN_005e9060	Picture
0043c7d8	unicode	FUN_005df290,FUN_005e25f0,FUN_005e52a0	PrePeriodBackColor
0043c804	unicode	FUN_005df290,FUN_005e25f0,FUN_005e53e0	PrePeriodforeColor
0043c858	unicode	FUN_005df290,FUN_005e25f0,FUN_005e57a0	PostPeriodBackColor
0043c884	unicode	FUN_005df290,FUN_005e25f0,FUN_005e58e0	PostPeriodforeColor
0043c8b0	unicode	FUN_005df290,FUN_005e25f0	ShowDateTip
0043c8cc	unicode	FUN_005df290,FUN_005e25f0,FUN_005e49b0	ShowDayHeader
0043c8ec	unicode	FUN_005df290,FUN_005e25f0	ShowPeriodList
0043c910	unicode	FUN_005df290,FUN_005e25f0	ShowYearList
0043c930	unicode	FUN_005e25f0	URLLocation
0043c94c	unicode	FUN_005df290,FUN_005e25f0,FUN_005e62c0	URLPicture
0043c968	unicode	FUN_005df290,FUN_005e25f0,FUN_005e65b0	YearBegin
0043c97c	string		fraUserInfo
0043c98c	unicode	FUN_005df290,FUN_005e25f0,FUN_005e68d0	YearEnd
0043c9a0	unicode	FUN_005df290,FUN_005e25f0,FUN_005e6050	YearStartPlacement
0043c9cc	unicode	FUN_005de230,FUN_005df290,FUN_005e25f0,FUN_005fea60	Dddd Mmm dd, yyyy
0043ca48	string		Class
0043ca60	string	0043ca9c	C:\WINNT\system32\msvbvm60.dll\3
0043ca84	string	0043caa0	VBRUN
0043cad0	string	0043cdcc,0043ce0c,0043d03c,0043d13c,0043d180,0043d214,0043d25c,0043d6fc,0043d804,0043d850,0043d894,0043dea4,00440808,00440854,004414d0,0044339c,00446788,00446860,004468a4,004468ec,00446950,0044746c,004482d4,0044c8e4,0044ce64,0044d584,0044d5c8,0044d7d4,0044d818,0047475c,004747a0,004747e8,00474830,0047487c,00474908,0047494c,004749b0,004749f4,00474a84,00474ac8,00474b0c	user32
0043cadc	string		DrawIcon
0043cb20	string	0043cb8c,0043cc60,0043ccb0,0043cd44,0043cd88,0043ce4c,0043ce94,0043cedc,0043cf20,0043cf68,0043cfb0,0043d0f4,0043d1d0,0043d308,0043d34c,0043d4c0,0043d504,0043d548,0043d58c,0043d5f0,0043d674,0043d6b8,0043d740,00447a54	gdi32
0043cb28	string	00439da0,00439da4	AlwaysOnTop
0043cb38	string		CreateSolidBrush
0043cbc4	string		SetBkColor
0043cc08	string		CreateCompatibleDC
0043cc54	string		DeleteDC
0043cc98	string		CreateCompatibleBitmap
0043cce8	string		SelectObject
0043cd34	string		DeleteObject
0043cd7c	string		GetPixel
0043cdc0	string		GetSysColor
0043ce84	string		SetTextColor
0043cecc	string		CreateBitmap
0043cf14	string		GetBkColor
0043cf58	string		GetTextColor
0043cfa0	string		SelectPalette
0043cfe8	string		RealizePalette
0043d030	string		ReleaseDC
0043d074	string	0043d0a4,0043d470,0043e448,004406cc,0044089c,00477454	kernel32
0043d094	string		RtlMoveMemory
0043d0dc	string		CreateHalftonePalette
0043d12c	string		GetClientRect
0043d174	string		InvertRect
0043d1b8	string		GetTextExtentPoint32A
0043d208	string		DrawStateA
0043d24c	string		DrawEdge
0043d294	string	0043d2bc	oleaut32.dll
0043d2a8	string		OleTranslateColor
0043d2f4	string		CreatePatternBrush
0043d340	string		SetBkMode
0043d384	string		GetDesktopWindow
0043d3d0	string		UpdateWindow
0043d418	string		CreateDCA
0043d460	string		GetLastError
0043d4a8	string		GetCurrentPositionEx
0043d4f8	string		MoveToEx
0043d53c	string		TextOutA
0043d580	string		ExtTextOutA
0043d5c4	string		SetTextAlign
0043d5d8	string		EndPath
0043d5e0	string	0043a6a4	DrawImage
0043d628	string		LineTo
0043d668	string		Rectangle
0043d6ac	string		RoundRect
0043d6f0	string		FillRect
0043d734	string		CreatePen
0043d778	string		BeginPath
0043d7f4	string		DrawFocusRect
0043d83c	string		DrawFrameControl
0043d888	string		DrawTextA
0043d8c8	string	0043a654,0043a658	CurrentX
0043d8d4	string	0043a65c,0043a660	CurrentY
0043d8e0	string	0043a664	ErrNumber
0043d8ec	string	0043a678	LineFromTo
0043d8f8	string	0043a67c	LineTo
0043d900	string	0043a680	Rectangle
0043d90c	string	0043a684	TextOut
0043d914	string	0043a688,0043a68c	TextAlignment
0043d924	string	0043a690	DrawBorder
0043d930	string	0043a694	DrawFocusRect
0043d940	string	0043a698	DrawComponent
0043d950	string	0043a69c	DrawText
0043d95c	string	0043a6a0	ShadeRect
0043d96c	string	0043d9a4	C:\WINNT\system32\STDOLE2.TLB
0043d98c	string	0043d9a8	stdole
0043d9cc	string	0043a6b0	TileBitmap
0043d9d8	string	004395c4,004395c8,004398a4,004398a8,0043a6b4,0043a6b8	BackColor
0043d9e4	string	004395ec,004395f0,0043a6bc,0043a6c0	FlatLineColor
0043d9f4	string	0043a6c4,0043a6c8	ForeColor
0043da00	string	0043a6cc	DrawStart
0043da0c	string	0043a6d0	DrawStop
0043da18	string	0043a6d4	FillRect
0043da24	string	0043a6d8	InvertRect
0043da48	string	0043a6e4	Draw3DRect
0043da54	string	0043a6e8	ThreeDFaceColor
0043da64	string	0043a6ec	ThreeDHighlightColor
0043da7c	string	0043a6f0	ThreeDShadowColor
0043da90	string	0043a6f4	CopyDC
0043daac	unicode	FUN_0070cde0,FUN_0070d350	AddressBook
0043dac8	unicode	FUN_00622520,FUN_0062a780,FUN_006b31f0,FUN_006b5090	.BBMA
0043dad8	unicode	FUN_006056c0,FUN_0062a780,FUN_00711370	.BBMT
0043db0c	unicode	FUN_005bf1a0,FUN_00606ac0,FUN_00641da0,FUN_006ad130	BONZI.COM Software (Single Developer)/0030530910071B009C00
0043db88	unicode	FUN_00623640	http://www.bonzi.com/bonzibuddy/bmtoolbar.asp
0043dbe8	unicode	FUN_00610dc0,FUN_0061aa30	s1.nbd
0043dbfc	unicode		http://www.bonzi.com/bonzibuddy/goldmembers/access.asp
0043dc70	unicode	FUN_0071e6a0	https://secure.bonzi.com/bonzibuddy/goldmembers/
0043dcd4	string		mnuInteractionControl
0043dcf4	unicode	FUN_0065c1a0,FUN_00721a70,FUN_00726960	http://secure.bonzi.com/bonzibuddy/goldmembers/broker.asp
0043dd6c	unicode	FUN_00733200	http://www.bonzi.com/bonziportal/bin/broker.asp
0043ddd0	unicode	FUN_0065c1a0,FUN_00721a70,FUN_00726960	http://www.bonzi.com/bonzibuddy/goldmembers/b17signup.asp
0043de48	unicode		https://www.bonzi.com/support/certificate.htm
0043dfa0	unicode	FUN_006ce7c0	PATH
0043dfb0	unicode	FUN_007109a0,FUN_00710a50	BonziBUDDY-JamesPNance5-17-2000AD-9:36.04AM PDT
0043e014	unicode	FUN_00715130	(Browse | Go | Visit) [to] [your] [my] (home | web) [web] [site]
0043e098	string		mnuIS_BooksItem1
0043e124	unicode	FUN_00715130	(Search | Find) [(for | the web | the internet)]
0043e18c	unicode	FUN_00715130	(Exit | Goodbye | Leave | See you Later | Go away  | Bugger off) [Bonzi]
0043e224	unicode	FUN_00715130	Read [(it | web page | page | selection | text | document)]
0043e2a0	unicode	FUN_00715130	(Open | Show) (Advance | Advanced) [Character] Options
0043e314	unicode		(Close | Hide | Done | Finished) (Advance | Advanced) [Character] Options
0043e3ac	unicode	FUN_00715130	(Bonzi Buddy) [Commands]
0043e3e4	unicode	FUN_00715130	(Sing [to] [me] [a] [Song])
0043e480	unicode	FUN_00715130	([Show | me | the | a | my | your]) (appointment | schedule | calendar | remind me | reminder) [appointment | date | reminder]
0043e5f0	unicode	FUN_00715130	[Change] [I want to change] [Call me] [my] (name | salutation)
0043e674	unicode	FUN_00715130	(Yes | Yep | Yeah | Sure | Do it | Make it so) [thank you] [thanks] [Bonzi]
0043e710	unicode	FUN_00715130	(No | Nope) [thank you] [thanks] [Bonzi]
0043e768	unicode	FUN_00715130	(Hello | Hi | Hey) [there] [Bonzi] [Dude] [my man] [buddy]
0043e7e4	unicode	FUN_00715130	[Bonzi] [please] [read] Bonzi and the Internet
0043e85c	unicode	FUN_00715130	[Tell me about] [How do I use] [Show me] (Speech Recognition | Voice Recognition) [Help]
0043e914	unicode	FUN_00715130	[Tell] [me] [Let's hear] [How about] ([a | another]) Joke [please] [Bonzi]
0043e9b0	unicode	FUN_00715130	[Bonzi] [please] ([Check for] | [Look for]) [new] (add ons | products)
0043ea44	unicode	FUN_00715130	[Bonzi] (What's | What is | What) (new | going on | up | going down | happening | are are you up to) [with you] [these days] [today] [Bonzi]
0043eb64	unicode	FUN_00715130	[Bonzi] (How are you | How ya | How's it) [doing] [feeling] [going] [today] [Bonzi]
0043ec10	string		ShellExecuteA
0043ec20	string		mnuCheckForNews
0043ec34	unicode	FUN_00715130	(I'm | Things are) ([doing | feeling | going]) [very] [just] [somewhat] (well | fine | OK | good | wonderful | nice | great) [myself] [Bonzi] ([thanks | thank you]) [very much] [for] [the concern] [asking] [Bonzi]
0043ee10	string		BringWindowToTop
0043ee28	unicode	FUN_00715130	(I'm | Things are) [not] ([doing | feeling | going]) [very] [just] [somewhat] (not good | not well | bad | awful | horrible | poorly | troubled | sad | not nice | not too good | no very well) [myself] [Bonzi] [but] ([thanks | thank you]) [very much] [for] [the concern] [asking] [Bonzi]
0043f06c	unicode	FUN_00715130	([I want to | Let's | Please | I need to | I would like to | Can I | Let me]) (Registration | Register) [me]
0043f14c	unicode		[show] [me] [the] [my] [bonzi buddy] (Wallet) [please] [Bonzi]
0043f1d0	unicode	FUN_00715130	([What is the] | [Tell me the]) (Time | What time is it) [Bonzi]
0043f25c	unicode	FUN_00715130	([I want to | Let's | Please | I need to | I would like to | Can I | Let me]) (Tell a friend | Tell my friend) [about] ([you | me | bonzi buddy | this | Bonzi]) [please] [Bonzi]
0043f3c4	unicode	FUN_00715130	[Bonzi] [please] (Stop Listening) [please] [Bonzi]
0043f43c	string		mnuMain
0043f44c	unicode	FUN_00715130	([What is the] | [Tell me the]) (Date | What is the date | What is today's date | What's today's date | What's the date) [Bonzi]
0043f554	unicode	FUN_00715130	[Bonzi] ([Check for] | [Look for]) ([a] | [an]) [bonzi buddy] (update) [me] [please] [Bonzi]
0043f620	string		fraQuestion
0043f62c	string		mnuFact
0043f638	unicode	FUN_00715130	[Bonzi] ([I need] | [Please] | [Can I get some] | [Show me] | [Will you]) [online] (Help | Help me | How do I) [please] [Bonzi]
0043f73c	unicode	FUN_00715130	[Bonzi] ([Tell me] | [Let's hear]) [some] [a piece of] (Trivia) [please] [Bonzi]
0043f7f0	string		lblDescription
0043f818	unicode		[Bonzi] (Don't bother | Do not disturb | Leave me alone | Quit bothering | Stop bothering | Stop interupting | Quit interupting | Relax | Take a break | Chill out | Kick back) [me] [so much] [please] [Bonzi]
0043f9bc	unicode		Content-Type: text/plain; charset=UTF-8
0043fa10	unicode	FUN_00715130	[Bonzi] [please] [read] ([Bonz] | [Bonzi]) [and] [the] Polizoof
0043fa94	unicode	FUN_00715130	[Bonzi] [please] [read] ([Bonz] | [Bonzi]) [and] [the] Treasure Chest
0043fb24	unicode	FUN_00715130	[Bonzi] [please] ([open] | [show me]) [the] Download Manager
0043fba4	unicode	FUN_006ea880	Mime-Version: 1.0
0043fbd8	unicode	FUN_0071cfc0	contacts.nbd
0043fbf8	unicode	FUN_00715130	[Bonzi] [please] ([open] | [show me]) [the] Entertainment Center
0043fc80	unicode	FUN_00715130	[Bonzi] [please] ([open] | [show me]) [the] ([Instant] Messenger | [Bonzi] Chat | Friends Online)
0043fd48	unicode		$$Messenger\Allow
0043fd70	unicode		$$Messenger\Block
0043fd98	unicode		$$Messenger\Reverse
0043fdcc	string		cmdCancel
0043fddc	unicode	FUN_00715130	[Bonzi] [please] ([open] | [show me] | [new] | [send]) [a] [new] Bonzi Mail [message]
0043fe8c	unicode	FUN_00715130	[Bonzi] [please] Check ([my] | [our]) (email | [Bonzi] mail)
0043ff0c	unicode	FUN_00715130	I didn't understand your request.
0043ff64	unicode	FUN_0071bd50,FUN_0071c110,FUN_0071c850	Header
0043ff78	unicode		$$Messenger\Contact
0043ffb4	unicode	FUN_0065e300	I didn't understand your request. | Can you please repeat that? | I'm not sure what you meant by that. | I don't understand. | What did you mean by that? | What is that you're saying? | Why do you say such things? | What are you mumbling about now? | You expect me to understand that?  | I didn't catch that? | I'm sorry, one more time please?
00440268	unicode	FUN_006dcdf0	http://www.bonziworld.com/bonziworld/bwclientpost.asp
004402d8	unicode	FUN_006f5850	http://www.bonzi.com/bonzibuddy/imtoolbar.asp
00440338	unicode	FUN_0072f480,FUN_00734ce0,FUN_00735040,FUN_00737af0	tdat.nbd
0044039c	string		txtAnswer
004403b8	string	00440400	C:\Program Files\Microsoft Visual Studio\VB98\VB6.OLB
00440558	string	00440580	comdlg32.dll
0044056c	string		GetSaveFileNameA
004405b8	string		GetProfileStringA
004405d0	string		SetForegroundWindow
004405e4	string		mnuGames
0044062c	string		ShowOwnedPopups
00440674	string		GetMenu
004406b4	string		GetWindowsDirectoryA
00440704	string	0044072c,0044077c	RasApi32.dll
00440718	string		RasEnumConnectionsA
00440764	string		RasGetConnectStatusA
004407b4	string	004407c0	shell32.dll
004407f8	string		RegisterHotKey
00440840	string		UnregisterHotKey
0044088c	string		GlobalAddAtomA
004408f0	string		mnuOptionsSettings
0044090c	string		mnuHotel
00440918	string		mnuRegistration
00440938	string		tmrIgnoreEvents
00440948	string		tmrEventQueueTimeout
00440960	string		mnuSetup
0044096c	string		mnuUpdate
00440b50	string		mnuWallet
00440b5c	string	00440b9c	C:\WINNT\system32\MSINET.oca
00440b7c	string	00440ba0	InetCtlsObjects
00440bb4	string		mnuIS_Books
00440bc0	string		mnuPopup
00440bcc	string		mnuReadStoryPolizoof
00440be4	string		mnuLessInteraction
00440bf8	string		InetGoldSiteAccess
00440c0c	string		mnuMoreInteraction
00440c20	string		tmrWakeUp
00440c3a	string		nsAgent1
00440c53	string		EC:\WINNT\msagent\AgentCtl.oca
00440c74	string	00440c98	AgentObjectsCtl
00440cbc	string		lstRandomizer
00440cdc	string		mnuTopSitesList
00440cec	string		mnuCheckAddons
00440d24	string	00440d5c	C:\WINNT\System32\shdocvw.dll
00440d44	string	00440d60	SHDocVw
00440d74	string		mnuGamesBonziBUDDYGames
00440d8c	string		mnuGamesBonziCHECKERS
00440da4	string		mnuGamesBonziJungleJigsaw
00440dc0	string		mnuGamesBonziSolitaire
00440de8	string		m_HTMLDoc
00440e04	string	00440e3c	C:\WINNT\System32\mshtml.tlb
00440e24	string	00440e40	MSHTML
00440e54	string		m_QuietHTMLDoc
00440e64	string		m_QuietMIE
00440e98	string	00439d9c	FirstRun
00440ea4	string	00440ee0	C:\WINNT\system32\empop3.dll
00440ec4	string	00440ee4	EMPOP3Lib
00440ef8	string		mnuReadStoryGroup
00440f0c	string		mnuVoiceCommands
00440f20	string		mnuRelaxMode
00440f30	string		tmrCharacterAction
00440f44	string		tmrUnload
00440f50	string		mnuGamesGamesville
00440f64	string		mnuDownloadManagerSetup
00440f7c	string		mnuSilentMode
00440f8c	string		mnuTopTen
00440f98	string		mnuECenter
00440fa4	string		mnuSaveYouMoney
00440fb4	string		mnuAirline
00440fc0	string		mnuInternetServices
00440fd4	string		mnuReadStoryTreasureChest
00440ff0	string		mnuReadWeb
00440ffc	string		mnuSpeak
00441008	string		mnuNBSetp2
00441014	string		mnuSing
0044101c	string		InetReReg
00441028	string		mnuDownloadManager
0044103c	string		mnuIS_GiftsItem2
00441050	string		mnuIS_GiftsItem3
00441064	string		mnuBonziMAIL
00441074	string		mnuCheckForVirusAlerts
0044108c	string		tmrBonziEventQueue
004410a0	string		mnuCalendar
004410b4	string		mnuCarRentals
004410c4	string		mnuIS_GiftsItem1
004410d8	string		mnuNetBoost
004410f0	string		mnuGamesCasinoGames
00441104	string		mnuEmailSetup
00441120	string		mnuSep16
00441138	string		mnuGamesSportsbook
0044114c	string		mnuBWEMail
00441158	string		mnuBrowse
00441164	string		mnuSearch
00441170	string		mnuSupport
00441188	string		mnuInternetAlert
0044119c	string		mnuConnection
004411ac	string		mnuReadStoryAlphanet
004411e3	string		zISubclass
004411ff	string		zC:\WINNT\system32\SSubTmr6.dll
00441220	string	00441240	SSubTimer6
00441263	string		zInetBonziTaps
00441274	string		mnuSalutation
00441290	string		mnuEMAIL
0044129c	string		mnuReadStoryInternet
004412b4	string		mnuIEDownload
004412c4	string		mnuIS_Gifts
004412d0	string		mnuBonziWorld
004412e0	string		mnuIS_Music
004412ec	string		mnuBWMember
004412f8	string		mnuAbout
00441330	string		txtDebugData
00441350	string		mnuIS_Movies
00441370	string		wsConnected
0044138c	string	004413cc	C:\WINNT\system32\MSWINSCK.oca
004413ac	string	004413d0	MSWinsockLib
004413e4	string		mnuWriteEmail
004413f4	string		mnuOnlineHelp
00441404	string		mnuSepGames1
0044141c	string		mnuMyHome
00441428	string		mnuIS_BooksItem2
0044143c	string		mnuIS_BooksItem3
00441458	string		mnuServices
00441464	string		mnuTellFriends
00441474	string		mnuTalkingHelp
00441484	string		tmrCharacterMove
00441498	string		mnuInteraction
004414a8	string		mnuIS_BooksItem4
004414c0	string		SetWindowPos
00441508	string	00439da8	CheckAddonsWithTracking
00441520	string		SetNextRandomAction
00441534	string		SetStartPage
00441544	string		m_MIE_DocumentComplete
0044155c	string		mnuAO_Click
00441568	string	00439eb4	mnuGamesBonziCHECKERS_Click
00441584	string	00439eb8	mnuGamesBonziJungleJigsaw_Click
004415a4	string	00439ebc	mnuGamesBonziSolitaire_Click
004415c4	string		RelaxModeSwitch
004415d4	string	00439f7c	m_POP3_StatusMessage
004415ec	string	00439f80	m_QuietMIE_DocumentComplete
00441608	string	00439f84	m_MIE_OnQuit
00441620	string	00439f8c	CompleteSinging
00441630	string		ParseRandomAction
00441644	string		CheckProductFile
00441658	string		DownloadUpdate
00441668	string		UserHeardProduct
0044167c	string		DisplayDebugData
00441690	string		StartEventQueueTimeoutTimer
004416ac	string		StopEventQueueTimeoutTimer
004416c8	string		CheckForAndReadBBMessage
004416e4	string		PostInstalledProductInfo
00441700	string		SetM_RQDisableListen
00441726	string		uuISubclass_MsgResponse
00441740	string	0043a07c,0043a7a4	ISubclass_WindowProc
00441758	string	0043a080	ParseCommand
00441768	string		SetRandomIdleState
0044177c	string		SetRelaxModeHotkey
00441790	string	0043a094	GenerateSmartRandomList
004417a8	string	0043a098	ActivateHotkey
004417b8	string	0043a09c	LoadBonz
004417c4	string		WriteEmail
004417d0	string		SetNewRandomAction
004417e4	string		__vbaNew2
0044199c	unicode	FUN_005bd930,FUN_005be6d0,FUN_006c4ce0	Suggest
004419bc	string		__vbaStrCmp
004419c8	string		__vbaCastObj
004419dc	unicode	FUN_005bd930	Having trouble?  Let me help you. Enter the web site below and click on the 'OK' button.  For example, if you want to go to the \ctx="EMAIL"\bonzi.com site, you would enter \ctx="EMAIL"\www.bonzi.com.
00441b7c	string		__vbaFreeStr
00441b90	unicode	FUN_005bd930	Having trouble?  Let me help you. Enter the words or phrases you would like me to search the web for and click on the 'OK' button.
00441c9c	unicode	FUN_005bd930	Having trouble?  Let me help you. Tell me your name or salutation below. This is how I will address you.
00441d74	unicode	0065734a,FUN_005bd930,FUN_005bf1a0,FUN_005d98b0,FUN_005da170,FUN_00602e10,FUN_006034d0,FUN_00610310,FUN_00610890,FUN_0061aa30,FUN_00621ef0,FUN_006288a0,FUN_0062a070,FUN_0062a780,FUN_0062e500,FUN_0063aa70,FUN_00641da0,FUN_00650800,FUN_00654730,FUN_00656770,FUN_00657440,FUN_0065a380,FUN_0065e300,FUN_0065e870,FUN_00661750,FUN_00664e00,FUN_0066a5f0,FUN_0066b3b0,FUN_0066cc70,FUN_0067d690,FUN_00681570,FUN_00682150,FUN_00685370,FUN_0068a1d0,FUN_0068ae50,FUN_0068b280,FUN_0068b680,FUN_0068bd10,FUN_0068c3a0,FUN_0068ca30,FUN_0068d0c0,FUN_0068d3c0,FUN_0068e0c0,FUN_0068e3a0,FUN_0068e810,FUN_0068f380,FUN_0068f570,FUN_0069bb00,FUN_0069f0c0,FUN_0069f760,FUN_006a0930,FUN_006a3db0,FUN_006a6900,FUN_006aa640,FUN_006ad130,FUN_006b5090,FUN_006b99e0,FUN_006c4ce0,FUN_006c68b0,FUN_006c9120,FUN_006d5160,FUN_006ddc40,FUN_006f5850	Blink
00441d80	string		__vbaFreeObj
00441d90	string		__vbaHresultCheckObj
00441da8	string		__vbaObjSet
00441df4	string		tmrButternutAnimation
00441e14	string		txtSpeak
00441e20	string		cmdSpeak
00441e3c	string		Picture4
00441e58	string		cmdAddons
00441e74	string	00441eac	C:\WINNT\system32\ssa3d30.oca
00441e94	string	00441eb0	Threed
00441f2c	unicode	FUN_005be1c0	\map="back-slash"="backslash"\
00441f70	unicode	FUN_005be1c0,FUN_00644a30,FUN_00668980	Wink
00441f80	unicode	FUN_005be1c0	You'll have to type something first.
00441fcc	string		__vbaFreeVar
00441ff0	unicode	FUN_005be6d0	Having trouble?  Let me help you. From this screen, I can say anything you'd like. Simply enter what you would like me to say and click on the 'Say It' button.
00442134	unicode	FUN_005be6d0	And remember 
00442154	unicode	FUN_005be6d0	, let's keep it clean!
00442188	unicode	006bee5e,FUN_005be6d0,FUN_005d98b0,FUN_00610310,FUN_006288a0,FUN_0062a070,FUN_0062e500,FUN_0065caa0,FUN_0065e300,FUN_0065e870,FUN_0066cc70,FUN_0067d690,FUN_00680f90,FUN_00683080,FUN_00686be0,FUN_006877a0,FUN_00687d70,FUN_006882e0,FUN_00688660,FUN_00688b30,FUN_00688fe0,FUN_006894d0,FUN_00689830,FUN_00689d40,FUN_0068ed70,FUN_0068f570,FUN_00692670,FUN_006a1750,FUN_006a3db0,FUN_006a6900,FUN_006a7900,FUN_006bc170,FUN_006d5160,FUN_007221b0,FUN_00727520	Pleased
00442198	string		__vbaStrCat
004421cc	string		__vbaFreeObjList
004421e0	string		__vbaFreeVarList
004421f4	string		__vbaVarTstNe
00442204	string		__vbaFreeStrList
00442218	string		__vbaStrMove
00442228	string		__vbaLenBstr
00442238	string		__vbaObjSetAddref
00442254	string		__vbaLateIdSt
004422a3	string		XfraProgress
004422d8	string	004421b4	C:\WINNT\system32\MSCOMCTL.oca
004422f8	string	004421b8	MSComctlLib
00442304	string		__vbaOnError
00442353	string		RlblServer
00442378	string		txtName
00442380	string		txtPass
00442388	string		txtCheckInterval
0044239c	string		lblServerSMTP
004423ac	string		txtAddress
004423b8	string		cmdTest
004423c0	string		cmdSave
004423d8	string		imgMail
004423e0	string		txtServerSMTP
004423f0	string		txtServer
004423fc	string		lblInterval2
0044240c	string		lblInterval1
0044241c	string		lblAddress
00442428	string		imgInterval
00442434	string		lblDescAcct
00442450	string		tabMailOptions
00442460	string		fraInterval
0044247c	unicode	FUN_005bed00,FUN_005bf850,FUN_00602510,FUN_00606930,FUN_00606ac0,FUN_0060e7e0,FUN_0062a780,FUN_00644a30,FUN_00649860,FUN_0065caa0,FUN_006a3db0,FUN_006ad130,FUN_006bc700,FUN_006ddc40,FUN_007221b0,FUN_00727520	Email
0044248c	unicode	00662d03,FUN_005bed00,FUN_005bf850,FUN_00606930,FUN_00606ac0,FUN_00644a30,FUN_00649860,FUN_00650800,FUN_00657440,FUN_006627f0,FUN_0066cc70,FUN_00694180,FUN_0069bb00,FUN_006ad130,FUN_006b99e0,FUN_006ddc40	Server
004424b8	unicode	FUN_005bed00,FUN_005bf850,FUN_00606ac0,FUN_00644a30,FUN_00649860,FUN_006ad130,FUN_006ddc40	Pass
004424c8	unicode	FUN_005bed00,FUN_005bf850,FUN_005c0420,FUN_00644a30,FUN_00649860,FUN_006a3db0	Interval
004424e0	unicode	FUN_005bed00,FUN_005bf850,FUN_0062a780	ServerSMTP
004424fc	unicode	FUN_005bed00,FUN_005bf850,FUN_00602510,FUN_00606ac0,FUN_0060e7e0,FUN_0062a780,FUN_00644a30,FUN_00649860,FUN_006bc700,FUN_006ddc40	Address
004425cb	string		htxtDescription
004425e4	string		lblInstruction
004425f4	string		fraAddFile
00442604	unicode	FUN_005bf1a0,FUN_00641da0	Great!  This email information seems to be working properly, 
0044268c	unicode	FUN_005bf1a0,FUN_00641da0	There was an error while connecting to our mail server. Please verify that the Mail Server you have entered here is correct and try the test again.
004427bc	unicode	FUN_005bf1a0,FUN_00641da0	It seems that the User Name we are using to check e-mail is incorrect. We can change it by clicking on the 'Options' button and then selecting the 'E-Mail Account' tab.
00442914	unicode	006befe7,FUN_005bf850,FUN_005d98b0,FUN_0060c980,FUN_00610310,FUN_0061a860,FUN_006288a0,FUN_0062a070,FUN_0063aa70,FUN_0064e110,FUN_0065e870,FUN_00664e00,FUN_00668980,FUN_0066cc70,FUN_00680f90,FUN_00681570,FUN_00683080,FUN_00685370,FUN_00686be0,FUN_00687d70,FUN_00688fe0,FUN_006894d0,FUN_00689830,FUN_00689d40,FUN_0068a1d0,FUN_0068f570,FUN_006953f0,FUN_006a6900,FUN_006ab9c0,FUN_006ad130,FUN_006b87f0,FUN_006be310,FUN_006bf380,FUN_006c4ce0,FUN_006d5160,FUN_006ddc40,FUN_006f5850,FUN_00724d00	Explain
00442924	string		__vbaNew
00442934	unicode	FUN_005bf1a0,FUN_00641da0	It seems that either the User Name or Password we are using to check e-mail is incorrect. We can change it by clicking on the 'Options' button and then selecting the 'E-Mail Account' tab.
00442ab0	unicode	FUN_005bf850	Hey!  That looks like my E-Mail Reader Options screen!
00442b24	unicode	FUN_005bf850	From my E-Mail Reader Options screen, we can setup your E-Mail account and server information.
00442be8	unicode	FUN_005bf850	This information will allow me to check your e-mail and read it for you!
00442ca4	unicode	FUN_005bf850	Please enter the name or the IP address of your Internet Mail Server. This is also known as your POP 3 Mail Server information.  Then, enter your E-Mail logon User Name and Password.
00442e14	string		__vbaLateIdCallLd
00442e2c	unicode	FUN_005bf850	If you're unsure about this information, it can easily be obtained from your Internet Service Provider or ISP.
00442f10	unicode	FUN_005bf850	Once you have entered this information, go ahead and click the 'Test' button.  I will make sure we have everything setup properly!
0044301c	unicode	FUN_005bf850	If you would like, you can click on my 'Interval' tab, and specify how often you would like me to check for new E-Mail messages when we are online together!
0044317c	unicode	00662e8c,006beaef,006bf308,FUN_005c0420,FUN_00602e10,FUN_0060e7e0,FUN_0061f0e0,FUN_00623640,FUN_0062e500,FUN_00636330,FUN_006408f0,FUN_00644a30,FUN_00649860,FUN_0064dc30,FUN_00654730,FUN_00655d30,FUN_0065c010,FUN_0065c1a0,FUN_0065e870,FUN_00661c10,FUN_006627f0,FUN_006633f0,FUN_00664b50,FUN_00664e00,FUN_006660a0,FUN_0066a050,FUN_0066b0e0,FUN_0066b3b0,FUN_0066cc70,FUN_00682a80,FUN_00685370,FUN_0068a1d0,FUN_0068aca0,FUN_0068e690,FUN_0068ed70,FUN_00694180,FUN_0069f760,FUN_006a1750,FUN_006a6900,FUN_006a7900,FUN_006a7ef0,FUN_006aa640,FUN_006ab9c0,FUN_006b41a0,FUN_006b87f0,FUN_006b99e0,FUN_006bc170,FUN_006bdac0,FUN_006be140,FUN_006be310,FUN_006c3e20,FUN_006c43e0,FUN_006db970,FUN_006dcdf0,FUN_0070dcd0,FUN_0070e580,FUN_00720d10,FUN_00721170,FUN_00721a70,FUN_00724d00,FUN_00725520,FUN_007257f0,FUN_00726960,FUN_00728140,FUN_00728a60,FUN_00733200,FUN_007381f0,FUN_00738400	UserInfo
004431c8	string		__vbaExitProc
004431d8	string		__vbaCastObjVar
004431e8	string		OKButton
004431f4	string		imgInstruction
00443204	string		CancelButton
0044321c	string	004393fc,00439400	Editing
00443224	string	00439404,00439408	EditingIndex
00443280	string		mnuPopupEdit
00443290	string		mnuPopupRun
0044329c	string		fraDowloadQueue
004432ac	string		mnuListPopUp
004432bc	string		mnuFile
004432c4	string		mnuOptions
004432d8	string		tmrDownloadRate
004432f8	string		sbStatus
00443320	string		MSInet
00443328	string		mnuPopupRemove
00443338	string		pbDownload
00443344	string		mnuPopupDownloadNow
00443374	string		mnuPopupDelete
00443388	string		LockWindowUpdate
004433d0	string		DownloadInProgress
00443420	string		ource
00443450	unicode	FUN_005c1170	You must enter a URL for the file before it can be added to the download list.
004434f4	unicode		Error adding file to download list: 
00443554	string		__vbaRecDestruct
00443568	string		__vbaVarDup
00443574	string		__vbaStrVarMove
00443584	string		__vbaStrCopy
00443598	unicode		Error queuing file in Download List: 
004435e8	unicode	FUN_005c18e0	, if you'd like, go ahead and click the 'Have Fun' button now. I've got the download covered! | OK 
004436b4	unicode	FUN_005c18e0	, I'll handle downloading. Sit back and relax my friend! | 
00443730	unicode	FUN_005c18e0	, downloading is underway! | 
00443770	unicode	FUN_005c1c60,FUN_005c2140	Waiting...
004437a8	unicode	FUN_005c46a0	size=
004437c8	unicode	FUN_005c18e0	, I'll take care of it from here! Enjoy yourself my friend, go ahead and click on my 'Have Fun' button. | 
004438a4	unicode	FUN_005c18e0	, you can go about browsing the web or just relaxing for a bit if you like! I'll let you know when I'm done downloading!
004439ac	unicode		Error editing Download List Entry: 
004439f8	unicode		Error adding Download List Entry: 
00443a44	unicode	FUN_005c3b20	Getting current file list...
00443aa4	unicode	FUN_005c3b20,FUN_0067f320	<bbdownloadfile
00443ad0	unicode	FUN_005c3b20,FUN_005c46a0	name=
00443ae0	unicode	FUN_005c3b20,FUN_005c46a0	url=
00443af0	unicode	FUN_005c3b20,FUN_005c46a0	regcode=
00443b08	unicode	FUN_005c3b20,FUN_005c46a0	say=
00443b18	unicode	FUN_005c3b20,FUN_005c5e60,FUN_005d4600,FUN_005d61e0,FUN_005d7480,FUN_0071d890	Idle
00443b44	unicode	006beee3,FUN_005c46a0,FUN_00650800,FUN_00652000,FUN_00654730,FUN_00655410,FUN_00657440,FUN_00659970,FUN_0066cc70,FUN_00696070,FUN_006bd4c0,FUN_006bd610,FUN_006be310,FUN_00724d00,FUN_00728a60	[username]
00443b60	unicode	FUN_005c55e0,FUN_005d7480	Deleted
00443b84	unicode	FUN_005c5e60	Loading current file list...
00443bd4	unicode		Error reading current file list: 
00443c1c	unicode	FUN_005c68e0	downloads.tmp
00443c3c	unicode	005c791a	Error removing record: 
00443c84	unicode	FUN_005c8a10	Save File As...
00443ca8	unicode	FUN_005c8f30	bbsetup.exe
00443cc4	unicode	FUN_005c8f30	Free BonziBUDDY
00443ce8	unicode	FUN_005c8f30	This is what we'd say about it!
00443d2c	unicode	FUN_005c8f30	10235
00443d3c	unicode	FUN_005c8f30	http://www.bonzi.com/freebuddy/bbsetup.exe
00443db8	unicode	FUN_005c9180	File Name / Description
00443dec	unicode	FUN_005c9180,FUN_006faec0,FUN_006fd970	Status
00443e00	unicode	FUN_005c9180	Size (K)
00443e18	unicode	FUN_005c9180	Done (K)
00443e30	unicode	FUN_005c9180	Est Time
00443e48	unicode	FUN_005c9180	Site
00443e58	unicode	FUN_005c9180	Local File Info
00443eb8	unicode	FUN_005caef0,FUN_005d98b0,FUN_006288a0	Explained
00443ed0	unicode	006bf2fe,FUN_005caef0,FUN_005d98b0,FUN_005fefd0,FUN_00600850,FUN_00600fd0,FUN_00610310,FUN_0061c840,FUN_00620ef0,FUN_006288a0,FUN_0062a070,FUN_0062e500,FUN_00644a30,FUN_00661c10,FUN_00664e00,FUN_006660a0,FUN_00666d60,FUN_0066b3b0,FUN_0066cc70,FUN_0068e690,FUN_006aa640,FUN_006b5090,FUN_006bd700,FUN_006bd910,FUN_006be310,FUN_006dae90,FUN_0071e8c0,FUN_00724d00,FUN_0072d780,FUN_0072f8c0,FUN_00733ff0	TRUE
00443ee0	unicode		Inet still executing
00443f18	unicode	FUN_005cb000	Closing the Download Manager will cancel any downloads in progress.  Are you sure you want to close the Download Manager?
00444010	unicode	FUN_005cb540,FUN_005dabe0,FUN_005db410	PromptSave
0044403c	unicode	FUN_005cb540,FUN_006034d0,FUN_0061c840,FUN_0062a780,FUN_0066b3b0,FUN_00684f90	Wave
0044404c	unicode	FUN_005cb540	I'm currently downloading the file - 
004440a7	string		%txtEmail
004440b8	unicode	FUN_005cb540	. | I'm now going to download the file - 
00444110	unicode	FUN_005cb540	. | I'll now go get the file - 
00444154	unicode	FUN_005cb540	 for you 
0044416c	unicode	FUN_005cb540	ftp://
00444180	unicode	FUN_005cb540	ftp.
00444190	unicode	FUN_005cb540	Locating file - 
004441b8	unicode	FUN_005cb540	Locating...
004441d4	unicode	FUN_005cb540	https://
004441ec	unicode	FUN_005cb540	GET 
004441fc	unicode	FUN_005ce840	http://webserver1.bonzi.com/bonzibuddy/downloader.htm
0044427c	unicode	FUN_005cb540	I am unable to determine the exact size of this file, because it is being downloaded from and FTP site.  But don't worry, I'll still let you know when it's done downloading!
004443dc	unicode	FUN_005cb540	Downloading
004443f8	unicode	FUN_005cb540,FUN_006116d0,FUN_006fb710,FUN_0071d890,FUN_0071db40	Unknown
0044440c	unicode	FUN_005cb540,FUN_005d0350	Downloading file - 
00444438	unicode	FUN_005cb540	C:\BB_FTP01.DAT
00444477	string		YfraOptions1
00444494	string		chkIntegrate
004444a4	string		fraSample3
004444b0	string		fraSample4
004444bc	string		fraSample2
004444d8	string		picOptions
004444e4	string		chkAutoRun
004444f0	string		chkPromptSave
00444500	string		chkNotify
00444510	unicode	FUN_005ceaa0	Edit Entry
0044454c	unicode	FUN_005ceaa0,FUN_00637670,FUN_006a91b0	www.bonzi.com
0044456c	unicode	FUN_005ceaa0	You must first select an entry to Edit by clicking on that entry.
004445f0	string	00439680,00439684	PeriodYear
004445fc	string	00439688,0043968c	Picture
0044460c	unicode	FUN_005cfd60,FUN_0067d690	Content-length
00444630	unicode	FUN_005cfd60	The size of this file is 
00444668	unicode	FUN_005cfd60	#,###,###,###
00444688	unicode	FUN_005cfd60	 Kilobytes.
004446a4	unicode	FUN_005d0350	Error
004446b4	unicode	FUN_005d0350	Error...
004446cc	unicode	FUN_005d0350	, an error occurred while downloading the file 
00444730	unicode	FUN_005d0350	, the current download is about 25% complete.
00444790	unicode	FUN_005d0350	. | I've finished downloading the file - 
004447e8	unicode	FUN_005d0350	.  I was unable to successfully download this file.  We should try to download it again later.
004448c8	unicode	FUN_005d0350	Do you want to cancel downloading 
0044491c	unicode	FUN_005d0350	Our download is 25% complete.  We have about 
0044497c	unicode	FUN_005d0350	 left in our download. | 
004449b0	string	00439678,0043967c	DateValue
004449c0	unicode	FUN_005d0350	Our download is 50% complete!  We're only 
00444a1c	unicode	FUN_005d0350	 out. | This download is 50% complete, 
00444a70	unicode	FUN_005d0350	!  We're only 
00444a94	unicode	FUN_005d0350	 from being done!
00444abc	unicode	FUN_005d0350	Our download is 75% complete!  We only have 
00444b1c	unicode	FUN_005d0350	, I'm done downloading the file - 
00444b68	unicode	FUN_005d0350	 left!  We're almost there! | This download is 75% complete!  We're only 
00444c00	unicode	FUN_005d0350	 away from finishing this download, 
00444c50	unicode	FUN_005d0350,FUN_005d5f50	Canceled
00444c68	unicode	FUN_005d0350	Canceled download of 
00444c98	unicode	FUN_005d0350	Copying file...
00444cbc	unicode		Local File = 
00444cdc	unicode		Server File= 
00444cfc	unicode	FUN_005d0350,FUN_006288a0,FUN_0067f320,FUN_0068f570,FUN_0069f760,FUN_006ad130	GetAttention
00444d1c	string		GetParent
00444d28	string	0043965c,00439660	URLPicture
00444d38	unicode	FUN_005d0350	. | I've successfully downloaded the file - 
00444da0	unicode	FUN_005d0350	Finished downloading 
00444de4	unicode	FUN_005d0350,FUN_005d8080,FUN_005dabe0,FUN_00644a30,FUN_006871c0,FUN_006ab9c0,FUN_006c3410	open
00444df4	unicode	FUN_005d0350	, I was unable to locate the file 
00444e40	unicode	FUN_005d58b0	btnRun
00444e70	unicode	FUN_005d58b0	btnDelete
00444e88	unicode	FUN_005d58b0	btnDeleteFromDisk
00444eb0	unicode	FUN_005d58b0	btnAdd
00444ec4	unicode	FUN_005d58b0	btnEdit
00444ed8	unicode	FUN_005d58b0	btnExit
00444f00	unicode	FUN_005d0350	 for download.  You may need to double check the URL for this file to make sure that is correct, and try downloading this file again.
00445010	unicode	FUN_005d0350	Not Found!
0044502c	unicode	FUN_005d0350	Could not find file - 
00445060	unicode	FUN_005d0350	Finding host...
00445084	unicode	FUN_005d0350	Host found...
004450a4	unicode	FUN_005d58b0	btnDownload
004450d0	string	00439668,0043966c	YearBegin
004450e0	unicode	FUN_005d61e0	Are you sure you wish to remove the selected file(s) from the download list?
00445180	unicode	FUN_005d61e0	Removing file(s) from list...
004451c0	unicode	FUN_005d7480	Are you sure you want to delete the selected file(s) from your computer?
00445258	unicode	FUN_005d7480	Deleting file(s) from disk...
00445298	unicode	FUN_005d7480	Cannot delete 
004452b8	string		UserControl
004452c8	unicode	FUN_005d7480	 file from disk.  The file cannot be found.
00445324	unicode	FUN_005d8080	Running file(s)...
00445350	unicode	FUN_005d8080	Cannot run 
0044536c	unicode	FUN_005d8080	 file.  The file cannot be found.  Would you like to download this file now?
0044541c	unicode	FUN_005d89f0,FUN_0065e870,FUN_00715130	Browse
00445430	unicode	FUN_005d89f0,FUN_0062e500,FUN_0063aa70,FUN_00644a30,FUN_00649860	Games
00445440	unicode	FUN_005d89f0	?loc=mnu_games
00445464	unicode	FUN_005d89f0,FUN_0062e500,FUN_0063aa70,FUN_00644a30,FUN_00649860	Music
00445470	string		mnuStyleNoLine
00445480	string		mnuStyleSunken
00445494	unicode	FUN_005d89f0	?loc=http://music.lycos.com/
004454d4	unicode	FUN_005d8cc0	Downloading           
00445520	unicode	0061e31e,0061e912,FUN_005d8cc0	hh:mm:ss
00445538	unicode	FUN_005d98b0	, I can download any file for you! Simply click on the file or files in our Download List, and then click on the 'Download' button!
00445640	string		mnuCalTypePeriod
00445654	string		mnuCalTypeWeek
00445668	unicode	FUN_005d98b0	If you would like me to install or run a file after I've downloaded it, click on that file or files in the Download List and then click on the 'Run' button. I will take care of it for you!
004457e8	unicode	FUN_005d98b0,FUN_006f5850	Also 
004457f8	unicode	FUN_005da170,FUN_006034d0,FUN_0062a780,FUN_0065e300,FUN_0065e870,FUN_00664b50,FUN_00664e00,FUN_0066cc70,FUN_00681570,FUN_00682150,FUN_00685370,FUN_00689830,FUN_0068a1d0,FUN_0068ae50,FUN_0068b280,FUN_0068b680,FUN_0068bd10,FUN_0068c3a0,FUN_0068ca30,FUN_0068d0c0,FUN_0068d3c0,FUN_0068e0c0,FUN_0068e3a0,FUN_0068e810,FUN_0068f380,FUN_0068f570,FUN_0068fcb0,FUN_006b87f0,FUN_006d5160,FUN_006ddc40	Alert
00445804	string		ctlFocus
00445810	string		imgIcon
0044581c	unicode	FUN_005d98b0	, you can always continue to browse and enjoy the Internet while I handle downloading! \pau=1000\Just click my \emp\'Have Fun' button here for fun things to do while I download! We can browse, \pau=400\search, \pau=400\play games, \pau=400\or even listen to some cool tunes while we wait!\pau=1000\
00445a78	unicode	FUN_005d98b0	This is one little gorilla that can handle the Megabytes!
00445af0	unicode	FUN_005d98b0	, if you need me to explain my 'Download Manager' again at any time, just let me know by pressing the 'F1' key while on this screen.
00445c00	unicode	FUN_005da170,FUN_005dabe0,FUN_005db410,FUN_0066b0e0,FUN_006c3410	Integrate
00445c18	unicode	FUN_005da170,FUN_006c39f0	DontPromptToIntegrate
00445c50	string		mnuStyle3D
00445c60	unicode	FUN_005da170	, I've noticed that our Download Manager is not currently integrated with Internet Explorer.
00445d20	unicode	FUN_005da170	Would you like for me to integrate the Download Manager with Internet Explorer now?
00445dc8	string		__vbaStrToUnicode
00445de4	unicode	FUN_005da170	If you like, I can integrate the Download Manager now, so that I can automatically handle your Internet Downloads for you whenever you want to download files from the Internet!
00445f48	string		__vbaStrToAnsi
00445f68	unicode	FUN_005da760	, I've noticed that you don't have version 5 or higher of Microsoft's Internet Explorer installed. \pau=1000\  In order for me to use my Download Manager to handle your Internet downloads for you, we must have the latest version of Internet Explorer installed. \pau=1000\
0044618c	unicode	FUN_005da760	How about we go to Microsoft's site now, and download the latest and greatest version of Internet Explorer so we can use my Download Manager?
004462c4	string		__vbaStrI2
004462e0	string		mnuCalendarStyle
004462f4	string	00439670,00439674	YearEnd
00446308	string		__vbaPutOwner3
00446318	string		__vbaStrR4
00446324	string		__vbaVar2Vec
00446334	string		__vbaAryMove
00446344	string		__vbaR4Str
00446350	string		__vbaStrI4
00446374	string		__vbaDateVar
00446384	string		__vbaVarCmpNe
00446394	string		__vbaRecDestructAnsi
004463b0	string		__vbaVarAnd
004463bc	string		__vbaBoolVarNull
004463d0	string		__vbaLateIdCall
004463e0	string		__vbaBoolVar
004463fc	string		cboPeriod
00446408	string		__vbaRecAnsiToUni
0044641c	string		__vbaSetSystemError
00446430	string		__vbaRecUniToAnsi
00446444	string		__vbaVarCat
00446450	string		__vbaVarCopy
00446460	string		__vbaVarMove
00446470	string		__vbaAryRecCopy
00446480	string		__vbaNameFile
00446490	string		__vbaInputFile
004464a0	string		mnuCalendarType
004464c0	string		__vbaFileClose
004464d0	string		__vbaWriteFile
004464e0	string		__vbaFileOpen
004464f0	string		__vbaStrVarVal
00446500	string		mnuPrevPeriod
00446510	string		mnuStyleFlat
0044652c	string		__vbaAryVar
00446538	string		__vbaAryCopy
00446548	string		__vbaInStrVar
00446564	string		mnuCalTypeMonth
0044657c	string		__vbaAryDestruct
00446590	string		__vbaAryUnlock
004465a0	string		__vbaAryLock
004465b0	string		__vbaInStr
004465bc	string		tmrResize
004465c8	string		mnuNextPeriod
004465dc	string		__vbaRedim
004465e8	string		__vbaErase
004465f4	string		__vbaErrorOverflow
00446608	string		__vbaRedimPreserve
0044661c	string		__vbaGenerateBoundsError
00446638	string		__vbaUbound
00446664	string		__vbaFailedFriend
0044668c	unicode	FUN_005dabe0,FUN_005db410	NotifyOnStart
004466b8	unicode	FUN_005dabe0,FUN_00644a30,FUN_006c3410	\regsvr32.exe
004466d8	unicode	FUN_005dabe0,FUN_00644a30	/s /u iehelpermiddleman.dll
00446714	unicode	FUN_005dabe0,FUN_006c3410	/s /v iehelpermiddleman.dll
004467c0	string		GetTickCount
00446808	string		GetUpdateRect
00446850	string		ReleaseCapture
00446898	string		SetCapture
004468dc	string		SetWindowLongA
00446924	string		GetWindowLongA
00446934	string	0043964c,00439650	YearStartPlacement
00446948	string	00439664,00439ce4,00439ce8	Version
00446984	string	00439598,0043959c	AutoPaint
00446990	string	004395a0,004395a4	BorderStyle
0044699c	string	004395ac,004395b0	CalendarType
004469ac	string	004395b4,004395b8	PopupMenuDisabled
004469c0	string	004395bc,004395c0	ShowDayHeader
004469d0	string	004395cc,004395d0	DayNumberAlignment
004469e4	string	004395d4,004395d8	DayHeaderBackColor
004469f8	string	004395dc,004395e0	DayHeaderForeColor
00446a0c	string	004395e4,004395e8	ActiveDayForeColor
00446a20	string	004395f4,004395f8	PrePeriodBackColor
00446a34	string	004395fc,00439600	PrePeriodForeColor
00446a48	string	00439604,00439608	CurrentPeriodBackColor
00446a60	string	0043960c,00439610	CurrentPeriodForeColor
00446a78	string	00439614,00439618	PostPeriodBackColor
00446a8c	string	0043961c,00439620	PostPeriodForeColor
00446aa0	string	00439624,00439628	ShowDateTip
00446aac	string	0043962c,00439630	ShowPeriodList
00446abc	string	00439634,00439638	ShowYearList
00446acc	string	0043963c,00439640	FirstDayOfWeek
00446adc	string	00439644,00439648	LineStyle
00446ae8	string	00439654,00439658	URLLocation
00446af8	string	00439690,00439694	DateTipFormat
00446b08	string	00439698,0043969c	PeriodValue
00446b14	string	004396a0,004396a4	DayHeaderFormat
00446b24	string	004396a8,004396ac	DayHeaderFont
00446b34	string	004396b0,004396b4	DayHeaderFontBold
00446b48	string	004396b8,004396bc	DayHeaderFontItalic
00446b5c	string	004396c0,004396c4	DayHeaderFontName
00446b70	string	004396c8,004396cc	DayHeaderFontSize
00446b84	string	004396d0,004396d4	DaysFont
00446b90	string	004396d8,004396dc	DaysFontBold
00446ba0	string	004396e0,004396e4	DaysFontItalic
00446bb0	string	004396e8,004396ec	DaysFontName
00446bc0	string	004396f0,004396f4	DaysFontSize
00446bd0	string	004396f8,004396fc	Enabled
00446bd8	string	00439700,00439704	ExtraWeekPlacement
00446bec	string	00439708,0043970c	ActiveDayFont
00446bfc	string	00439710,00439714	ActiveDayFontBold
00446c10	string	00439718,0043971c	ActiveDayFontItalic
00446c24	string	00439720,00439724	ActiveDayFontName
00446c38	string	00439728,0043972c	ActiveDayFontSize
00446c4c	string	00439730,00439734	Periods
00446c54	string	00439738,0043973c	PeriodRows
00446c60	string	00439740	Refresh
00446c70	string	0043975c	hWndPeriod
00446c7c	string	00439760	hWndYear
00446c8c	string		PeriodDefault
00446c9c	string	00439788	RefreshAppointments
00446cb0	string		Click
00446cb8	string		ErrorEvent
00446cc4	string		DateChange
00446cd0	string		DblClick
00446cdc	string		WillChangeDate
00446d84	string		Command1
00446d90	string		cmdEdit
00446da8	string		CalendarVB1
00446db4	string		lviewSchedule
00446dc4	string		cmdDelete
00446dd8	string		GetAppointmentDatesThisMonth
00446e1c	string	0043997c,00439980	EditMode
00446e2c	unicode	FUN_005dc4b0,FUN_005de230,FUN_005f0b40	yyyy
00446e6c	string		Isinitialized
00446ec0	unicode	FUN_0061c840,FUN_00620ef0,FUN_0062e500,FUN_006633f0,FUN_006660a0,FUN_0066cc70,FUN_00682a80,FUN_0068e690,FUN_0068ed70,FUN_006b99e0,FUN_006bd700,FUN_006dae90,FUN_0072f8c0	FALSE
00446eeb	string		"DateToPeriod
00446efc	string		DateToPeriodYear
00446f20	unicode	0061e2cf,0061e8c3,FUN_005de230,FUN_005fea60,FUN_006ccd80	mm/dd/yyyy
00446f77	string		bTextColor
00446f84	string	004398bc	Attach
00446f8c	string	004398c0	CopyToHdc
00446f98	string	004398c4	CopyFromHdc
00446fa4	string	004398cc	Detach
00446fd0	unicode	FUN_005df290	Arial
00446fe0	unicode	FUN_005e43d0	CalendarType(Let)
00447008	unicode	FUN_005e43d0,FUN_005e6b70	Invalid date. The date: 
00447040	unicode	FUN_005e43d0,FUN_005e6b70	 does not fall within
00447070	unicode	FUN_005e43d0,FUN_005e6b70	 the BeginYear: 
00447098	unicode	FUN_005e43d0,FUN_005e6b70	 and the EndYear: 
004470c4	unicode	FUN_005e43d0,FUN_005e6b70	 ranges.
004470dc	unicode	FUN_005e65b0,FUN_005e68d0	Please Enter a valid year. Must be equal to or less than the DateValue.
00447170	unicode	FUN_005e65b0,FUN_005e68d0	Property Error
00447198	unicode	005e7ca2,005e7d48,FUN_005e6b70	DateValue(Let)
004471bc	unicode	005e7c4a,005e8ced,005ea43a	Unhandled Error. 
004471e4	unicode	005e8d45,005e8deb,FUN_005e7fb0	PeriodYear(Let)
00447208	unicode	FUN_005e7fb0,FUN_005e9630	Invalid Property Value. 
00447240	unicode	FUN_005e7fb0	The period year must be in the range of 
004472b4	unicode	FUN_005e9060	Invalid Picture Type
004472e4	unicode	005ea492,005ea538,FUN_005e9630	PeriodValue(Let)
0044730c	unicode	FUN_005e9630	The period must be in the range of 1 - 
0044735c	string		prgProgress
0044736c	unicode	FUN_005ecef0,FUN_005f1730	Wednesday
00447390	unicode	FUN_005ecef0	Dddd
004473a8	unicode	FUN_005f0b40,FUN_005f2b50,FUN_005f74f0	Mmmm
004473b8	unicode	FUN_005f0b40,FUN_005f2b50,FUN_005f74f0	Week 
004473c8	unicode	FUN_005f0b40	1/1/
004473d8	unicode	FUN_005f0b40	12/31/
004473e8	unicode	FUN_005f2b50,FUN_0065e870,FUN_006613e0,FUN_00711d30	Name
004473f8	unicode	FUN_005f2b50	ctlFocus
0044744b	string		vtmrToolTip
0044745c	string		GetCursorPos
004474a0	string		DisplayToolTip
004474b0	string	004398e4,004398e8	ShowInterval
004474c0	string	004398ec,004398f0	HideInterval
004474d0	string	004398f4	HideToolTip
004474dc	string	004398f8,004398fc	TipText
004474e4	string		ResetTimer
00447508	unicode	FUN_005f6c40	DisplayToolTip
00447528	unicode	FUN_005f6c40	HideToolTip
0044754f	string		!NewEnum
00447567	string		FRemove
00447578	string	00439860,0043a588,0043a820,0043a858	Count
00447580	string	00439864,0043a58c	WeeksFromFirstOfYear
004475b8	unicode	FUN_005f6ec0	Period 
004475d4	string		__vbaVarCmpLt
004475e4	string		__vbaLateMemCall
004475f8	string		__vbaLateMemCallLd
0044760c	string		__vbaI4ErrVar
00447620	string		__vbaVarSub
0044762c	string		__vbaVarIndexLoad
00447640	string		__vbaVarMod
0044764c	string		__vbaVarIdiv
0044765c	string		__vbaVarAdd
00447668	string	004397ac	StoryReaderShutDown
00447680	string		__vbaVarCmpEq
00447690	string		__vbaVarIndexStore
004476a4	string		__vbaRedimVar
004476c0	string		__vbaResume
004476d8	string		__vbaVarCmpGt
004476e8	string		__vbaVarOr
004476f4	string		__vbaCyVar
0044770c	string		__vbaDateStr
0044771c	string		__vbaStrDate
0044772c	string		__vbaRaiseEvent
0044773c	string	004397a8	StoryReaderStartup
0044779c	string	0043978c,00439790	StoryReaderIsPlaying
004477b4	string	00439794,0043a4c0	StartUpCharacter
004477c8	string	00439798,0043a4c4	ShutDownCharacter
004477dc	string	0043979c	FireStoryReaderStop
004477f0	string	004397a0	FireStoryReaderNewBook
00447808	string	004397a4	FireStoryReaderShutDown
00447820	string	004397b0	StoryReaderStopPlayback
00447838	string		StoryReaderStop
00447848	string		StoryReaderNewBook
0044786c	unicode	FUN_005f8770	Shutting down StoryReader.
004478a8	unicode	FUN_005f8770	FireStoryReaderShutDown
004478dc	unicode	FUN_005f8960	StoryReaderStopPlayback
00447910	unicode	FUN_005f8960,FUN_00702be0	Stopping Playback
00447938	unicode	FUN_005f8960,FUN_00702be0	Stopped Playback
0044797c	string	004397b4	DownloadManagerHandleDownload
004479a0	unicode	FUN_005f8b60	DownloadInProgress = 
004479e8	unicode	FUN_005f8b60	DownloadManagerHandleDownload
00447a48	string		StretchBlt
00447a88	string		DrawDisabledPicture
00447a9c	string		DrawTransparentBitmap
00447ab4	string		DrawBitmapToHDC
00447ac4	string	00439834	TileBitmapToHDC
00447ad4	string	00439838	Paint
00447adc	unicode	FUN_005fa090,FUN_005fa470,FUN_005fa740	Raise
00447b1c	string	00439844,00439848,0043a56c,0043a570	NumberOfWeeks
00447b88	unicode	FUN_005fad70,FUN_007064b0	NumberOfWeeks
00447ba4	string		__vbaVarLateMemCallLd
00447bbc	string		__vbaVarZero
00447bf8	string		__vbaPrintObj
00447c18	string		__vbaVarVargNofree
00447c6c	string		chkDateTipEnabled
00447c80	string		chkDisplayDOW
00447ca0	string		lblGeneral
00447cac	string		cboDateTipFormat
00447cc0	string		cboDayFormat
00447cd0	string		cboStartOfWeek
00447cf0	string		PropertyPage
00447d00	string		cboStyle
00447d0c	string		cboLineStyle
00447d1c	string		Labels
00447d44	unicode	FUN_005fe2e0	Use System
00447d60	unicode	FUN_005fe2e0,FUN_006a1750	dddd
00447d70	unicode	FUN_005fe550	Month Style
00447d8c	unicode	FUN_005fe550	Period Style
00447dac	unicode	FUN_005fe550	Week Style
00447dc8	unicode	FUN_005fe710	No Line
00447de8	unicode	FUN_005fe710	Flat
00447df8	unicode	FUN_005fe710	Sunken
00447e0c	unicode	FUN_005fea60	dd/Mmm/yyyy
00447e90	string		cmdProperties
00447ea0	string		cmdImport
00447eac	string		Label1
00447eb4	string		lstAddresses
00447ed4	string		fraControls
00447ee0	string		fraMeter
00447eec	string	00439974	ImportAndReturnAddresses
00447f6c	string	0043a7a8	GetEntryIndex
00447f7c	string	0043a7ac	GetEntryAddress
00447f8c	string	0043a7b0	AddEntry
00447f98	string	0043a7b4	DeleteEntry
00447fa4	string	0043a7b8	LoadAddresses
00447fb4	string	0043a7bc	SaveAddresses
00447fc4	string	0043a7c0	PopulateList
00447fd4	string	0043a7c4	FindNickForAddress
00448018	unicode	FUN_005fefd0,FUN_00600850,FUN_00600fd0,FUN_00610310,FUN_006288a0,FUN_0062a070,FUN_0065e870,FUN_00712980,FUN_00712f30,FUN_00715130	BonziMAIL
00448030	unicode	FUN_005fefd0,FUN_00600850,FUN_00600fd0	Imported
00448083	string		[Cancelled
00448090	string	00439984,00439988	OriginalAddressName
00448103	string		ClviewAnimations
00448114	string		cmdRead
0044811c	string		txtSubject
00448128	string		lblSubject
00448141	string		+6ytxtMessage
0044815f	string		5C:\WINNT\system32\RICHTX32.oca
00448180	string	004481a0	RichTextLib
004481b4	string		cmdViewQueue
004481ea	string		XgC:\WINNT\System32\shdocvw.oca
0044820c	string	0044823c	SHDocVwCtl
00448250	string		cmdSend
00448258	string		picHideLine
00448264	string		picOffline
00448270	string		cmdPerformAction
00448284	string		lblRead
0044828c	string		fraAnimations
0044829c	string		fraMessage
004482a8	string		lblCopyright
004482b8	string		lblSend
004482c4	string		SendMessageA
00448308	string		cmdTo_Click
00448314	string		ClearMessage
00448324	string	00439b04	TellAFriend
00448330	string	00439b08	QueueMessage
00448380	unicode	FUN_00601c60,FUN_00602510,FUN_006034d0,FUN_00606ac0,FUN_0060cf50,FUN_00629a20,FUN_0062a780,FUN_0062e500,FUN_0065e300,FUN_00664e00,FUN_0066cc70,FUN_006ad130,FUN_006c3170,FUN_006c68b0,FUN_006ca850	Decline
004483c4	unicode	FUN_00600850,FUN_00600fd0	?  If you like I can import your addresses from Microsoft Outlook to save you time.  Would you like to import your address book from Outlook now?
004484ec	unicode	FUN_00600850,FUN_00600fd0	Would you like to import your address book from Outlook?
00448560	string		__vbaLenVar
0044857c	unicode	FUN_00601c60	? We still need to enter an e-mail address for this contact.
004485fc	unicode	FUN_00601c60	? The e-mail address does not appear to be a valid Internet E-Mail Address.  For example, if it is on America Online then we would enter \ctx="EMAIL"\'DestinationAddress@aol.com'.
00448764	string		txtAddressConfirm
0044877c	unicode	FUN_00602510	? It appears that the e-mail addresses below do not currently match. Please re-enter our e-mail address into both boxes below.
00448880	unicode	FUN_00602510	? We still need to enter our e-mail address below that we would like to use for sending BonziMAIL.
00448948	string		cboCountry
00448958	unicode	FUN_00602510	? The e-mail address does not appear to be a valid Internet E-Mail Address.  For example, if our address is on America Online then we would enter \ctx="EMAIL"\'Ouraddress@aol.com'.
00448ac8	unicode	FUN_00602e10,FUN_00610310,FUN_006288a0,FUN_0062a780,FUN_0063aa70,FUN_00664e00,FUN_00680f90,FUN_00683080,FUN_00686be0,FUN_006877a0,FUN_00687d70,FUN_006882e0,FUN_00688b30,FUN_00688fe0,FUN_00689d40,FUN_006b6cf0,FUN_006d5160,FUN_00723780,FUN_00724d00	GestureDown
00448aec	string	00448b24	C:\WINNT\system32\UTDns.oca
00448b08	string	00448b28	UTDNSLibCtl
00448b40	unicode	FUN_00602e10	! Before we can send BonziMAIL we need to enter our Internet e-mail address below. When you are done, simply press the 'Ok' button.
00448c4c	unicode	FUN_00602e10,FUN_00644a30,FUN_00649860,FUN_00664b50,FUN_006a7ef0,FUN_006c3e20,FUN_006c43e0	ConnectionType
00448c7c	unicode	0072cbba,FUN_00602e10,FUN_0061c840,FUN_00662510,FUN_0066b0e0,FUN_006aa250	RestPose
00448c90	string	00448cd0	c:\winnt\system32\emsmtp.dll
00448cb0	string	00448cd4	EASYMAILSMTPLib
00448d18	unicode	FUN_00602e10	I have noticed that we are connecting to the Internet through AOL.  In order for BonziMail to work properly you must enter your AOL email address on this screen.
00448e9c	string		lviewQueue
00448ea8	string		cmdClose
00448ee8	string		tmrReloadMsgs
00448ef8	string		cmdRetry
00448f04	string	004399a8	MessageCount
00448f14	string	004399ac	Sending
00448f1c	string	004399b0	StopSending
00448f28	string		cmdSend_Click
00448f38	string		SendNewMessages
00448f48	string		m_objSMTP_ConnectLog
00448f60	string		m_objSMTP_Progress
00448fb4	unicode	FUN_006034d0,FUN_0062a780	I'll be right back 
00448fe0	unicode	FUN_006034d0,FUN_0062a780	SendNewMessages returned true
00449020	unicode	FUN_006034d0,FUN_0062a780	frmMsgEdit.QueueMessage
00449054	unicode	FUN_006034d0,FUN_0060c980,FUN_0062a780	Show
00449064	unicode	FUN_006040b0	Queue disabled, exiting
004490ac	unicode	FUN_006034d0,FUN_0062a780	! | I'll deliver our message now! | Hold on my friend, I'll deliver our message now! | I'll deliver it personally! | I'm on the move 
004491bc	unicode	FUN_006034d0,FUN_0062a780	 | Hold on 
004491d8	unicode	FUN_006034d0	! I'll take it directly to them! | Your package is in good hands!
00449260	unicode	FUN_006034d0,FUN_0062a780,FUN_007221b0	Hide
00449270	unicode	FUN_006040b0	sending message 
00449298	unicode	FUN_006034d0,FUN_0062a780	I've delivered our message successfully! | I've successfully delivered our message!
00449344	unicode	FUN_006034d0,FUN_0062a780	Since we are not currently online, I will hold onto our message and deliver it the next time we get connected!
00449428	unicode	FUN_006034d0,FUN_0062a780	SendNewMessages returned false
0044946c	unicode	FUN_0061c790,FUN_0065e870,FUN_006953f0,FUN_006daa70,FUN_00715130	Search
00449480	unicode	FUN_006034d0,FUN_0062a780	? I am having problems delivering our message successfully. If you'd like, click on the 'Help' button here on my message queue screen to find out more about sending 'BonziMAIL'!
004495e8	unicode	FUN_006040b0	Queue busy, exiting
00449614	unicode	FUN_006040b0	frmEmailQueue.cmdSend_Click
00449650	unicode	FUN_006116d0	James Bland
00449670	unicode	FUN_006040b0	refreshing queue data
004496a0	unicode	FUN_006040b0	refreshing queue view
004496d0	unicode	FUN_006040b0	not connected to internet, exiting
00449724	unicode	FUN_006061b0	waiting for send start
00449758	unicode	FUN_006061b0	frmEmailQueue.SendNewMessages
00449798	unicode	FUN_006061b0	send has begun
004497bc	unicode		BonziBUDDY Message Queue - 
004497f8	unicode	FUN_00606570	initiating send
0044981c	unicode	FUN_006116d0	Beautiful Dreamer
00449848	unicode	FUN_00606570	frmEmailQueue.tmrReloadMsgs_Timer
00449890	unicode	FUN_00606570	loading messages
004498b8	unicode	FUN_00606570	refreshing display
004498e4	unicode	FUN_00606570	processing queue
0044990c	unicode	FUN_00606570	finished processing queue
00449944	unicode	FUN_00606570	Queue busy not sending
00449984	unicode	FUN_00606930,FUN_006dcdf0	mail.bonziworld.com
004499c0	unicode	FUN_00606ac0	m_objsmtp is nothing, recreating
00449a04	string		__vbaLbound
00449a14	unicode	FUN_00606ac0	frmEmailQueue.SendMessage
00449a6c	unicode	FUN_00606ac0	m_objsmtp is nothing, exiting
00449aac	unicode	FUN_00606ac0	?  It seems that I can't send your message because the file 'emsmtp.dll' is missing.  I am openning your browser to www.bonzi.com now.
00449bc0	unicode	FUN_00606ac0	m_objsmtp instantiated
00449bf4	unicode	FUN_00606ac0,FUN_0060e7e0	queue empty, exiting
00449c24	unicode	FUN_00606ac0,FUN_0060e7e0	m_blnStopSending = true, exiting
00449c6c	unicode	FUN_00606ac0	retrieving destination information, to:  
00449cc4	unicode	FUN_00606ac0	no destination server, retrieving local server information, from:  
00449d50	unicode	FUN_00606ac0	no servers found, exiting
00449d88	unicode	FUN_00606ac0	bonziworld.com
00449dac	unicode	FUN_00606ac0	Trying server:  
00449dd8	unicode	FUN_00606ac0	 - care of BONZI.COM)
00449e08	unicode	FUN_00606ac0	BonziBUDDY@BonziMAIL.com
00449e40	unicode	FUN_00606ac0	bonzimail.com
00449e60	unicode	FUN_00606ac0	Adding attachment.  Path:  
00449e9c	unicode	FUN_00606ac0	Error adding attachment.  Error:  
00449ee8	unicode	FUN_00606ac0,FUN_0060e7e0	http://www.bonzi.com/bonzibuddy/trackyesno.asp?trackcode=mnu_frnd&status=no
00449f84	unicode	FUN_00606ac0	\mail.log
00449fb0	unicode	FUN_00606ac0	Mail sent, deleting temp files
00449ff4	unicode	FUN_00606ac0	Mail send failed.  Error:  
0044a030	unicode	FUN_00606ac0	Mail send failed (BonziWORLD Services).  Error:  
0044a098	unicode	FUN_00606ac0	retrieving local server information, from:  
0044a0f8	unicode	FUN_00606ac0	Source and destination failed.  Trying server:  
0044a160	unicode	FUN_0060e7e0,FUN_0062e500,FUN_0065c1a0,FUN_0066a050,FUN_006ab9c0,FUN_006b41a0,FUN_006db970,FUN_006dcdf0,FUN_00721a70,FUN_00726960,FUN_00728a60,FUN_00733200	UserRegistrationNum
0044a194	unicode	FUN_00606ac0	Mail send failed on direct send through us.  Error:  
0044a204	unicode	FUN_0060c980	This message has failed several times.  Would you like to keep trying or cancel this message?
0044a2f4	unicode	FUN_0060cf50	DNS found:  
0044a314	unicode	FUN_0060cf50	; Pri:  
0044a32c	unicode	FUN_0060cf50	; Typ:  
0044a344	unicode	FUN_0060e480	.root-servers.net
0044a374	unicode	FUN_0060c980	? I've tried 3 times to deliver our message and unfortunately I am not having any success!  We may want to check the recipient's e-mail address and try sending another message. If you like, I will be more than happy to keep trying or we can simply cancel this message now.
0044a59c	unicode	FUN_0060cf50	?  It seems that I can't send your message because the file 'utdns.dll' is missing.  I am openning your browser to www.bonzi.com now.
0044a6ac	unicode	FUN_0060cf50	DNS1 is nothing, exiting
0044a6e4	unicode	FUN_0060cf50	frmEmailQueue.GetMailServers
0044a724	unicode	FUN_0060cf50	Using 
0044a738	unicode	FUN_0060cf50	 for name services
0044a76c	string		__vbaVarTstGt
0044a780	unicode		?BNZSEND=TRUE&CUSTNUM=
0044a7b4	unicode		?BNZSEND=FALSE&CUSTNUM=
0044a7e8	unicode	FUN_0060e7e0	frmEmailQueue.SendMessageHTTP
0044a828	unicode	0061e65f,FUN_0060e7e0,FUN_0066cc70	http://
0044a83c	unicode	FUN_0060e7e0	/bonzimailserver.asp
0044a86c	unicode	FUN_0060e7e0,FUN_00637670,FUN_0065c1a0,FUN_00721a70,FUN_00726960,FUN_00733200	POST
0044a87c	unicode	FUN_0060e7e0	Mail send failed (HTTP).
0044a8b4	unicode	FUN_0060f600	messagesuccess
0044a8d8	unicode	FUN_0060f600	ErrorCode: 
0044a900	unicode	FUN_0060f600	frmEmailQueue.Inet1_StateChanged
0044a94c	string		__vbaLineInputStr
0044a960	string		__vbaR8ErrVar
0044a970	string		__vbaStrR8
0044a97c	string		__vbaDateR8
0044a988	string		__vbaVarTstEq
0044a9d8	string		txtUserName
0044a9e4	string		lblMessage
0044a9f0	string		Import
0044a9fc	unicode	FUN_0060fbc0	http://www.bonzi.com/bonzibuddy/bonzibuddyfriend.asp
0044aa6c	unicode	FUN_006116d0	In My Merry Oldsmobile
0044ab90	unicode	FUN_00610310	You can enter as many friends' and loved ones' e-mail addresses as you would like!
0044ac3c	unicode	FUN_006116d0	Harry Dare
0044ac80	unicode	FUN_00610310	\pau=1000\I will be happy to send them an automated e-mail message on your behalf! \pau=1000\This 
0044ad4c	unicode	FUN_00610310	will allow your friends and loved ones to download little old me for Free!
0044ade8	unicode	FUN_00610310,FUN_0061b720,FUN_00668980,FUN_0066b3b0,FUN_0066cc70,FUN_00692670	Greet
0044ae04	string		lblMusic
0044ae2c	unicode	FUN_006116d0	Daisy Bell
0044ae54	unicode	FUN_00610310	, if your friends are anything like you, I can't wait to meet them!
0044aee0	unicode	FUN_00610310,FUN_0062a070,FUN_0065e870,FUN_00715130	TellAFriend
0044af38	string		chkSingStartStop
0044af4c	string		cmdMusicLicense
0044af5c	string		lblInstructions
0044af6c	string		lviewSongs
0044af78	string		fraSongs
0044af84	string		cmdSing
0044af8c	string		cmdStopSinging
0044af9c	string		ContinueSinging
0044afb0	unicode	FUN_00610f80	&Stop
0044afc0	unicode	FUN_00610f80	&Sing
0044b000	unicode	FUN_006116d0	Vincent Bryan and Gus Edwards
0044b04c	unicode	FUN_006116d0	Sidewalks of New York
0044b07c	unicode	FUN_006116d0	Charles Lawlor
0044b0ac	unicode	FUN_006116d0	My Wild Irish Rose
0044b0d8	unicode	FUN_006116d0	Chancellor John Olcott
0044b118	unicode	FUN_006116d0	Cindy
0044b128	unicode	FUN_006116d0	Traditional
0044b166	unicode		 A Rose
0044b17c	unicode	FUN_006116d0	Frank L. Stanton and Ethelbert Nevin
0044b1cc	unicode	FUN_006116d0	Stephen Collins Foster
0044b20c	unicode	FUN_006116d0	Twinkle Twinkle Little Star
0044b248	unicode	FUN_006116d0	Jane Taylor and Ann Taylor
0044b290	unicode	FUN_006116d0	In the Good Old Summertime
0044b2cc	unicode	FUN_006116d0	George Evans and Ren Shields
0044b318	unicode	FUN_006116d0	Hello Ma Baby
0044b338	unicode	FUN_006116d0	Joe Howard
0044b360	unicode	FUN_006116d0	Oh, Dem Golden Slippers
0044b394	unicode	FUN_006116d0	Long, Long Ago
0044b3b8	unicode	FUN_006116d0	Thomas Haynes Bayly
0044b3f0	unicode	FUN_006116d0	Wearing of the Green
0044b420	unicode	FUN_006116d0	Dion Boucicault and James Oswald
0044b474	unicode	FUN_006116d0	The Man On the Flying Trapeze
0044b4b4	unicode	FUN_006116d0	George Leybourne and Alfred Lee
0044b510	unicode	FUN_006116d0	Eddie Leonard
0044b53c	unicode	FUN_006116d0	Maybe
0044b55c	unicode	FUN_006116d0	Meet Me In St. Louis, Louis
0044b598	unicode	FUN_006116d0	Andrew B. Sterling and Kerry Mills
0044b5f4	unicode		ve Been Working On the Railroad
0044b644	unicode	FUN_006116d0	Where Did You Get That Hat
0044b680	unicode	FUN_006116d0	Joseph J. Sullivan
0044b6b8	unicode	FUN_006116d0	Blue-Tail Fly
0044b6d8	unicode	FUN_006116d0	Dan Emmett
0044b700	unicode	FUN_006116d0	Bob Merrill
0044b728	unicode	FUN_006116d0	Over the River and Through the Woods
0044b784	unicode	FUN_006116d0	In My Own Little Corner
0044b7b8	unicode	FUN_006116d0	Oscar Hammerstein II and Richard Rodgers
0044b81c	unicode	FUN_006116d0	Getting to Know You
0044b854	unicode	FUN_006116d0	On Top of Spaghetti
0044b880	unicode	FUN_006116d0	Tom Glazer
0044b8a8	unicode	FUN_006116d0	How Much is That Doggy In the Window
0044b8fc	unicode	FUN_006116d0	Martin Charnin and Charles Strouse
0044b954	unicode	FUN_006116d0	Tomorrow
0044b96c	unicode	FUN_0061a860	Here's one my mom used to sing to me.  I hope you like it. | Ok, here goes. | 
0044ba20	unicode	FUN_0061b720	That was pretty rockin, eh? | Next time, 
0044ba78	unicode	FUN_0061b720	, don't be afraid to sing along. | 
0044bac0	string		PriceCompare
0044bad4	unicode	FUN_0061b720	! Let's sing that one again! | I love singing that little diddy!
0044bb58	string		__vbaPowerR8
0044bb68	string		__vbaVerifyVarObj
0044bb7c	string		__vbaLateIdStAd
0044bbbc	string		UserResponse
0044bbd4	unicode	FUN_0061be10	MAYBE (from the Broadway Musical "Annie")
0044bc2c	unicode	FUN_0061be10	Music by Charles Strouse, Lyric by Martin Charnin
0044bc96	unicode		 1977 Charles Strouse Publications (ASCAP) and Edwin H. Morris & Co., a division of MPL Communications (ASCAP)
0044bd8e	unicode		 1952 Golden Bell Songs
0044bdc4	unicode	FUN_0061be10	Used by permission of Helene Blue Musique Ltd. and MPL Communications
0044be54	unicode	FUN_0061be10	All Rights Reserved
0044bee0	unicode	FUN_0061be10	Music by Charles Strouse  Lyric by Martin Charnin
0044bfa4	unicode	FUN_0061be10	By Richard Rodgers and Oscar Hammerstein II
0044c016	unicode		 1951 By Richard Rodgers and Oscar Hammerstein II
0044c080	unicode	FUN_0061be10	Copyright Renewed.  WILLIAMSON MUSIC owner of publication and allied rights throughout the world.
0044c148	unicode	FUN_0061be10	Words and Music by Bob Merrill
0044c18c	unicode	FUN_0061be10	International Copyright Secured   Used by Permission  All Rights Reserved
0044c224	unicode	FUN_0061be10	IN MY OWN LITTLE CORNER
0044c258	unicode	FUN_0061be10	International Copyright Secured   Used by Permission   All Rights Reserved
0044c2f4	unicode	FUN_0061be10	HOW MUCH IS THAT DOGGIE IN THE WINDOW
0044c344	unicode	FUN_0061be10	Copyright Renewed 1980
0044c378	unicode	FUN_0061be10	Administered by Music & Media International
0044c400	unicode	FUN_0061be10	Words and Music by Tom Glazer
0044c456	unicode		 1963, 1965 by Songs Music Inc.
0044c49c	unicode	FUN_0061be10	Copyright Renewed
0044c4c4	unicode	FUN_0061be10	Administered in the United States and Canada by September Music Corp.
0044c554	unicode	FUN_0061c840	FirstPriceCompare
0044c57c	unicode	FUN_0061c840,FUN_006dae90	Disabled
0044c594	unicode	006bf152,FUN_0061c840,FUN_0064e110,FUN_0066a5f0,FUN_0066cc70,FUN_006be310,FUN_00723780	Explain3
0044c5ac	unicode	FUN_0061c840	, would you like for me to try to get you a better price on '
0044c638	unicode	FUN_0061c840	!,  I noticed you're interested in '
0044c688	unicode	FUN_0061c840	', would you like for me to search the Internet for a better price?
0044c730	unicode	FUN_0061c840	, with my connections on the Internet, I may be able to save us big money on '
0044c7d4	unicode	FUN_0061c840	'! Would you like me to try now?
0044c81c	unicode	FUN_0061c840	! Hold on my friend! I may be able to help save us some money on '
0044c8a8	unicode	FUN_0061c840	'! Would you like me to try?
0044c91c	unicode	FUN_0061c840	, I noticed your interest in '
0044c960	unicode	FUN_0061c840	! Before you buy, let this little gorilla do a price compare on '
0044c9e8	unicode	FUN_0061c840	' for you! I think I can get us the best price on the Internet!
0044ca6c	unicode	FUN_0061c840	Would you like for me to try to get you a better price on '
0044cb04	unicode	FUN_0061c840	Hey there my friend! I noticed you're interested in '
0044cb74	unicode	FUN_0061c840	With my connections on the Internet, I may be able to save us big money on '
0044cc14	unicode	FUN_0061c840	Hold on my friend! I may be able to help us save some money on '
0044cc9c	unicode	FUN_0061c840	I noticed your interest in '
0044cce8	unicode	FUN_0061c840	, would you like for me to try to find us a better price on this product?
0044cd80	unicode	FUN_0061c840	!,  I noticed you're interested in this product, would you like for me to search the Internet for a better price?
0044ce9c	string		IsWindowVisible
0044ceb0	string		SendMessageTimeoutA
0044cec8	unicode	FUN_0061c840	, with my connections on the Internet, I may be able to save us big money on this product! Would you like me to try now?
0044cfc0	unicode	FUN_0061c840	! Hold on my friend! I may be able to help save us some money on this product! Would you like me to try?
0044d0b4	unicode	FUN_0061c840	, I noticed your interest in this product! Before you buy, let this little gorilla do a price compare for you! I think I can get us the best price on the Internet!
0044d200	unicode	FUN_0061c840	Would you like for me to try to find us a better price on this product?
0044d2a0	unicode	FUN_0061c840	I noticed you're interested in this product, would you like for me to search the Internet for a better price?
0044d380	unicode	FUN_0061c840	With my connections on the Internet, I may be able to save us big money on this product! Would you like me to try now?
0044d488	unicode	FUN_0061c840	Hold on my friend! I may be able to help save us some money on this product! Would you like me to try?
0044d558	string		__vbaStrVarCopy
0044d578	string		EnumWindows
0044d5bc	string		GetPropA
0044d600	string		SetPropA
0044d620	unicode	FUN_0061c840	I noticed your interest in this product! Before you buy, let this little gorilla do a price compare for you! I think I can get us the best price on the Internet!
0044d768	unicode	FUN_0061c840	Simply click on my 'Compare Prices Now' button!
0044d7c8	string		__vbaFPInt
0044d80c	string		IsIconic
0044d86c	string		RequestEnQueue
0044d884	string		Clear
0044d88c	string	00439c7c	QueueManager
0044d8d4	string	0043a940,0043a944	BuggerOff
0044d8e0	string	0043a948,0043a94c	BuggerOffCount
0044db0c	unicode	FUN_0061f0e0	First
0044db1c	unicode	FUN_0061f230,FUN_0068bd10,FUN_00715130	Bonzi and the Internet
0044db50	unicode	FUN_0061f230	Sure!  I would love to read 
0044db90	unicode	FUN_0061f230	 to you, 
0044dba8	unicode	FUN_0061f230	! | OK!  Let's see what happens in 
0044dbf4	unicode	FUN_0061f230	. | Great.  I really enjoy reading with you, 
0044dc54	unicode	FUN_0061f230	! | This is one of my favorite stories! | I'm always in the mood for a good story, 
0044dd04	unicode	FUN_0061f230	! | OK 
0044dd18	unicode	FUN_0061f230	!  Let's read along together!
0044dd58	unicode	FUN_0061f5d0	Software\Microsoft\Internet Explorer
0044dda8	unicode	FUN_0061f5d0	Version
0044ddc8	unicode	FUN_0061f9e0	 hour
0044ddd8	unicode	FUN_0061f9e0	 minute
0044ddec	unicode	FUN_0061f9e0	 second
0044de00	unicode	FUN_0061f9e0	 hours
0044de14	unicode	FUN_0061f9e0,FUN_0072d0d0	 minutes
0044de2c	unicode	FUN_0061f9e0	 seconds
0044de44	unicode	FUN_0061f9e0	no time at all
0044de68	unicode	FUN_0061f9e0	 and 
0044de80	unicode	FUN_0061fd70	Startleblartfast
0044dea4	string		txtFirstName
0044dec0	unicode	FUN_0061fe60,FUN_00620940	FormPosition
0044deec	unicode	FUN_0061fe60,FUN_00620940	Height
0044df00	unicode	FUN_0061fe60,FUN_00620940	Left
0044df10	unicode	FUN_0061fe60,FUN_00620940	Width
0044df20	unicode	FUN_00620ef0,FUN_006217f0,FUN_00644a30,FUN_00649860,FUN_006660a0,FUN_0066cc70,FUN_006aa640,FUN_006b7d90	Relax
0044df30	unicode	FUN_00620ef0,FUN_006660a0	AudioOff
0044df48	unicode	FUN_00621330	LangIDOff is 
0044df68	unicode	FUN_00621330	FindLangIDOff
0044df88	unicode	FUN_006217f0,FUN_00644a30,FUN_00649860,FUN_0066cc70,FUN_006b7d90	HotKey
0044dfa8	unicode	FUN_006217f0	Quiet Mode - 
0044dfd0	string		__vbaHresultCheckNonvirt
0044dfec	string		cmdRegister
0044e000	string		__vbaRefVarAry
0044e010	string		__vbaRecAssign
0044e020	string		__vbaR8IntI2
0044e034	string		__vbaVarTstLe
0044e044	string		__vbaVarTstLt
0044e054	string		__vbaNextEachCollObj
0044e06c	string		__vbaExitEachColl
0044e080	string		__vbaForEachCollObj
0044e094	string		__vbaPutOwner4
0044e0b1	string		f5uSSActiveTabs1
0044e0c4	string		__vbaStrFixstr
0044e0d4	string		__vbaGetOwner4
0044e0e4	string		__vbaLsetFixstr
0044e0f4	string		__vbaAryConstruct2
0044e108	string		__vbaEnd
0044e114	string		txtSearch
0044e128	unicode	FUN_00621ef0	Please type a message before pressing the preview button.
0044e1a0	unicode	FUN_00622520	Parsing message
0044e1c4	unicode	FUN_00622520	frmMsgEdit.PrepAttachment
0044e1fc	unicode	FUN_00622520	writing attachment
0044e228	unicode	FUN_00622520	encrypting attachment
0044e258	unicode	FUN_00622520	Exiting routine
0044e27c	unicode	FUN_00623330	entering Form_Activate
0044e2b0	unicode	FUN_00623330	frmMsgEdit.Form_Activate
0044e300	unicode	FUN_00623330	exiting Form_Activate
0044e330	unicode	FUN_00623640	entering Form_Load
0044e35c	unicode	FUN_00623640	frmMsgEdit.Form_Load
0044e38c	unicode	FUN_00623640	adding animations to listbox
0044e3cc	unicode	FUN_00623640,FUN_00644a30,FUN_00649860,FUN_0065c1a0,FUN_0066cc70,FUN_006b99e0,FUN_007221b0	Name
0044e3dc	unicode	FUN_00623640,FUN_0065caa0,FUN_007221b0	UserName
0044e3f4	unicode	FUN_00623640	calling prepiconstrings
0044e428	unicode	FUN_00623640	calling getlastwindowposition
0044e468	unicode	FUN_00623640	calling form_resize
0044e494	unicode	FUN_00623640	calling clearmessage
0044e4cc	unicode	FUN_00623640	exiting Form_Load
0044e504	unicode	FUN_00624ad0,FUN_006edaf0	[UserName]
0044e520	unicode	FUN_00624ad0,FUN_00624dd0,FUN_006e6160,FUN_006e8620,FUN_006edaf0	<sp=
0044e530	unicode	FUN_00624ad0,FUN_00624dd0,FUN_006e6160,FUN_006e8620,FUN_006edaf0,FUN_006efc50	<pl=
0044e540	unicode	FUN_00624dd0,FUN_006265c0,FUN_006edaf0,FUN_006ef4e0	\pict
0044e550	unicode	FUN_00624dd0,FUN_006edaf0	><sp=
0044e560	unicode	FUN_00624dd0,FUN_006edaf0	<sp=>
0044e570	unicode	FUN_00624dd0,FUN_006edaf0	<pl=>
0044e580	unicode	FUN_00624dd0,FUN_006edaf0	<pl=UnknownAnimation>
0044e5b0	unicode	00625ab6,006ee870	ParseMessageEX Error:  
0044e678	unicode	FUN_006288a0	Good News 
0044e694	unicode	FUN_006288a0	! E-Mail will never be the same!
0044e6dc	unicode	FUN_006288a0	For the first time, you can send e-mail with emotion! \pau=1000\You can insert emotions in your e-mail messages and I will be happy to express them on your behalf!
0044e824	string		cmdRegisterLater
0044e838	string		cmdContinue
0044e844	string		cmdBrowse
0044e858	string		lblPrivacyPolicy
0044e870	unicode	FUN_006288a0	\pau=1000\For example, \pau=500\you can now send a hug to a loved one anywhere in the world and this little gorilla will make sure they get it!
0044e9a0	unicode	FUN_0062a780	your computer, simply open the attached file to SEE and HEAR
0044ea2c	string		SSActiveTabPanel3
0044ea58	unicode	FUN_006288a0	Simply enter the recipient's e-mail address into the \emp\'To' field below.  \pau=1000\Then type in a subject and a message you would like me to deliver!
0044eb90	unicode	FUN_0062a780	BonziBUDDY!  If you already have the BonziBUDDY software on
0044ec08	string	0044f1d4	C:\WINNT\system32\sstabs2.oca
0044ec28	string	0044f1d8	ActiveTabs
0044ec44	unicode	FUN_006288a0	\pau=1000\Then, drag the 'Emotions' or 'Gestures' that you would like me to express into your message. When your friend or loved one receives your message I will be happy to convey it to them!
0044edcc	unicode	FUN_006288a0,FUN_006c4ce0	GestureLeft
0044ede8	unicode	FUN_0062a780	! I'll take it directly to them!
0044ee30	unicode	FUN_006288a0	\pau=1000\When you have finished composing your message, click the 'Deliver Now' button and I will deliver it personally!  \pau=1000\Your e-mail will never be the same!
0044ef88	unicode	FUN_0062a780	This is an interactive talking e-mail message created using
0044f000	string		SSActiveTabPanel1
0044f020	unicode	FUN_006288a0	, if you need me to explain how to send BonziMAIL again at any time, just let me know by pressing the 'F1' key while on this screen.
0044f138	unicode	FUN_00629a20	?  '
0044f148	unicode	FUN_0062a780	-------------------------------------------------------------
0044f1ec	string		SSActiveTabPanel2
0044f208	unicode	FUN_00629a20	' does not appear to be a valid Internet E-Mail Address.  For example, if the address is on America Online then we would enter \ctx="EMAIL"\'ToAddress@aol.com'.
0044f350	unicode	FUN_0062a070,FUN_00688660,FUN_00724d00	GetAttention2
0044f370	unicode	FUN_0062a070,FUN_0065a380,FUN_006ad130	Guess what 
0044f38c	unicode	FUN_0062a780	Preparing attachments
0044f3d0	string		txtBrowse
0044f3dc	string		SSFrame4
0044f3ec	unicode	FUN_0062a070	!  \pau=1000\Did you know that you can send this little purple gorilla as a 'Free Gift' to all your friends and loved ones? \pau=1000\If you like, I can send them an automated e-mail message on your behalf allowing them to download little old me for free! \pau=1000\Would you like me to show you how? \pau=1000\They will love you for it!
0044f694	unicode	FUN_0062a070	!  Did you know that you can send this little purple gorilla as a 'Free Gift' to all your friends and loved ones? If you like, I can send them an automated e-mail message on your behalf allowing them to download little old me for free! Would you like me to show you how? They will love you for it!
0044f8ec	unicode	FUN_0062a780	your message now.  If you don't yet have the BonziBUDDY
0044f960	unicode	FUN_0062a780	software, you may download it now for FREE! Simply click on
0044f9dc	unicode	FUN_0062a780	or go to:
0044faa4	string		SSFrame6
0044fab0	string		cmdSearch
0044fabc	string		chkBuggerOff
0044fad0	unicode	FUN_0062a780	Please Note: You only need to install the BonziBUDDY
0044fb40	unicode	FUN_0062a780	software once. After that, you may send and receive
0044fbac	unicode	FUN_0062a780	unlimited interactive talking e-mail messages to your
0044fc1c	unicode	FUN_0062a780	friends and loved ones!
0044fc50	unicode	FUN_0062a780	http://www.bonzi.com/bonzibuddy/bonzimail.asp
0044fcb8	unicode	FUN_0062a780	? We need to compose a message before we can send one my friend!
0044fd40	unicode	FUN_0062a780	? I need to know where you would like me to deliver this message.
0044fdc8	unicode	FUN_0062a780	Let's enter at least one email address in the \emp\To field below.
0044fe50	string		SSFrame1
0044fe64	string		SSFrame3
0044fe70	string		SSFrame2
0044fe7c	string		SSFrame5
0044fe94	unicode	FUN_0062a780	Some of the information that I need to send your E-Mail message for you is missing.  Please make sure you enter your E-Mail Address on my E-Mail Options screen.
0044ffd8	string		__vbaPrintFile
0045004c	string		chkNewsBusiness
0045005c	string		chkNewsHeadlines
00450070	string		chkNewsLivingTravel
00450084	string		chkNewsSports
00450094	string		chkNewsTechnology
004500a8	string		sschkAutomotive
004500b8	string		sschkBooks
004500c4	string		sschkChildren
004500d4	string		sschkFashion
004500e4	string		sschkFood
004500f0	string		sschkGames
004500fc	string		sschkHardware
0045010c	string		sschkHealth
00450118	string		sschkHome
00450124	string		sschkInvestment
00450134	string		sschkLottery
00450144	string		sschkMusic
00450150	string		sschkOffice
0045015c	string		sschkPets
00450168	string		sschkSoftware
00450178	string		sschkVideo
00450184	string		txtLastName
004501a0	string		cboState
004501ac	string		txtMiddleName
004501d2	string		8PoptFemale
004501e0	string		optMale
004501e8	string		sschkReceiveEmails
004501fc	string		inetReg
00450214	string		imgCheck
0045022f	string		tlblDate
00450238	string		SSOption3
00450244	string		SSOption2
00450250	string		Label12
00450270	string		SSPanel3
0045027c	string		SSPanel2
00450288	string	00439b0c,00439b10	UserRequestsShow
004502d0	unicode	FUN_0062e500,FUN_00636330,FUN_00637670	Under 13
004502e8	unicode	FUN_0062e500,FUN_0063aa70,FUN_00644a30,FUN_00649860	Lottery
004502fc	unicode	FUN_0062e500,FUN_0063aa70,FUN_00644a30,FUN_00649860	Office
00450310	unicode	FUN_0062e500,FUN_0063aa70,FUN_00644a30,FUN_00649860	Pets
00450320	unicode	FUN_0062e500,FUN_0063aa70,FUN_00644a30,FUN_00649860	Software
00450338	unicode	FUN_0062e500,FUN_0063aa70,FUN_00644a30,FUN_00649860	Video
00450358	unicode	FUN_0062e500	Please enter your Name into the Name fields before you register.
004503e0	unicode	FUN_0062e500	Please enter a valid Zip or Postal code in the Zip/Postal Code field.
00450470	unicode	FUN_0062e500	Choose One
0045048c	unicode	FUN_0062e500	Please select your country from the Country field first.
00450504	unicode	FUN_0062e500,FUN_0063aa70,FUN_00644a30,FUN_00649860	Home
00450514	unicode	FUN_0062e500,FUN_0063aa70,FUN_00644a30,FUN_00649860	Investment
0045052c	string		sldrFacts
0045053c	unicode	FUN_0062e500	Please supply a valid E-Mail address in the E-Mail field before you register.
004505dc	unicode	FUN_0062e500,FUN_0063aa70,FUN_00644a30,FUN_00649860,FUN_0072e430,FUN_0072e9a0,FUN_00730ab0,FUN_00731390,FUN_00732300	News
004505ec	unicode	FUN_0062e500,FUN_0063aa70,FUN_00644a30,FUN_00649860	Business
00450604	unicode	FUN_0062e500,FUN_0063aa70,FUN_00644a30,FUN_00649860	Headlines
0045061c	unicode	FUN_0062e500,FUN_0063aa70,FUN_00644a30,FUN_00649860	Travel
00450630	unicode	FUN_0062e500,FUN_0063aa70,FUN_00644a30,FUN_00649860	Sports
00450644	unicode	FUN_0062e500,FUN_0063aa70,FUN_00644a30,FUN_00649860	Technology
0045067c	unicode	FUN_0062e500,FUN_0063aa70,FUN_00644a30,FUN_00649860	Books
0045068c	unicode	FUN_0062e500,FUN_0063aa70,FUN_00644a30,FUN_00649860	Children
004506a4	unicode	FUN_0062e500,FUN_0063aa70,FUN_00644a30,FUN_00649860	Fashion
004506b8	unicode	FUN_0062e500,FUN_0063aa70,FUN_00644a30,FUN_00649860	Food
004506c8	unicode	FUN_0062e500,FUN_0063aa70,FUN_00644a30,FUN_00649860	Hardware
004506e0	unicode	FUN_0062e500,FUN_0063aa70,FUN_00644a30,FUN_00649860	Health
004506f4	unicode	FUN_0062e500	mmddyy
00450708	unicode	FUN_0062e500	hhmmss
0045071c	unicode	FUN_0062e500	Inst
0045072c	unicode	FUN_0062e500	Test
0045073c	unicode	FUN_0062e500,FUN_0065c1a0,FUN_0066a050,FUN_00721a70,FUN_00726960	RegVersion
00450758	unicode	FUN_0062e500	OK!  This will only take a second.
004507a4	unicode	FUN_0062e500	Great! I've successfully updated our registration information!
00450828	unicode	FUN_0062e500	Great, now you're an official, registered user of Bonzi Buddy!
004508ac	unicode	FUN_0062e500	?m_FIRSTNAME=
004508d0	unicode	FUN_0062e500	&m_LASTNAME=
004508f0	unicode	FUN_0062e500	&m_STREET=
0045090c	unicode	FUN_0062e500	&m_CITY=
00450924	unicode	FUN_0062e500	&m_STATE=
0045093c	unicode	FUN_0062e500	&m_ZIP=
00450950	unicode	FUN_0062e500	&m_COUNTRY=
0045096c	unicode	FUN_0062e500	&m_EMAIL=
00450998	unicode	FUN_0062e500	LReg
004509a8	unicode	FUN_0062e500	Now before you complete the Lycos form, I have a few final things to show you....
00450a6b	string		ctmrShowMe
00450a90	unicode	FUN_0062e500	You've asked to receive customized content from My \map="lie coce"="Lycos"\.  Simply fill in the remaining fields on the \map="lie coce"="Lycos"\ Membership form, click the 'I agree' button at the bottom of the page and I'll take care of the rest.
00450c88	unicode	FUN_00636330	Since you are under the age of 13 your information will not be saved or transmitted.
00450d70	unicode	FUN_00636330,FUN_006633f0	Lycosized
00450d88	unicode	FUN_00637670	?reg=
00450d98	unicode	FUN_00637670	http://www.bonzi.com/tracking/track.asp?trackcode=LYCOSOPTIN&col=download
00450e30	unicode	FUN_0063aa70,FUN_00649860	uninitialized
00450e50	unicode	FUN_0063aa70,FUN_00649860,FUN_0065caa0,FUN_0071e8c0,FUN_00721650,FUN_007221b0,FUN_00727520,FUN_00728a60	true
00450e64	unicode	FUN_0063aa70	When you've finished, simply click the 'Continue' button below. I will automatically re-register you!
00450f30	string		__vbaBoolStr
00450f70	unicode	FUN_0063aa70	! Now let's take a moment and fill out our automated registration card.  Our registration card entitles you to 'Free Software Updates' of little old me!
004510a8	unicode	FUN_0063aa70,FUN_0064e110,FUN_00668980,FUN_0066cc70,FUN_0067f320,FUN_00724d00	PleasedHard
004510c4	unicode	FUN_0063aa70	Simply enter or change your information on our automated registration card.
00451164	unicode	FUN_0063aa70	When you've finished, simply click the 'Continue' button below. I will automatically register you and add you to my Free Software Update list. I can even notify you when my updates are available!
00451318	unicode	FUN_006408f0	registered
00451334	unicode	FUN_006408f0,FUN_006ab9c0	Registered
0045137e	string		QClblDisclaimer
00451390	string		txtSalutation
004513a0	string		picIcon
004513a8	string		cmdApply
004513b4	string		cboRelaxHotKey
004513c4	string		chkRelaxUseHotKey
004513e8	string		sldrInteraction
004513f8	string		sldrJokes
00451404	string		sldrPersonality
00451414	string		cmdAdvanced
00451428	string		picOptionsNews
00451438	string		tbsOptions
0045144c	string		lblSalutationDescription
00451468	string		Label16
00451488	string		lblTitle
00451494	string		cmdRegistration
004514a4	string		txtRelaxIdleTime
004514c0	string		lblVersion
004514d8	string		fraConnectType
00451500	string		optLAN
00451508	string		chkRelaxModeOnStartup
00451520	string		lblIntervalDesc
00451530	string		optModem
0045153c	string		cmdPersonalityDefaults
00451564	string		optRelaxMode
00451574	string		LoadPersonalitySettings
0045158c	string		PersonalitySettingsIntro
004515a8	string		ShowAssociations
004515dc	unicode	FUN_006427d0,FUN_006ce0d0	Version 
004515f4	unicode	FUN_00644a30,FUN_00649860,FUN_006aa640	RelaxIdleTime
00451614	unicode	FUN_00644a30,FUN_00649860,FUN_006660a0	StayInRelaxOnLoad
0045163c	unicode	FUN_00644a30,FUN_00649860,FUN_006b7d90	UseHotKey
00451654	unicode	FUN_00644a30,FUN_0064dc30,FUN_006bdac0,FUN_006be140	InteractionLevel
0045167e	unicode		 Copyright 1999-2003. All Rights Reserved. BONZI.COM Software. BonziBUDDY uses Microsoft Agent Technology.
00451758	unicode	FUN_00644360,FUN_00684630,FUN_00684b10	!  I see we don't yet have my E-Mail Reader Add-on Module installed.
004517e8	unicode	FUN_00644360,FUN_00683880,FUN_00683e30,FUN_00684630,FUN_00684b10	If we had this Add-on installed, 
00451830	unicode	FUN_00644a30	NeverRelax
0045184c	unicode	FUN_00644a30,FUN_0064dc30,FUN_006bdac0	JokeLevel
00451868	unicode	FUN_00644360,FUN_00684630,FUN_00684b10	, I would be able to notify you when you received new E-Mails and even read your messages for you!
00451934	unicode	FUN_00644360,FUN_00684b10	Would you like to find out more about my E-Mail Reader Add-on Module now?
004519cc	unicode	FUN_00644a30,FUN_00654730,FUN_00657440,FUN_0065e870,FUN_0066cc70,FUN_0068d3c0,FUN_0068de30,FUN_006a7900,FUN_006c3410,FUN_006c3e20	Acknowledge
004519e8	unicode	FUN_00644a30,FUN_00649860,FUN_006a91b0,FUN_006c3e20,FUN_006c43e0	Modem
00451a04	unicode	FUN_00644a30,FUN_00649860,FUN_006aa640	RelaxWhenIdle
00451a34	unicode	FUN_0064efc0	.rmi
00451a48	unicode	FUN_00644a30,FUN_0064dc30,FUN_006bdac0	FactLevel
00451a60	unicode	FUN_00644a30,FUN_0064dc30,FUN_006bdac0	PersonalityLevel
00451a94	unicode	006bf29a,FUN_0064e110,FUN_006621e0,FUN_00668980,FUN_0066cc70	Giggle
00451aa8	unicode	FUN_0064e110,FUN_0066cc70	Most importantly, please let me know if I am being too talkative by sliding my 'Master' control for more or less talk! \pau=1000\I really enjoy spending time with you 
00451bfc	unicode	FUN_0064efc0	.mpeg
00451c0c	unicode	FUN_0064efc0	.mpg
00451c1c	unicode	FUN_0064e110	From my personality tab, you can control how much you would like me to talk to you and even adjust my personality the way you like it! \pau=1000\For example, if you like it when I tell you jokes, slide my 'Jokes & Humor' control toward 'More' and I will do everything in my power to keep you in stitches!!
00451e84	unicode	FUN_0064e110,FUN_0066cc70	, and do not want to interrupt you if you are busy!
00451ef0	unicode	FUN_0064efc0,FUN_0065e870,FUN_00715130	EntertainmentCenter
00451f1c	unicode	FUN_0064efc0	Assocation
00451f38	unicode	FUN_0064efc0	.aif
00451f48	unicode	FUN_0064efc0	.aifc
00451f58	unicode	FUN_0064efc0	.aiff
00451f68	unicode	FUN_0064efc0	.asf
00451f78	unicode	FUN_0064efc0	.asx
00451f94	unicode	FUN_0064efc0	.avi
00451fa4	unicode	FUN_0064efc0	.lsf
00451fb4	unicode	FUN_0064efc0	.lsx
00451fc4	unicode	FUN_0064efc0	.m1v
00451fd4	unicode	FUN_0064efc0	.m3u
00451fe4	unicode	FUN_0064efc0	.mid
00451ff4	unicode	FUN_0064efc0	.midi
00452004	unicode	FUN_0064efc0	.mp2
00452014	unicode	FUN_0064efc0	.mp3
00452024	unicode	FUN_0064efc0	.mpe
00452038	unicode	FUN_0064efc0	.snd
00452048	unicode	FUN_0064efc0	.wav
00452058	unicode	FUN_0064efc0	.wax
00452074	unicode	FUN_0064efc0	.wma
00452084	unicode	FUN_0064efc0	.wmv
00452094	unicode	FUN_0064efc0	.wvx
004520a4	unicode	FUN_0064f270,FUN_006841e0	bbplayer.exe
004520ec	unicode	FUN_0064f270,FUN_006b5b80	\shell\open\command
00452124	unicode	FUN_0064f270,FUN_006b5b80	\shell\play\command
00452150	unicode		Error registering a file type.  
00452194	string		__vbaStrBool
004521c4	string	00439ca0,00439cf4,00439d8c,0043a92c	RunEvent
004521d0	string	00439cf8,00439d90,0043a930	SetParentReference
004521e4	string	00439c04,00439c08,00439cb4,00439cb8,00439d2c,00439d30	Intro
004521ec	string	00439c0c,00439c10,00439cbc,00439cc0,00439d34,00439d38	Prompt
004521f4	string	00439c14,00439c18,00439cc4,00439cc8,00439d3c,00439d40	ExitYes
004521fc	string	00439c1c,00439c20,00439ccc,00439cd0,00439d44,00439d48	ExitNo
0045220c	string	00439c34,00439c38,00439d54,00439d58	TapCode
00452214	string	00439c44,00439d7c,0043a934	ShouldBeHeard
00452224	string	00439c48	ParseProductData
0045226c	unicode	FUN_00650800,FUN_006627f0,FUN_0066b3b0,FUN_0066cc70,FUN_00694180,FUN_00694860,FUN_0069d310,FUN_0069d570,FUN_006a1750,FUN_006a3db0,FUN_006ab9c0,FUN_006b99e0	mm/dd/yy
004522a0	unicode	FUN_00650800,FUN_0066cc70	?answer=yes&product=
004522f0	unicode	FUN_00650800,FUN_0066cc70	?answer=no&product=
0045231c	unicode	FUN_00652c00	clsBonziEventTap
00452344	unicode	FUN_00655410,FUN_00696070	apromptu2=
00452360	unicode	FUN_00650800,FUN_0066cc70	Agent1.RequestComplete(rqPromptProduct)
004523c4	unicode	FUN_00650800,FUN_0069bb00,FUN_006a6720,FUN_00728a60,FUN_00731390	ProductsHeard
004523ff	string		'BBEvent
00452408	string	00439c88,00439c8c	MutuallyExclusive
0045241c	string	00439c90,00439c94	Status
00452424	string	00439c98,00439c9c	EventType
00452454	unicode	FUN_00652000,FUN_00696070	prcode=
00452468	unicode	FUN_00652000,FUN_00696070	prurl=
0045247c	unicode	FUN_00652000,FUN_00696070	prreg=
00452490	unicode	FUN_00652000,FUN_00696070	prtap=
004524a4	unicode	FUN_00652000,FUN_00696070	aintrop2=
004524bc	unicode	FUN_00652000,FUN_00696070	apromptp2=
004524d8	unicode	FUN_00652000,FUN_00696070	aexityesp2=
004524f4	unicode	FUN_00652000,FUN_00696070	aexitnop2=
0045250c	unicode	FUN_00652eb0	SetParentReference
00452534	unicode	FUN_00653ac0	RunEvent
0045257c	unicode	FUN_00653be0	last spoken text
004525bf	string		PSize
004525cc	unicode	FUN_00654730,FUN_0069f760	NewVersion
004525e8	unicode	FUN_00654730,FUN_0066cc70,FUN_006a3db0	ScheduleEvent
00452608	unicode	FUN_00654730,FUN_0066cc70	Agent1.RequestComplete(rqDownloadUpdate)
00452660	unicode	FUN_00655410,FUN_00696070	udurl=
00452674	unicode	FUN_00655410,FUN_00696070	aintrou2=
0045269c	unicode	FUN_00654730,FUN_0066cc70	Great!  You're going to love our new little gorilla friend, Bonzi!
00452728	unicode	FUN_00654730,FUN_0066cc70	This will only take a few minutes.  When I'm done, I'll automatically run this new update for you!
004527f4	unicode	FUN_00654730,FUN_00655d30,FUN_006633f0,FUN_0069f760	LastUpdateCheckDateTime
00452834	unicode	FUN_00655410,FUN_00696070	udcode=
00452848	unicode	FUN_00655410,FUN_00696070	udver=
0045285c	unicode	FUN_00655410,FUN_00696070	udsize=
0045286c	string	00439d1c,00439d20	Interest
0045287c	unicode	FUN_00655410,FUN_00696070	aexityesu2=
00452898	unicode	FUN_00655410,FUN_00696070	aexitnou2=
004528b4	unicode	FUN_00655410,FUN_00696070	bmm=
004528c4	unicode	FUN_00655410,FUN_00696070	bmu=
004528d4	unicode	FUN_00655410,FUN_00696070	bmp=
004528e4	unicode	FUN_00655410,FUN_00696070	bms=
00452900	unicode	FUN_00655d30,FUN_0069f760	0.0.0
00452918	unicode	006570c1,0067aea8,006a14f2,006c8e08,006ca61e,FUN_006621e0,FUN_006b87f0,FUN_00723780	Surprised
00452930	unicode	0065719e,006a15d0	I encountered an error while trying to download the update.  The error is: 
004529cc	unicode	006571b9,006a15eb	.  Don't worry!  I'll try again for you later.
00452a3c	string	00439d24,00439d28	InterestFileName
00452a50	string	00439d4c,00439d50	RegCode
00452a58	string	00439d64,00439d68	MessageBoxText
00452a68	string	00439d6c,00439d70	StartTime
00452a74	string	00439d74,00439d78	FinishTime
00452ac0	unicode	FUN_00657440,FUN_0066cc70	?answer=yes&product=SiteOfTheDay
00452b08	unicode	FUN_00657440,FUN_00659310,FUN_0066cc70,FUN_00694180,FUN_00694860,FUN_0069d310,FUN_0069d570,FUN_0069def0,FUN_006b99e0,FUN_00728a60,FUN_00731390	Daily
00452b24	unicode	FUN_00659310	Interest-
00452b3c	unicode	FUN_00659970,FUN_00696070	dnum=
00452b4c	unicode	FUN_00659970,FUN_00696070	dtap=
00452b5c	unicode	FUN_00659970,FUN_00696070	durl=
00452b6c	unicode	FUN_00659970,FUN_00696070	dstart=
00452b80	unicode	FUN_00659970,FUN_00696070	dfinish=
00452b98	unicode	FUN_00659970,FUN_00696070	aintrod2=
00452bb0	unicode	FUN_00659970,FUN_00696070	apromptd2=
00452bcc	unicode	FUN_00659970,FUN_00696070	aexityesd2=
00452be8	unicode	FUN_00659970,FUN_00696070	aexitnod2=
00452c1f	string		ISetPOPReference
00452c30	string	00439d88	AddNewMessage
00452c88	unicode	FUN_0065a380,FUN_006ad130	MailCheckFull
00452ca8	unicode	FUN_006a1750,FUN_006a3db0,FUN_006ad130	Announce
00452cc0	unicode	FUN_0065a380,FUN_006ad130	 new e-mail messages! | E-Mail! E-Mail! Wow, someone is sure popular today! We just received 
00452d80	unicode	FUN_0065a380,FUN_006ad130	 new messages! | 
00452da4	string		mnuFriendPopup
00452db8	unicode	FUN_0065a380,FUN_006ad130	! We just received an e-mail message! | We just received a new e-mail message! | E-Mail! E-Mail! Wow, someone is sure popular today! | 
00452ecc	unicode	FUN_0065a380,FUN_006ad130	, I just found a new e-mail message! | I just found 1 new e-mail message!
00452f64	unicode	FUN_0065a380,FUN_006ad130	! We just received 
00452f8c	string		mnuProperties
00452fa0	unicode	FUN_0065a380,FUN_006ad130	, I just found  
00452fc8	unicode	FUN_0065a380,FUN_006ad130	 new e-mail messages!
00452ff8	unicode	FUN_0065a380,FUN_006ad130	MailNext
00453010	unicode	FUN_0065a380,FUN_006ad130	The message is from: \ctx="email"\ 
0045305c	unicode	FUN_0065a380,FUN_006ad130	Message number 
00453080	unicode	FUN_0065a380,FUN_006ad130	 is from: \ctx="email"\ 
004530b8	unicode	FUN_0065a380,FUN_006ad130	The message was created on: 
004530f8	unicode	FUN_0065a380,FUN_006ad130	Long Date
00453110	unicode	FUN_0065a380,FUN_006ad130	, at 
00453120	unicode	FUN_0065a380,FUN_006ad130	hh:mm AMPM
0045313c	unicode	FUN_0065c1a0,FUN_00721a70,FUN_00726960	</CLIENTVERSION>
00453164	unicode	FUN_0065a380,FUN_006ad130	The subject of the message from \ctx="email"\ 
004531d8	unicode	FUN_0065a380,FUN_006ad130	 | It is regarding: \pit=200\
00453218	unicode	FUN_0065a380,FUN_006ad130	 | With a subject of: \pit=200\
0045325c	unicode	FUN_0065a380,FUN_006ad130	 | The subject reads: \pit=200\
004532a0	unicode	FUN_0065a380,FUN_006ad130	, would you like me to read message 
004532f0	unicode	FUN_0065a380,FUN_006ad130	 from 
00453304	unicode	FUN_0065a380,FUN_006ad130	 for you now?
00453324	unicode	FUN_0065a380,FUN_00669620,FUN_006ad130	MailRead
00453340	unicode	FUN_0065a380,FUN_006ad130	Would you like for me to read this message for you now? | Would you like to hear this message now? | Should I read this message for you? | Would you like to hear what 
00453494	unicode	FUN_0065a380,FUN_006ad130	 has to say? | Should I read it for you 
00453510	unicode	FUN_0065e870,FUN_00715130	TellTrivia
00453530	unicode	FUN_0065a380,FUN_006ad130	The E-Mail says: | It reads: | Here it is: | 
00453590	unicode	FUN_0065a380,FUN_006ad130	 wrote: 
004535a8	unicode	FUN_0065a380,FUN_006ad130	Oh!  Well, this message has no text in it.  I guess 
00453618	unicode	FUN_0065a380,FUN_006ad130	 didn't actually have much to say.
00453660	unicode	FUN_0065a380,FUN_006ad130,FUN_006b31f0,FUN_00711d30	Count
00453670	unicode	FUN_0065a380,FUN_006ad130	The message contains the attachment: 
004536bc	unicode	FUN_0065a380,FUN_006ad130,FUN_006b31f0	Filename
004536d4	unicode	FUN_0065c1a0,FUN_00721a70,FUN_00726960	</REGNUM>
004536ec	unicode	FUN_0065e870	Not much, 
0045370c	unicode	FUN_0065a380,FUN_006ad130	This message contains the attachments: 
00453760	unicode	FUN_0065a380,FUN_00669620,FUN_006ad130,FUN_006b31f0	MailReturn
00453778	string		__vbaVarIndexLoadRef
004537a4	unicode	FUN_0065c010,FUN_0065c1a0,FUN_006633f0,FUN_00666d60,FUN_006aa640,FUN_006b5090,FUN_006c2f60,FUN_00720d10,FUN_00721170,FUN_00721a70,FUN_00725520,FUN_007257f0,FUN_00726960,FUN_00728140,FUN_00733200	BonziBUDDY
004537c0	unicode	FUN_0065c010,FUN_00720d10,FUN_00721170,FUN_00725520,FUN_007257f0	GoldPassRemember
00453824	string		txtPassword
00453830	string		chkSavePassword
00453840	string		cmdLogin
0045384c	string		cmdLogin_Click
00453860	unicode	FUN_0065c1a0,FUN_00720d10,FUN_00721170,FUN_00721a70,FUN_00725520,FUN_007257f0,FUN_00726960	GoldEmail
00453878	unicode	FUN_0065c1a0,FUN_00720d10,FUN_00721170,FUN_00721a70,FUN_00725520,FUN_007257f0,FUN_00726960,FUN_00728140	GoldPass
004539d8	unicode	FUN_0065c1a0	</USERNAME>
00453a08	unicode	FUN_0065c1a0,FUN_00721a70,FUN_00726960	</EMAIL>
00453a3c	unicode	FUN_0065c1a0,FUN_00721a70,FUN_00726960	</PASSWORD>
00453a70	unicode	FUN_0065c1a0,FUN_00721a70,FUN_00726960	</BBGOLDMEMBERREQUEST>
00453ab0	unicode	FUN_0065caa0,FUN_007221b0	BBGoldLoginResponse
00453adc	unicode	FUN_0065caa0,FUN_007221b0,FUN_00727520	Success
00453af0	unicode	FUN_0065caa0,FUN_007221b0,FUN_00727520	Reason
00453b04	unicode	FUN_0065caa0,FUN_007221b0,FUN_00727520	Active
00453b18	unicode	FUN_0065caa0,FUN_007221b0	Current
00453b2c	unicode	FUN_0065caa0,FUN_007221b0	SignOnDate
00453b48	unicode	FUN_0065caa0,FUN_007221b0	CCExpiry
00453b60	unicode	FUN_0065caa0,FUN_007221b0	CCNum
00453b70	unicode	FUN_0065caa0,FUN_007221b0	BillDay
00453b84	unicode	FUN_0065caa0,FUN_006e1920,FUN_006e2630,FUN_006f5850,FUN_006f75f0,FUN_006f91b0,FUN_007221b0,FUN_00727520	Password
00453b9c	unicode	FUN_0065caa0,FUN_007221b0	Street
00453bbc	unicode	FUN_0065caa0,FUN_007221b0	OldClient
00453be0	unicode	FUN_0065caa0,FUN_007221b0	SessionID
00453bf8	unicode	FUN_0065e870	Hello to you, 
00453c1c	unicode	FUN_0065caa0,FUN_007221b0	, we are now logged-in to the Gold Member's Site.
00453c9c	unicode	FUN_0065e150	?loc=mnu_ckaddon
00453cc4	unicode	FUN_0065e300,FUN_0065e870,FUN_0066cc70,FUN_006a1750,FUN_0072da30,FUN_0072dc70	Uncertain
00453cdc	unicode	FUN_0065e300	I've been there, 
00453d04	unicode	FUN_0065e300	. | Well, I hope things start looking better for you. | Well, 
00453d88	unicode	FUN_0065e870,FUN_00715130	Salutation
00453da4	unicode	FUN_0065e870,FUN_00715130	Hello
00453e50	unicode	FUN_0065e300	.  Things can only get better. | Well, don't worry, I'm here when you need me. | I just know that things are going to get better 
00453f58	unicode	FUN_0065e870,FUN_00715130	Sing
00453f68	unicode	FUN_0065e870,FUN_00682a80,FUN_00715130	Calendar
00453f80	unicode	FUN_0065e870,FUN_0068ed70,FUN_00715130	Speak
00453f90	unicode	FUN_0065e300	That sounds nice. | Sounds like an exciting life you lead 
0045400c	unicode	FUN_0065e300	! | Glad to hear it. | And I thought \emp\I had a lot going on! | Well, maybe we could browse the web or something.
004540f8	unicode	FUN_0065e300	DontRecognize
00454118	unicode	FUN_0065e870,FUN_00715130	BrowseSite
00454134	unicode	FUN_0065e870,FUN_00715130	Read It
00454148	unicode	FUN_0065e870,FUN_00715130	Exit
00454158	unicode	FUN_0065e870,FUN_00715130	AdvCharOpt
00454174	unicode	FUN_0065e870	. | Hi! | Hello! | Hello.  What's new? | Hey, 
004541d8	unicode	FUN_0065e870	. | Hi there!
004541f8	unicode	FUN_0065e870,FUN_00715130	ExplainVR
00454234	unicode	FUN_0065e870,FUN_0066cc70	Suit yourself, I'll just do a little reading of my own while you browse.
004542cc	unicode	FUN_0065e870,FUN_0066cc70	Read
004542dc	unicode	FUN_0065e870,FUN_0066cc70	ReadContinued
004542fc	unicode	FUN_0065e870,FUN_0066cc70	ReadReturn
00454318	unicode	FUN_0065e870,FUN_00668980,FUN_0066cc70,FUN_006be310,FUN_006bf380,FUN_006ddc40	Congratulate
00454338	unicode	FUN_0065e870,FUN_0066cc70	http://www.bonzi.com
00454368	unicode	FUN_0065e870,FUN_0066cc70	NetBoost Prompted
00454390	unicode	FUN_0065e870,FUN_0066cc70,FUN_006a6900	True
004543a0	unicode	FUN_0065e870,FUN_0066cc70	Do you want me to remind you later about InternetBOOST from \Ctx="Email"\www.bonzi.com?
00454454	unicode	FUN_0065e870,FUN_0066cc70	Once this new update is finished installing, I'll come back, better than ever!
004544f8	unicode	FUN_0065e870,FUN_00715130	TellJoke
00454510	unicode	FUN_0065e870,FUN_0066cc70	Great! | Great!  I love that newly updated feeling! | Good choice!  I'm sure you'll be pleased with my new abilities.
00454600	unicode	FUN_0065e870,FUN_0066cc70	This will only take a few minutes.  When I'm done, I'll have to leave for a few minutes to receive my new updates.
004546ec	unicode	FUN_0065e870,FUN_00715130	WhatsNew
00454704	unicode	FUN_0065e870	.  | Nothing much, just hanging out. | Not much today.
00454778	unicode	FUN_0065e870	What's new with you today? | Anything exciting happening with you today? | What been going on? | What's happening with you?
00454874	unicode	FUN_0065e870,FUN_00715130	HowAreYou
0045488c	unicode	FUN_0065e870	? | How are \emp\you? | How are \emp\you, 
004548e8	unicode	FUN_0065e870	I'm doing well. | I'm feeling just fine today, thanks for asking. | Wonderful!  Things couldn't be better.  | I'm fine, 
004549e0	unicode	FUN_0065e870	. | My cup runneth over, 
00454a18	unicode	FUN_0065e870	. | I'm doing great myself 
00454a54	unicode	FUN_0065e870	How about \emp\you 
00454a80	unicode	FUN_0065e870,FUN_00715130	ImNotGood
00454a98	unicode	FUN_0065e870,FUN_00715130	BonziPolizoof
00454ab8	unicode	FUN_006631d0	blink
00454acc	unicode	FUN_0065e870	?  | How are things with \emp\you today?
00454b24	unicode	FUN_0065e870,FUN_00715130	ImGood
00454b38	unicode	FUN_0065e870	I'm glad to hear that you're doing well, 
00454b90	unicode	FUN_0065e870	. | It's nice to hear that things are good for you. | That's great 
00454c1c	unicode	FUN_0065e870	.  When \emp\you feel good, \emp\I feel good too. | That's nice to hear.
00454cb8	unicode	FUN_0065e870	I'm sorry to hear that you're not well, 
00454d10	unicode	FUN_0065e870	. | That's very sad, 
00454d40	unicode	FUN_0065e870	.  Is there anything I can do for you? | It makes me sad to hear that, 
00454dd4	unicode	FUN_0065e870	. | Well, 
00454df0	unicode	FUN_0065e870	, I hope things start looking better for you.
00454e50	unicode	FUN_0065e870,FUN_00715130,FUN_00720240	Addons
00454e64	unicode	FUN_0065e870,FUN_00715130	BonziInternet
00454e98	unicode	FUN_0065e870	What is troubling you? | What seems to be the problem today? | Why are things not well for you?
00454f5c	unicode	FUN_0065e870,FUN_00715130	Registration
00454f7c	unicode	FUN_0065e870,FUN_00715130	StopListening
00454f9c	unicode	FUN_0065e870	Wallet
00454fb0	unicode	FUN_0065e870,FUN_00715130	TellTime
00454fc8	unicode	FUN_0065e870	The time is 
00454fe8	unicode	FUN_0065e870,FUN_00715130	TellDate
00455000	unicode	FUN_0065e870	Today's date is 
00455028	unicode	FUN_0065e870,FUN_00715130	Help
00455038	unicode	FUN_0065e870,FUN_00715130,FUN_0072deb0,FUN_00731390,FUN_00731a70	Update
00455068	unicode	FUN_0065e870,FUN_00715130	BonziTreasureChest
00455094	unicode	FUN_0065e870,FUN_00715130	DownloadManager
004550b8	unicode	FUN_0065e870,FUN_00715130	InstantMessenger
004550e0	unicode	FUN_0065e870,FUN_00715130	CheckMail
004550f4	unicode	FUN_006613e0,FUN_00661a20	Confidence
0045510c	unicode	FUN_006613e0	Alt1Name
00455120	unicode	FUN_006613e0	Alt2Name
00455134	unicode	FUN_006613e0	Alt2Confidence
00455158	unicode	FUN_006618c0	Good choice!
00455174	unicode	FUN_00661a20	Voice
00455184	unicode	FUN_00661c10,FUN_006aa640	RightClicked
004551a4	unicode	FUN_00661c10,FUN_0068de30	Shoosh
004551b8	unicode	FUN_006627f0,FUN_006953f0,FUN_006b99e0	Short
004551c8	unicode	FUN_006627f0,FUN_006953f0,FUN_006b99e0	Long
004551e0	unicode	00662e87,FUN_006627f0,FUN_00694180,FUN_006b99e0	ServerCheck
004551fc	unicode	FUN_006627f0,FUN_00694180,FUN_006b99e0	ServerCheckDay
00455224	unicode	FUN_006632a0	Modem Connected
00455248	unicode	FUN_006632a0	Modem Not Connected
00455274	unicode	FUN_006633f0	frmAgent.Form_Load Starting BBQ
004552b8	unicode	FUN_006633f0,FUN_0072d0d0,FUN_0072d780,FUN_0072ef10,FUN_0072f150,FUN_0072f310,FUN_0072f480,FUN_0072f8c0,FUN_00733200,FUN_00733ff0,FUN_00737af0	TapData
004552d8	unicode	FUN_006633f0	frmAgent.Form_Load loading bbmail settings
00455334	unicode	FUN_006633f0	frmAgent.Form_Load start subclassing
004553b4	unicode	FUN_00666d60	BBPlayer is NOT running.
004553ec	unicode	FUN_006633f0	frmAgent.Form_Load agent1.connect=true
00455440	unicode	FUN_006633f0	frmAgent.Form_Load loadbonz 1
00455480	unicode	FUN_006633f0	frmAgent.Form_Load parse command line
004554d0	unicode	FUN_006633f0	frmAgent.Form_Load exiting load
00455520	unicode	FUN_00664e00	You guessed it, it's my home!  This is one of my favorite places to be.  I live at 
004555cc	unicode	FUN_00664b50	, in order for me to best help you in our Internet travels together, we need to specify how we will connect to the Internet.
004556cc	unicode	FUN_00664e00,FUN_006b99e0	SnapHome
004556e4	unicode	FUN_00664e00	, I'd like to show you one of my favorite places in the world!
00455768	unicode	FUN_00666d60	BBPlayer is running.
00455798	unicode	FUN_00666d60	Form_Unload
004557b8	unicode	FUN_00664e00	From my home, we have access to all sorts of great things that we can explore together!
0045586c	unicode	FUN_00664e00	\rst\Phew! \pau=500\ Just too much great stuff for this little old gorilla to mention all at once!
0045598c	unicode	FUN_00664e00	\spd=160\Local and World News! \spd=200\Weather! \spd=240\Sports! \spd=280\Stock quotes! \spd=320\Horoscopes! \spd=360\Games! \spd=400\Auctions! \spd=400\Classifieds!
00455ae0	unicode	FUN_00664e00,FUN_0066cc70,FUN_006a1750	Confused
00455af8	unicode	FUN_006660a0,FUN_0068e690	SilentMode
00455b14	unicode	FUN_00666990,FUN_0066b3b0	LatestUpdate
00455b34	unicode	FUN_00666990,FUN_0066b3b0	Phrase
00455b68	unicode	FUN_00664e00	To customize my home for your own needs and interests, simply enter your zip code in the 'Zip Code' box on this page, and click the 'Enter Zip' button now!
00455ca4	unicode	FUN_00664e00	And don't worry, 
00455ccc	unicode	FUN_00665dc0	What's Hot!
00455ce8	unicode	FUN_006660a0	Gold Member Access...
00455d18	unicode	FUN_006660a0	Check for New Add-Ons...
00455d54	unicode	FUN_00664e00	, if you would like I can make my home, your home now! This way home will always be one click away!
00455e20	unicode	FUN_00664e00	Why don't we check out our exciting new home site now?
00455e94	unicode	FUN_00665dc0	Horoscopes
00455eb0	unicode	FUN_00665dc0	Personals
00455ec8	unicode	FUN_00665dc0	Reference Center
00455ef0	unicode	FUN_00665dc0	Stock Quotes
00455f10	unicode	FUN_00665dc0	Weather Center
00455f38	unicode	FUN_00666d60	StoryReader is running.
00455f6c	unicode	FUN_00666d60	StoryReader is NOT running.
00455fa8	unicode	FUN_00666d60,FUN_006aa640	BonziCHECKERS
00455fc8	unicode	FUN_00666d60,FUN_006aa640	ShutDown
00455fe0	unicode	FUN_00666d60	Jigsaw
00455ff4	unicode	FUN_00666d60	Solitaire
00456047	string		otxtDatePicker
00456060	string		cboDueHour
0045606c	string		cboDueAMPM
00456078	string		chkRemind
00456094	string		lblReminderTime
004560a4	string		fraDivider
004560e4	string		tvwFriends
00456118	string	00456154	C:\WINNT\system32\msimmsgr.dll
00456138	string	00456158	MSIMMSGRLib
0045616c	string		fraFriendsOnline
00456180	string		picbxMask
0045618c	string		lblLogOn
00456198	string		imgLogOn
004561a4	string		mnuPrivacy
004561b8	string		mnuTools
004561c4	string		mnuFriends
004561d8	string		mnuLogOnOff
004561e4	string		mnuBlock
004561f0	string		mnuSendMessage
00456200	string		mnuSendMail
0045620c	string		mnuRemove
00456218	string	0043a384	m_IMSvc_OnAppInviteReceived
00456243	string		Fm_IMSvc_OnListRemoveResult
00456260	string	0043a38c	m_IMSvc_OnLogoff
00456274	string	0043a390	m_IMSvc_OnNewSessionRequest
004562a0	string	0043a394	m_IMSvc_OnSendResult
004562b8	string	0043a398	FindSession
004562c4	string	0043a3a0	m_IMSvc_OnTextReceived
004562dc	string	0043a3a4	m_IMSvc_OnUnreadEmailChanged
004562fc	string	0043a3a8	m_IMSvc_OnUserFriendlyNameChangeResult
00456324	string	0043a3ac	m_IMSvc_OnUserJoin
00456338	string	0043a3b0	m_IMSvc_OnUserLeave
0045634c	string	0043a3d4	m_IMSvc_OnListAddResult
00456364	string	0043a3d8	m_IMSvc_OnLocalStateChangeResult
00456398	string	0043a3dc	m_IMSvc_OnLogonResult
004563b0	string	0043a3e0	m_IMSvc_OnUserStateChanged
004563cc	string	0043a3e4,0043a3e8	VoicePitch
004563d8	string	0043a3ec,0043a3f0	VoiceSpeed
004563e4	string	0043a3f4,0043a3f8	EchoMessages
004563f4	string	0043a3fc	NotifyOfFriends
00456404	string	0043a400,0043a404	ReadMessages
00456414	string	0043a458	CurrentIMService
00456437	string		APassword
00456444	string	0043a464,0043a468	FriendlyName
00456454	string	0043a46c,0043a470	LogonName
00456460	string	0043a478	AreSameSession
00456470	string	0043a47c	FindSessionByMembers
00456488	string	0043a480	RemoveMemberFromSession
004564a0	string	0043a484	AddMemberToSession
004564b4	string	0043a488	CreateCookie
004564c4	string	0043a48c	CreateSessionID
004564d4	string	0043a4a8,0043a4ac	LogonNameOnly
0045655f	string		efraMain
00456570	string		lblReminder
00456607	string		~lblPrompt
0045661c	string		chkStopIt
00456628	string		DisplayYaSelfAndIfYesGoHere
00456692	string		\tLDisplayDialog
004566ee	string		jGcmdSysInfo
004566fc	string		lblBuild
00456708	string		lblRegName
00456718	string	00456738,00456784,004567c8	advapi32
00456728	string		RegOpenKeyExA
00456770	string		RegQueryValueExA
004567bc	string		RegCloseKey
004567fc	string		StartSysInfo
0045680c	string		GetKeyValue
00456858	string		imgOptimize2
00456868	string		fraOptimize
00456874	string		ProgressBar1
0045688c	string		imgOptimize1
004568e4	string		chkBlackHole
00456904	string		FrameTTL
00456920	string		btnAbout
0045692c	string		FramePMTU
00456938	string		btnApply
00456944	string		FrameMTU
00456960	string		btnCancel
0045696c	string		optRWIN1
00456980	string		FrameRWIN
00456994	string		cboRWIN
004569a8	string		optRWIN3
004569b4	string		chkAutoDetection
004569c8	string		optDialUP
004569dc	string		CheckSettings
004569fc	unicode	FUN_00666d60	Unloading**************
00456a30	unicode	FUN_00668980,FUN_00699020,FUN_006a1750,FUN_006a3db0,FUN_006aa640,FUN_006b87f0	Hey 
00456a40	unicode	FUN_00668980	! Here's a funny one for you! | Here's one for you. | I've got another one for you.  |  OK, you'll have to laugh at this one.  | Have you heard this one? | 
00456b80	unicode	FUN_00668980	, get ready to laugh. | This is funny. | 
00456bd8	unicode	FUN_00669620	 | One of life's many mysteries revealed!
00456c34	unicode	FUN_00668980	 I've got a good one for you. | Here's something to make you smile 
00456cc0	unicode	FUN_00668980	. | Check this out. | Hope you're in the mood for a joke. | OK 
00456d44	unicode	FUN_00668980	| I \emp\never get enough of that one!
00456d98	unicode	FUN_00668980	| I knocked them \emp\dead in Vegas with that one!
00456e04	unicode	FUN_00668980	, just try not to laugh at this one! | Here's something funny. | Here's something to tell your friends later! | I know you'll enjoy this one. | OK, this is very serious.  Don't laugh. | Heard this one? | Hey 
00456fac	unicode	FUN_00668980	| Sometimes I even amuse myself!
00456ff4	unicode	FUN_00668980	! | Stop me if you've heard this one. | This is a side splitter! | Funny joke? Anyone? Anyone? | This one is sure to make you laugh!
0045711c	unicode	FUN_00668980	Unbelievable
0045713c	unicode	FUN_00668980	I've got a \emp\million of them!
00457184	unicode	FUN_00668980	| That one \emp\really cracks me up!
004571d4	unicode	FUN_00668980	| \pit=360\Ha Ha Ha! \pit=140\I'll need a minute to recover from \emp\that one!
00457278	unicode	FUN_00668980	| What did you think of \emp\that one?
004572cc	unicode	FUN_00668980	| I should be paying you to listen to these.
0045732c	unicode	FUN_00668980	| Where do I come up with these?
00457374	unicode	FUN_00668980	| I guess you had to be there.
004573b8	unicode	FUN_00668980	| What? \pau=1000\ You were expecting a sense of humor?
0045742c	unicode	FUN_00668980	| How funny can one gorilla be?
00457470	unicode	FUN_00668980	| Next time, don't be afraid to laugh, 
004574c4	unicode	FUN_00668980	| Don't judge me on my sense of humor alone. \pau=1000\ Please.
00457548	unicode	FUN_00668980	| You know 
00457564	unicode	FUN_006aa640	Story Reader is NOT Running
004575a0	unicode	FUN_00668980	, a good friend laughs at your jokes even when they're not so funny.
00457630	unicode	FUN_00668980	| Laughter is the best medicine!
00457678	unicode	FUN_00668980	| First time I heard that one, I nearly fell out of my banana tree laughing!
00457718	unicode	FUN_00668980	| This is the part where you laugh, 
00457768	unicode	FUN_00715130	Stop Listening
0045778c	unicode	FUN_00668980	| That one gets better every time I hear it!
004577ec	unicode	FUN_00668980	| They only get better with time, 
00457838	unicode	FUN_00668980	| Do I amuse you, 
00457864	unicode	FUN_00668980	?  Am I funny?  Do I make you laugh?
004578b4	unicode	FUN_00668980	| I remember when that one was actually funny.
00457918	unicode	FUN_00669620	 | I didn't want to believe it either.
0045796c	unicode	FUN_00668980	| There was a time when people laughed at that one.
004579d8	unicode	FUN_00668980	| Hello?  Is this thing on?  Is anyone still out there?
00457a4c	unicode	FUN_00668980	| Thank you very much.  I'm Bonzi, I'll be here all week.
00457ac4	unicode	FUN_00668980	| And if you thought that was funny, I've got a zillion more!
00457b44	unicode	FUN_00668980	| Wowa!  I even amused \emp\myself with that one!
00457bac	unicode	FUN_00668980	| Why don't I hear any laughter?  
00457bf8	unicode	FUN_00668980	| That was a doozey!  I don't know if I can top that one!
00457c70	unicode	FUN_00668980	| Maybe I'll keep my day job, 
00457cb4	unicode	FUN_00668980	| At times I giggle just thinking about that one!
00457d1c	unicode	FUN_00668980	| \pit=360\Ha Ha Ha! \pit=140\ I'll be laughing for hours at that one!
00457db0	unicode	FUN_00668980	| Doesn't laughing bring us closer together, 
00457e10	unicode	FUN_00668980	| Didn't even crack a smile, did you.
00457e60	unicode	FUN_00668980	| Hope that brightens your day 
00457ea4	unicode	FUN_00668980	| That one makes me giggle in my sleep!
00457ef8	unicode	FUN_00668980	| No matter how many times I hear that one, it's never enough!
00457f88	unicode	FUN_00668980	?  You're not laughing.  Was it something I said?
00457ff0	unicode	FUN_00668980	| Oh boy!  Has anyone seen my sense of humor?
00458050	unicode	FUN_00668980	| Don't worry, I've got plenty more.
004580a0	unicode	FUN_0066b3b0	. | Nice to see you again, 
004580e0	unicode	FUN_00668980	| I though I saw you crack a smile on that one.
00458144	unicode	FUN_00668980	| I'll be getting fan mail for weeks after that performance.
004581c4	unicode	FUN_00668980	| With jokes like these, who needs a sense of humor?
00458234	unicode	FUN_00668980	| Punch line?  What's a punch line?
00458280	unicode	FUN_00669620	 | Just thought you'd like to know.
004582cc	unicode	FUN_00668980	| I laughed so hard at that one, I turned purple!
00458334	unicode	FUN_00668980	| What?  You wanted cute \emp\and funny?
0045838c	unicode	FUN_00668980	| I think I need some new material.
004583d8	unicode	FUN_00668980	| I see that one sent you rolling in the isles.
0045843c	unicode	FUN_00669620	 | I just keep getting smarter every day!
00458494	unicode	FUN_00669620	 | Who knew.
004584b4	unicode	FUN_00669620	Hummm!  Get this... | Now that's interesting! | What a strange fact. | This is interesting. | That's strange. | This is an interesting fact! | Here's something for you, 
0045860c	unicode	FUN_00669620	 | Don't you just love these little tid bits?
0045866c	unicode	FUN_00669620	 | That surprises me too!
004586a8	unicode	FUN_00669620	. | A bit of trivia for you... | This is amazing! | This just in... | I've got one for you... | Bet you didn't know this. | Hey, check this out.
004587d0	unicode	FUN_00669620	ReadLookUp
004587ec	unicode	FUN_00669620	I'm just a regular encyclopedia, aren't I.
00458848	unicode	FUN_00669620	 | I'm just loaded with knowledge!
00458898	unicode	FUN_00669620	Hummm!  Get this... | Now that's interesting! | What a strange fact. | This is interesting. | That's strange. | This book is just loaded with great facts! | This is an interesting fact! | Here's something for you, 
00458a4c	unicode	FUN_00669620	 | Well, what do you know?
00458a88	unicode	FUN_00669620	. | A bit of trivia for you... | This is amazing! | What an interesting article... | I've got one for you... | Bet you didn't know this. | Hey, check this out. | Hey, guess what I just \map="red."="read."\
00458c40	unicode	FUN_0066b3b0	Well! \Emp\Hello there!
00458c78	unicode	FUN_00669620	 | You're probably wondering how I know so much! \pau=1200\ Go figure.
00458d0c	unicode	FUN_00669620	 | I know, 
00458d28	unicode	FUN_00669620	.  I was just as surprised to learn that as you.
00458d90	unicode	FUN_00669620	 | Isn't that interesting!
00458dcc	unicode	FUN_00669620	 | How interesting!
00458df8	unicode	FUN_00669620	 | I like to share the knowledge, 
00458e44	unicode	FUN_00669620	 | Sometimes I surprise myself with how much I know!
00458eb4	unicode	FUN_00669620	 | That's privileged information, just for you, 
00458f1c	unicode	FUN_00669620	 | Once I learn it, I never forget it!
00458f70	unicode	FUN_00669620	 | There's something to tell your friends!
00458fcc	unicode	FUN_00669620	 | We just keep getting smarter every day, 
00459028	unicode	FUN_00669620	 | I wonder how many people in the world knew that?
00459094	unicode	FUN_00669620	 | Can't you just feel yourself getting smarter, 
004590fc	unicode	FUN_00669620	 | Was that trivial? Or \emp\trivia?
0045914c	unicode	FUN_00669620	 | But, I bet you already knew that, 
0045919c	unicode	FUN_00669620	 | Use that one to impress your friends!
004591f4	unicode	FUN_00669620	 | I contain more knowledge than most gorillas twice my size!
00459274	unicode	FUN_00669620	 | Don't worry, 
0045929c	unicode	FUN_00669620	, there's plenty more where that came from!
004592f8	unicode	FUN_00669620	 | What will we learn next?
00459334	unicode	FUN_00669620	 | I never cease to amaze myself.
0045937c	unicode	FUN_00669620	 | Isn't learning fun?
004593b0	unicode	FUN_0066cc70	&l=surf&redir=
004593d8	unicode	FUN_00669620	 | There'll be a quiz on these later.
00459428	unicode	FUN_00669620	 | Amazing, but true!
00459458	unicode	FUN_00669620	 | That one will have me thinking all day.
004594b4	unicode	FUN_00669620	 | I see you're scratching your head over that one.
00459520	unicode	FUN_00669620	\pau=1000\
0045953c	unicode	FUN_00669620	ReadLookUpReturn
00459564	unicode	FUN_0066a5f0	\emp\Alrighty then 
00459590	unicode	FUN_0066b3b0,FUN_006b99e0	FirstRunWithBonzi
004595b8	unicode	FUN_0066a5f0	, let's take a moment and fill out our automated registration card.  This will make you an Official Registered User of Bonzi Buddy!
004596c4	unicode	FUN_0066a5f0	, let's take a moment and update our automated registration card!
0045974c	unicode	FUN_0066b0e0,FUN_0066cc70	PromptedToIntegrateDM
0045977c	unicode	FUN_0066b3b0,FUN_006b99e0	FirstRun
00459794	unicode	FUN_0066b3b0	I don't believe we've been properly introduced.
004597f8	unicode	FUN_0066b3b0	I'm Bonzi!
00459814	unicode	FUN_0066b3b0	What is \Emp\your name?
00459848	unicode	FUN_0066b3b0,FUN_006c09e0	3:00
00459858	unicode	FUN_0066b3b0,FUN_006c09e0	12:00
00459868	unicode	FUN_0066b3b0	Good morning 
00459888	unicode	FUN_0066b3b0	. | Hope you're feeling fine on this nice morning 
004598f4	unicode	FUN_0066b3b0	! | Good morning, 
00459920	unicode	FUN_0066b3b0	Good afternoon 
00459944	unicode	FUN_0066b3b0	! | Hello again 
0045996c	unicode	FUN_0066b3b0	!  This looks like it's going to be a great day! | Hello, 
004599e8	unicode	FUN_0066b3b0	!  I'm glad to see you again! | Hi 
00459a34	unicode	FUN_0066b3b0	!  I love starting my day off with you! | Top of the morning to you 
00459ac4	unicode	FUN_0066b3b0	!  It's always nice to start the day off with you!
00459b30	unicode	FUN_0066b3b0	17:00
00459b40	unicode	FUN_0066b3b0,FUN_00699020	Idle3_1
00459b54	unicode	FUN_0066b3b0	!  How are things? | Buenos Dias, 
00459ba0	unicode	FUN_0066b3b0	! It's nice to see you! | Hello, 
00459be8	unicode	FUN_0066b3b0	!  What's new today with you? | Hi again, 
00459c44	unicode	FUN_0066b3b0	22:00
00459c54	unicode	FUN_0066b3b0	Good evening 
00459c74	unicode	FUN_0066b3b0	! | Good evening 
00459c9c	unicode	FUN_0066b3b0	! How has your day been! | Good evening 
00459cf4	unicode	FUN_0066b3b0	! Hope you've had a nice day!
00459d34	unicode	FUN_0066b3b0	\\spd=110\\pit=120\ Surprised to see you up so late, 
00459da4	unicode	FUN_0066b3b0	. | I'm not used to being up this late, 
00459dfc	unicode	FUN_0066b3b0	. | Do you ever sleep, 
00459e30	unicode	FUN_0066b3b0	? | Isn't it past your bedtime, 
00459e78	unicode	FUN_0066b3b0,FUN_006a1750	HolidayDate
00459ea4	unicode	FUN_0066cc70	BonziBUDDY Browse
00459ecc	unicode	FUN_0066cc70	Enter a Web Site:
00459ef4	unicode	FUN_0066cc70	Read it?
00459f10	unicode	FUN_0066cc70	BonziBUDDY - Your Name or Salutation
00459f60	unicode	FUN_0066cc70	Enter your Name or Salutation:
00459fa4	unicode	FUN_0066cc70	Nice to meet you, 
00459fd0	unicode	FUN_0066cc70	Since this is the first time we have met, I'd like to tell you a little about myself.
0045a096	unicode		 - Your Name or Salutation
0045a0d0	unicode	FUN_006dcdf0	@bonziworld.com
0045a0f8	unicode	FUN_0066cc70	I am your friend and BonziBUDDY! I have the ability to learn from you.  The more we browse, search, and travel the Internet together, the smarter I'll become!
0045a23c	unicode	FUN_0066cc70	Not that I'm not \Emp\already smart!
0045a28c	unicode	FUN_0066cc70	I may be the smallest friend you have 
0045a2e0	unicode	FUN_0066cc70	Because the Internet can feel like a jungle at times, I can help you find what you are looking for and even make suggestions as to where we should go to find it! The more time we spend together, the closer we'll become!
0045a49c	unicode	FUN_0067bdc0	Today's animation is: 
0045a4d0	unicode	FUN_0066cc70	, but I will always try and make up for that with my big heart!
0045a554	unicode	FUN_0066cc70,FUN_00682a80,FUN_006bf380	Write
0045a564	unicode	FUN_0066cc70	When you have tasks or appointments, let me know and I will jot them down and remind you. I'm \Emp\never late for an appointment!
0045a66c	unicode	FUN_0066cc70,FUN_00682a80,FUN_006bf380	WriteReturn
0045a688	unicode	FUN_0066cc70	Am I rambling?
0045a6ac	unicode	FUN_0066cc70	OK! From now on I'll call you 
0045a6f0	unicode	FUN_0066cc70	! | 
0045a700	unicode	FUN_0066cc70	?  That has a nice ring to it!
0045a744	unicode	FUN_0066cc70	Change your mind? | I guess I'll still call you 
0045a7ac	unicode	FUN_0066cc70	View 
0045a7bc	unicode	FUN_0066cc70	 results?
0045a7e4	unicode	FUN_0066cc70	\\spd=130\\pit=130\All my hard work, gone to waste. | \\spd=100\\pit=100\
0045a87c	unicode	FUN_0066cc70	.  \\spd=130\\pit=130\Don't you like 
0045a8cc	unicode	FUN_0066cc70	 anymore?
0045a8f0	unicode	FUN_0066cc70	Unload
0045a914	unicode	FUN_0066cc70	Check out InternetBOOST from www.bonzi.com?
0045a970	unicode	FUN_0066cc70	Do you want me to remind you later about InternetBOOST from www.bonzi.com?
0045aa0c	unicode	FUN_0067bdc0	The joke of the day is:  
0045aa44	unicode	FUN_0066cc70	Would you like to download this update for me now?
0045aab0	unicode	FUN_0066cc70	Would you like to find out more about the 
0045ab0c	unicode	FUN_0066cc70	Would you like to visit our home site now?
0045ab68	unicode	FUN_0066cc70	http://www.bonzi.com/bonzibuddy/trackyesno.asp?trackcode=yn_nbcihome&status=no
0045ac0c	unicode	FUN_0066cc70	Remember, 
0045ac28	unicode	FUN_0066cc70	You can customize our new home site to fit your needs and interests by clicking on the 'My Home' link here at our new home!
0045ad24	unicode	FUN_0066cc70	If you like 
0045ad44	unicode	FUN_0066cc70	http://www.bonzi.com/bonzibuddy/trackyesno.asp?trackcode=yn_nbcihome&status=yes
0045ade8	unicode	FUN_006b6c20	SetRandomIdleState
0045ae18	unicode	FUN_0066cc70	, I can even make our new home be the default start page in Internet Explorer! This way we will never be far from home!
0045af0c	unicode	FUN_0066cc70	OK, but if you want to visit our new home site any time later, just click on me and select 'Home' from my menu.
0045aff0	unicode	FUN_0066cc70	Would you like for me to make our new home the default start page in your browser? This will allow us to access our home with only one click!
0045b110	unicode	FUN_0066cc70	, would you like for me to make my home, your home now?
0045b184	unicode	FUN_0066cc70	Great!  Home is now just a click away!
0045b1d8	unicode	FUN_0066cc70	 knowledge is always power! Would you like for us to educate ourselves with interesting new facts and trivia?
0045b2b8	unicode	FUN_0066cc70	http://www.bonzi.com/bonzibuddy/bbfactmenu.asp
0045b31c	unicode	FUN_0066cc70	http://www.bonzi.com/bonzibuddy/b10songmenu.asp
0045b380	unicode	FUN_0066cc70	But first..
0045b39c	unicode	FUN_0066cc70,FUN_0069d310,FUN_0069d570	LastDownload
0045b3bc	unicode	FUN_0066cc70	, would you like to send me to school to learn over 500 new and funny jokes for you now?
0045b474	unicode	FUN_0066cc70	http://www.bonzi.com/bonzibuddy/bbjokemenu.asp
0045b4d8	unicode	FUN_0066cc70	, would you like to send me to school to learn 19 new songs for you now?
0045b570	unicode	FUN_0067bdc0	The quote of the day is:  
0045b5ac	unicode	FUN_0066cc70	?  How about we make our daily connection to the Internet to see if we can find any new and exciting sites or events happening around the world today?
0045b6e0	unicode	FUN_0066cc70,FUN_00694180,FUN_00694860,FUN_006b99e0	LastDownloadTime
0045b708	unicode	FUN_0066cc70	Great! | OK! | I thought you would like that! | Cool!  I can't wait!
0045b798	unicode	FUN_0066cc70	, but please remember the more we time we spend together on the Internet, the smarter I'll become! | OK 
0045b870	unicode	FUN_0066cc70	, why don't we check back later!
0045b8b8	unicode	FUN_0066cc70	?  Why don't we check out my cool E-Mail Reader Add-On Module?
0045b93c	unicode	FUN_0067bdc0	The site of the day is:  
0045b974	unicode	FUN_0066cc70,FUN_00684630	http://www.bonzi.com/bonzibuddy/bb4mailmenu.asp
0045b9d8	unicode	FUN_0066cc70	?  Why don't we check out my Download Manager Add-On Module?
0045ba58	unicode	FUN_0066cc70	,  let's download and install the latest version of Internet Explorer!
0045baec	unicode	FUN_00679a40,FUN_00699020	Determining connection state, one moment...
0045bb58	unicode	FUN_0066cc70	, simply follow the instructions on Microsoft's Internet Explorer download page to download and install the latest version!
0045bc54	unicode	FUN_0066cc70	PersonalityIntro
0045bc7c	unicode	FUN_0066cc70,FUN_00683080	Please remember 
0045bd10	unicode	00679157	SetStartPage Error: 
0045bd44	unicode	FUN_0066cc70	! You must know this my friend! I have built in a very cool personality tab, so you can control how much you would like me to talk to you and even adjust my personality the way you like it! \pau=1000\For example, if you like it when I tell you jokes, slide my 'Jokes & Humor' control toward 'More' and I will do everything in my power to keep you in stitches!!
0045c01c	unicode	FUN_0066cc70	, it is very easy to interact with me! Simply click your right mouse button on my tummy to access my menu. From here you can control \emp\all of my features!
0045c15c	unicode	FUN_0066cc70	That's \emp\it!  Now, let's give it a whirl!
0045c1bc	unicode	FUN_006792a0	bonzi
0045c1fc	unicode	FUN_0066cc70	Go ahead and click on me with your right mouse button, so we can kick off our newly founded friendship on the right foot!
0045c2f4	unicode	FUN_0066cc70,FUN_0067f320,FUN_006877a0	Think
0045c304	unicode	FUN_0066cc70	Or, was that the right click?
0045c344	unicode	FUN_00678650,FUN_006792a0,FUN_006b99e0	Software\Microsoft\Internet Explorer\Main
0045c39c	unicode	FUN_00678650,FUN_006792a0,FUN_006b99e0	Start Page
0045c3b8	unicode	FUN_00678650	Search Page
0045c3d4	unicode	FUN_00679620	Please connect to AOL first.  Once you're connected to AOL, click OK on this message and I'll continue.  If you're already connected, simply click OK now.
0045c510	unicode	FUN_00679620	Once you're connected to AOL, click OK to continue.
0045c57c	unicode	FUN_00679620	Connect to AOL First
0045c5bc	unicode	0067af21,0067af85	It seems that you do not have Microsoft's Internet Explorer version 4.01 or higher installed.  You'll need to download and install the latest version of this browser from Microsoft's Web site before we can browse or search the web together.
0045c7a4	unicode	0067b002,0067b066	Don't worry!  You can download the latest version of Internet Explorer from \Ctx="Email"\HTTP://www.microsoft.com/windows/ie/default.htm.
0045c8bc	unicode	FUN_0067b320	</CENTER></H2>
0045c8e8	unicode	FUN_0067b320	<HR>
0045c8f8	unicode	FUN_0067b320	<LI>
0045c908	unicode	FUN_0067b320	<BR>
0045c918	unicode	FUN_0067b320	</BODY></HTML>
0045c93c	unicode	FUN_0067b320	File://
0045c950	unicode	FUN_006aa640	Player is NOT Running
0045c980	unicode	0067b25f	Please connect to the Internet and download and install the latest version of Microsoft's Internet Explorer from the site HTTP://www.microsoft.com/windows/ie/default.htm.
0045cadc	unicode	FUN_0067b320	<HTML><BODY>
0045cafc	unicode	FUN_0067b320	<H2><CENTER>BonziBUDDY Search Results -- 
0045cb54	unicode	FUN_0067bdc0	The latest version of me is: 
0045cb94	unicode	FUN_0067bdc0	My current version is: 
0045cbc8	unicode	FUN_0067bdc0	There is a newer version of me at \Ctx="Email"\www.bonzi.com.  I'm downloading this new version for you now.
0045cca8	unicode	FUN_0067d690	Inet Error While Downloading
0045cce8	unicode	FUN_0067d690	Inet1_StateChanged
0045cd30	unicode	FUN_0067d690	Do you want to cancel downloading this update?
0045cd94	unicode	FUN_0067d690	, but be sure to select 'Update Me' from my menu later so that we can download this latest update to keep me current.
0045ce84	unicode	FUN_0067d690	ServerSize=
0045cea0	unicode	FUN_0067d690	Inet_StateChanged
0045cec8	unicode	FUN_0067d690	Local Size=
0045cee4	unicode	FUN_0067d690	Download complete!
0045cf10	unicode	FUN_0067d690	I'm done downloading the update and will now leave for a few moments so that this update can run.  See you in a few!
0045cffc	unicode	FUN_0067f320	body
0045d008	unicode	FUN_0067f320	innerHTML
0045d020	unicode	FUN_0067f320	NavigationCanceled
0045d04c	unicode	FUN_0067f320	Delcine
0045d060	unicode	FUN_0067f320	It doesn't appear that we were able to get to \Ctx="Email"\
0045d0d8	string		UpdateSession
0045d0ec	unicode	FUN_0067f320	.  Make sure that you have a connection to the Internet before we browse or search together.
0045d1ac	unicode	FUN_0067f320	Wow!  This is one of my favorite sites!
0045d200	unicode	FUN_0067f320	Hummm! I wonder why!
0045d290	unicode	FUN_00680f90,FUN_00683080,FUN_00686be0,FUN_006877a0,FUN_00687d70,FUN_006882e0,FUN_00688660,FUN_00688b30,FUN_00688fe0,FUN_006894d0,FUN_00689830,FUN_00689d40	?loc=
0045d2a0	unicode	FUN_00680f90	MNU_TRAVLAIR
0045d2c0	unicode	FUN_0067f320	It doesn't appear that we were able to get anywhere on the Web.  Make sure that you have a connection to the Internet before we browse or search together.
0045d3fc	unicode	FUN_0067f320	SearchingReturn
0045d430	unicode	FUN_0067f320	http://www.bonzi.com/
0045d460	unicode	FUN_006877a0	? If it's out there, we'll find it!
0045d4ac	unicode	FUN_00680f90	Ok, great! I've tried to make traveling the world just a few clicks away!
0045d544	unicode	FUN_00680f90	, purple, jungle-taming Gorillas fly for free!
0045d5b8	unicode	FUN_00681570	Hey!  That looks like my advanced options window!
0045d698	unicode	FUN_00680f90	Simply enter our 'Departure City' and 'Arrival City' below and then enter the dates that we would like to travel. \pau=1000\When you are done, simply click the 'Next' button!
0045d7fc	unicode	FUN_00680f90	Just in case you forget 
0045d860	unicode	FUN_006841e0,FUN_00685af0,FUN_00685f40,FUN_00686390,FUN_0068b680,FUN_0068bd10,FUN_0068c3a0,FUN_0068ca30	Wow! 
0045d86c	string	0043a2b8	ReceivedText
0045d884	unicode	FUN_00681570	If you want to enable speech input, click the 'Speech Input' tab.
0045d90c	unicode	FUN_00681570	Then, check the 'Characters Listen for Input' option and click 'OK'.
0045d99c	unicode	FUN_00681570	You can change many of the ways I interact with you here.
0045da10	string		NeedToInstallProduct
0045da28	string		ExplainGoldMemberForm
0045da6c	unicode	FUN_00682150	!  Where do you want to go? | What will it be today? | I'd love too! | Let's see if we can find a cool site. | Gladly. | That sounds like fun. | Lay it on me 
0045dbb0	unicode	FUN_00682480	surprised
0045dbc4	string		cmdGoldSite
0045dbd0	string		fraAddons
0045dbdc	string		lblAllow2
0045dbe8	string		cmdChangePassword
0045dbfc	string		chkRememberPassword
0045dc30	string		FriendStateChange
0045dc48	unicode	FUN_00682480	!  I see we haven't yet subscribed to \map="Bonzi World"="BonziWORLD"\ Services.
0045dcf0	unicode	FUN_00682480	explain
0045dd04	unicode	FUN_00682480	If we were subscribed to \map="Bonzi World"="BonziWORLD"\ Services, 
0045dd94	unicode	FUN_00683080	Need a car 
0045ddac	string		cmdAddonsAdd
0045ddbc	string		lblDownloadTime
0045ddcc	string		lblAddonDescription
0045dde0	string		fraAccount
0045ddec	string		lblAvail
0045ddf8	string		lblSelected
0045de04	string		lblInfo
0045de10	unicode	FUN_00682480	, I would be able to notify you when your friends are online, and we could send and receive instant messages with them!
0045df04	unicode	FUN_00682480	alert
0045df14	unicode	FUN_00682480	Let's check it out!
0045df40	unicode	FUN_00682990	http://www.bonzi.com/bonzibuddy/b14worldmnu.asp
0045dfa4	unicode	FUN_00682a80	Welcome to my Calendar!
0045dfd8	unicode	FUN_00683080	MNU_TRAVLCAR
0045dff8	unicode	FUN_00682a80	I can help keep you on schedule!  I can track all of your appointments, birthdays, and special events for you.
0045e0dc	unicode	FUN_00682a80	I will even remind you when they are near!  If you need help with my Calendar, simply press the 'F1' key at any time.
0045e1cc	unicode	FUN_00682a80	FirstCalendar
0045e1ec	unicode	FUN_00683080	? From here we can rent just about any type of car your little heart desires!
0045e28c	unicode	FUN_00683080	, this is a rental car. Let's \emp\watch our speed!
0045e2f8	unicode	FUN_00683880,FUN_00683e30	!  I see we don't yet have my Download Manager Add-on Module installed.
0045e3b6	string		6VlstAddonsAvail
0045e3d0	unicode	FUN_00683080	Simply select the city, and then select the dates on which you would like to 'Pick-Up' and 'Drop-Off' your car. Next, select the car type of your choice! \pau=1000\ When you are done, simply click the 'Next' button!
0045e580	string		lstAddonsSelected
0045e594	string		cmdAddonsRemove
0045e5a4	string		cmdAddonsInstall
0045e5c0	unicode	FUN_00683880,FUN_00683e30	, I would be able to handle downloading and installing files from the Internet for you, making our browsing time easier and more fun!
0045e6d0	unicode	FUN_00683880,FUN_00683e30	Would you like to find out more about my Download Manager Add-on Module now?
0045e77c	unicode	FUN_006841e0	\bbplayer.exe
0045e7ac	unicode	FUN_006841e0	, I can't believe we don't yet have the BonziBUDDY Entertainment Center.  It's a fun and new way to play audio and video on your computer!  Let's check it out!
0045e8f0	unicode	FUN_006841e0	http://www.bonzi.com/bonzibuddy/bb7playmenu.asp
0045e954	unicode	FUN_00684630	MailCheck
0045e96c	unicode		Hold on 
0045e980	string		cmdTestVoice
0045e998	unicode		 I'll check into it! | Let's take a look! | One second 
0045ea0c	unicode		, I'm checking now! | Ok 
0045ea44	unicode		, that's what I'm here for! | One second 
0045ea9c	unicode		, I'm on the move!
0045eac8	unicode	FUN_00684f90	. | Until next time my friend!
0045eb0c	unicode	FUN_00685370	FactCount
0045eb24	unicode	FUN_00685370,FUN_00692200,FUN_006a3db0	Hey, 
0045eb34	unicode	FUN_00686390	\Bonzi's Solitaire.exe
0045eb68	unicode	FUN_006848f0	In order for me to best help you out in our Internet travels, I need to know how you connect to the Internet.
0045ec48	unicode	FUN_00684f90	I'll miss you, 
0045ec6c	unicode	FUN_00684f90	. | Until next time, 
0045ec9c	unicode	FUN_00684f90	. | I hope to come back soon, 
0045ece0	unicode	FUN_00684f90	. | It hurts me to say goodbye, 
0045ed28	unicode	FUN_006c3170	, if you're sure.
0045ed50	unicode	FUN_00685370	.  Would you like to send me to school so that we can learn even more interesting real life facts and trivia? | You know 
0045ee48	unicode	FUN_00685370	, it seems that you enjoy my bits of trivia!  We can learn over five hundred new and exciting real life facts and trivia!
0045ef40	unicode	FUN_00685370	, if you think I'm a smart gorilla now, you can further my education with even more interesting real life facts and trivia by sending me to school! | 
0045f074	unicode	FUN_00685af0	Bonzi's Beach Checkers.exe
0045f0b0	unicode	FUN_00685af0	\Bonzi's Beach Checkers.exe
0045f0ec	unicode	FUN_00685f40	\Jigsaw.exe
0045f104	string		chkEchoMessages
0045f114	string		txtAccountLogon
0045f128	unicode	FUN_00685af0	, I can't believe we don't yet have my most excellent Beach Checkers game!  I just love to kick back on the beach and play games with a friend!  Let's check it out!
0045f278	unicode	FUN_00685af0	http://www.bonzi.com/bonzibuddy/b15checkermenu.asp
0045f2e4	unicode	FUN_00685f40	Jigsaw.exe
0045f2fc	string		lblFriendEmail
0045f310	unicode	FUN_00685f40	, I can't believe we don't yet have my most excellent Jungle Jigsaw game!  I just love to kick back and play games with a friend!  Let's check it out!
0045f444	unicode	FUN_00685f40	http://www.bonzi.com/bonzibuddy/b19jigsawmenu.asp
0045f4ac	unicode	FUN_00686390	Bonzi's Solitaire.exe
0045f4d8	string		chkNotifyStateChg
0045f4ec	string		fraFriends
0045f4fc	unicode	FUN_00686390	, I can't believe we don't yet have my most excellent Solitaire game!  I just love to kick back and play games with a friend!  Let's check it out!
0045f628	unicode	FUN_00686390	http://www.bonzi.com/bonzibuddy/b18solitairemenu.asp
0045f698	unicode	FUN_006877a0	Looking for a book 
0045f6c4	unicode	FUN_00687d70	Great 
0045f6d4	string		cmdASPServices
0045f6e8	unicode	FUN_006867e0	http://www.bonzi.com/bonziportal/index.asp?nav=bbmenu&l=games&t=casino
0045f77c	unicode	FUN_00686890	http://www.gamesville.lycos.com
0045f7c0	unicode	FUN_00686940	http://www.bonzi.com/bonziportal/index.asp?nav=bbmenu&l=games&t=worldwinner
0045f85c	unicode	FUN_006876f0	http://images.bonzi.com/menu/ia9.asp
0045f8ac	unicode	FUN_006877a0	MNU_BOOKSRCH
0045f8cc	unicode	FUN_006869d0	http://www.bonzi.com/bonziportal/index.asp?nav=bbmenu&l=games&t=sportsbook
0045f968	unicode	FUN_00686be0	MNU_TRAVLHOTL
0045f988	unicode	FUN_00686be0	Need a room 
0045f9a8	unicode	FUN_00686be0	? We can find a great place for you to lay your head at night!
0045fa2c	unicode	FUN_00686be0	We can find every type of hotel, from inexpensive to luxurious!
0045fab0	unicode	FUN_00686be0	Simply enter the city in which you would like to stay, and then enter the dates on which you would like to 'Check-In' and 'Check-Out'! \pau=1000\When you are done, simply click the 'Next' button!
0045fc3c	unicode	FUN_00687330	http://www.bonzi.com/bonzibuddy/b14worldmenu.asp
0045fca8	unicode	FUN_006877a0	Simply enter the 'Author' or 'Title' or even the 'Subject' of the book you'd like to find and then click on that little 'Search Now' button.
0045fdc8	unicode	FUN_006877a0	And as a wise gorilla once said, 'A book today, makes for a smarter tomorrow!'
0045fe6c	unicode	FUN_00687d70	MNU_BOOKBRWSE
0045fe8c	unicode	FUN_00687d70	! So you want to find a book by specific topic or subject?
0045ff08	unicode	FUN_00687d70	\pau=500\Go ahead and take a peek at all of these topics.
0045ff80	unicode	FUN_00687d70	When you find a topic you like, simply click on that topic to find out more about it!
00460030	unicode	FUN_006882e0	MNU_BOOKBEST
00460070	unicode	FUN_006882e0	Great! \pau=500\From this page 
004600b4	unicode	FUN_006882e0	 you and I can stay current on what's moving and shaking in the way of books!
00460154	unicode	FUN_00688660	MNU_BOOKCHILD
00460174	unicode	FUN_00688660	Alrighty then 
00460198	unicode	FUN_00688660	! These are my favorite types of books!
004601ec	unicode	FUN_00688660	\pau=500\For some reason 
00460224	unicode	FUN_006aa640	No Tap Encountered
00460254	unicode	FUN_00688660	, this page brings out the kid in me!
004602a4	unicode	FUN_00688b30	MNU_GIFTFLOWR
004602c4	unicode	FUN_00688b30	! From this page we can get great deals on flowers and gifts for just about every occasion!
00460380	unicode	FUN_00688b30	! You know there is nothing better than sending your love!
004603fc	unicode	FUN_00688fe0	MNU_GIFTBASKT
0046041c	unicode	FUN_006b5b80	\DefaultIcon
0046043c	unicode	FUN_00688fe0	! From here we can find gift baskets galore! \pau=1000\Take a look at all these great pre-made gift baskets that we can send!
0046053c	unicode	FUN_00688fe0	\pau=500\Just looking at all these goodies is making this little gorilla hungry!
004605e4	unicode	FUN_00688fe0,FUN_00689830	Idle2_25
004605fc	unicode	FUN_006894d0	MNU_GIFTBDAY
0046061c	unicode	FUN_006894d0	, do you have a friend or loved one that is having a birthday soon? From here we can find cakes, chocolates, flowers, and even unique gift ideas for them on their very special day!
0046078c	unicode	FUN_00689830	MNU_MOVIES
004607b4	unicode	FUN_00699020	Enter your search word(s) or phrase:
00460804	unicode	FUN_00689830	, do you want to find a great movie? Check out all these titles we can choose from!
004608b0	unicode	FUN_00689830	\pau=1000\ You bring the popcorn and I'll bring the bananas!
00460930	unicode	FUN_00689d40	MNU_MUSIC
00460948	unicode	FUN_0068a1d0	OK, I've got a good one for you. | OK 
0046099c	unicode	FUN_0068b680,FUN_0068bd10,FUN_0068c3a0,FUN_0068ca30	add-ons\storybookreader\books
004609dc	unicode	FUN_0068b680,FUN_0068bd10,FUN_0068c3a0,FUN_0068ca30	 /b:
004609ec	unicode	FUN_00689d40	, I love it when we discover new music! \pau=500\ From here we can find just about every style of music that we desire!
00460ae0	unicode	FUN_00689d40	We can use these categories below or we can search by using this little built in search box!
00460ba0	unicode	FUN_006aa640	No Calander Event
00460bc8	unicode	FUN_006c09e0	9:00
00460bdc	unicode	FUN_0068a1d0	. | OK, here goes. | Sure, I've got a ton of them. | Not a problem. | Anything for you 
00460c90	unicode	FUN_0068a1d0	. | OK, if you're sure.  | A joke? Sure, I've got a funny one. | 
00460d18	unicode	FUN_0068a1d0	?  I didn't know you liked my jokes so much.
00460d78	unicode	FUN_0068a1d0	JokeCount
00460d90	unicode	FUN_0068b680,FUN_0068bd10,FUN_0068c3a0,FUN_0068ca30	add-ons\storybookreader\
00460dc8	unicode	FUN_0068a1d0	, Did you know that you can send me to school to learn over five hundred new jokes? | Well 
00460e84	unicode	FUN_0068a1d0	, since you enjoy my sense of humor so much, there are many many more side splitting funnies that I can throw at you throughout our day! | 
00460fa0	unicode	FUN_006b41a0	B17=YES&
00460fbc	unicode	FUN_0068a1d0	!  I love laughing with you.  How would you like to send me to school to learn hundreds of new side splitting funnies!  We could laugh together for hours! | I see that you have an incredible sense of humor, 
00461160	unicode	FUN_0068b680	Bonzi and the Alpha-net
00461194	unicode	FUN_0068b680,FUN_0068bd10,FUN_0068c3a0,FUN_0068ca30	Path
004611a4	unicode	FUN_0068a1d0	.  Maybe you would like to hear some more of my insanely funny jokes! | Getting tired of these 
00461268	unicode	FUN_0068a1d0	? I've got hundreds more that I can learn!
004612c4	unicode	FUN_0068a1d0,FUN_0068aca0,FUN_006a7900	Interaction
004612e0	unicode	FUN_0068a1d0	less
004612f0	unicode	FUN_0068aca0,FUN_006a7900	more
00461300	unicode	FUN_0068b1d0	http://images.bonzi.com/menu/netboost2001.asp
00461360	unicode	FUN_0068b680,FUN_0068bd10,FUN_0068c3a0,FUN_0068ca30	BBReader.exe
00461380	unicode	FUN_0068ae50	!  We're on the move! | I love it when we visit our home! | Home is where the heart is! | Home sweet home, here we come! | OK! There's plenty of great things happening at our home! | It's always nice to visit our home! ||||||
00461548	unicode	FUN_006aa640	tmrCharacterAction
00461578	unicode	FUN_0068b280	Let's see if we can answer your questions at my online help site! | I'm sure you'll find the answers to your questions at my online help site. | There are a lot of questions and answers on my online help site that can help us interact.
00461754	unicode	FUN_006b41a0	B16=YES&
00461770	unicode	FUN_0068b680	, I can't believe we don't yet have Bonzi and the Alpha-net installed.  It's a fun and exciting adventure story!  Let's check it out!
00461880	unicode	FUN_0068ed70	What would you like me to say?  Type something into my Speak screen and I'll be happy to say it for you!
00461958	unicode	FUN_0068bd10	, I can't believe we don't yet have Bonzi and the Internet installed.  It's a fun and exciting adventure story!  Let's check it out!
00461a68	unicode	FUN_0068c3a0	Bonz and the Polizoof
00461a98	unicode	FUN_0068d3c0	OK!  You're going to love being a registered user of Bonzi Buddy!
00461b20	unicode	FUN_006983e0	JokeAddOn
00461b44	unicode	FUN_0068c3a0	, I can't believe we don't yet have Bonzi and the Polizoof installed.  It's a fun and exciting adventure story!  Let's check it out!
00461c54	unicode	FUN_0068c3a0,FUN_0068ca30	http://www.bonzi.com/bonzibuddy/bbstorybookmenu.asp
00461cc0	unicode	FUN_0068ca30	Bonz and the Treasure Chest
00461cfc	unicode	FUN_00699020	BonziBUDDY Search
00461d20	string		Frame1bak
00461d30	unicode	FUN_0068ca30	, I can't believe we don't yet have Bonzi and the Treasure Chest installed.  It's a fun and exciting adventure story!  Let's check it out!
00461e4c	unicode	FUN_0068d0c0	There is nothing to read.  Browse to a page using the 'Browse' command from my menu first.
00461f08	unicode	FUN_006983e0	TriviaAddOn
00461f24	unicode	FUN_0068d3c0	You know, you're already a registered user of Bonzi Buddy!  But, if you want to change or update any of your information, you can enter and submit it now.
00462060	unicode	FUN_0068f2c0	&l=home&t=support
00462088	unicode	FUN_0068ffd0	, I was unable to successfully download the complete update file.
00462110	unicode	FUN_0068e0c0	Well.  What should I call you now? | Wow!  How many names do you have? | Does the IRS know that you're changing your name again?
00462218	unicode	FUN_0068e810	, Did you know that you can send me to school to learn nineteen new songs?  Would you like to check it out, 
004622f8	unicode	FUN_0068e3a0	OK! | You name it. | That's what I'm here for! | If it exists, we'll find it. | What would you like to search for? | There's nothing I can't find. | I'll search the world for you 
00462470	unicode	FUN_0068ed70	And remember, 
00462494	unicode	FUN_0068ed70	, let's keep it clean.
004624c8	unicode	FUN_0068ed70	FirstSpeak
004624e4	unicode	FUN_0068f570	Great!  I love to make new friends, and I'm sure that your friends will love to know \emp\me!
004625a4	unicode	FUN_0068f570	Because I'm one cool gorilla! As you already know!
00462610	unicode	FUN_0068fcb0	, I'm currently downloading my latest free update for you.  I'll let you know when I'm done!
004626d0	unicode	FUN_0068fcb0	Checking for Free updates.  Give me a sec. | Checking for Free updates.  One minute! | Looking for new Free updates.  This will take just a minute. | I'm looking for Free updates right now.  Just a minute.
00462870	unicode	FUN_006983e0	GetRandomAction
00462894	unicode	FUN_006983e0	SmallTalk
004628ac	unicode	FUN_006983e0	Trivia
004628c0	unicode	FUN_0068ffd0	Let's travel to our update site now, and follow the simple instructions there to download this free update together.
004629b0	unicode	FUN_00690ea0	BonziBUDDY - Downloading Email
004629f4	unicode	FUN_00690ea0	Downloading Message
00462a20	unicode	FUN_00690ea0	BonziBUDDY - Checking Email
00462a5c	unicode	FUN_00690ea0	Checking Message 
00462a84	unicode	FUN_00690ea0	Error: 
00462a98	unicode	FUN_0068ffd0	, I was unable to determine if there are any updates available for me just now while checking my updates site.  So, let's just travel there now and check for ourselves to see if there is a new, \emp\free update available for me!
00462c68	unicode	FUN_006983e0	Joke
00462c78	unicode	FUN_006c09e0	11:30
00462c8c	unicode	FUN_0068ffd0	, I was unable to automatically connect to our updates site to download this free update.  Lets travel there now in our browser, and download it by following the instructions on the web page.
00462e10	unicode	FUN_0068ffd0	?Version=
00462e28	unicode	FUN_0068ffd0	&SBR=
00462e38	unicode	FUN_0068ffd0,FUN_006b41a0	&CCode=Purple
00462e68	unicode	FUN_00690b70	Hey!  We don't yet have my Talking Add-on Module Installed.  With this add-on installed, I can understand all of my commands by listening to you speak! It's all so very exciting!  Let's check it out 
00462ffc	unicode	FUN_00690b70	http://www.bonzi.com/bonzibuddy/bb1talkmenu.asp
00463060	unicode	FUN_00692200	.  Would you like to view some new links to sites regarding 
004630e0	unicode	FUN_00692200	? | 
004630f0	unicode	FUN_00692200	?  I've just found some cool new sites related to 
0046315c	unicode	FUN_00692200	.  Would you like to view the links to these new sites?
004631d0	unicode	FUN_00692670	\chr=
004631f8	unicode	FUN_00696070	ditemid=
00463218	unicode	FUN_00697c40,FUN_00698010	.nbd
00463230	unicode	FUN_00692670	\\spd=60\\pit=120\Dai \pit=100\zee, \pit=80\Dai \pit=60\zee
004632ac	unicode	FUN_00692670	\\spd=120\\pit=68\Give \pit=74\me \pit=80\your \pit=68\an, \pit=80\ser \pit=60\true.
0046335c	unicode	FUN_00692670	\\spd=50\\pit=92\I'm \pit=120\half\pit=100\cray \pit=80\zee,
004633dc	unicode	FUN_00696070	dsay2=
004633f0	unicode	FUN_00696070	dplay=
00463404	unicode	FUN_00696070	dplay2=
00463418	unicode	FUN_00692670	\\spd=115\\pit=68\All \pit=74\for \pit=80\the \pit=80\love \pit=100\of \pit=92\you.
004634c4	unicode	FUN_00692670	\\spd=80\\pit=100\It \pit=112\won't \pit=110\be \pit=92\a \pit=120\sty-\pit=100\lish \pit=92\mare\pit=80\rege.
004635a8	unicode	FUN_00696070	prdownload=
004635c4	unicode	FUN_00696070	prsize=
004635d8	unicode	FUN_00696070	prplay=
004635ec	unicode	FUN_00696070	udsay=
00463600	unicode	FUN_00692670	\\spd=100\\pit=92\I \pit=100\can't \pit=80\a \pit=68\ford, \pit=80\a \pit=68\care- \pit=60\ridge.
004636c8	unicode	FUN_00692670	\\spd=100\\pit=60\But \pit=80\you'll \pit=100\look \pit=92\sweet,
00463750	unicode	FUN_00692670	\\spd=90\\pit=60\Up \pit=80\on \pit=100\the \pit=92\seat.
004637c8	unicode	FUN_00696070	prwallet=
004637e0	unicode	FUN_00692670	\\spd=100\\pit=100\Of \pit=112\a \pit=120\by \pit=100\sic \pit=80\cull \pit=92\built, \pit=60\for \pit=80\two.
004638c4	unicode	FUN_00692670	Thank you, thank you, thank you very much.
00463920	unicode	FUN_006953f0	Exiting Random Action Sub
00463970	unicode	FUN_00696070	idle3_2
00463984	unicode	FUN_00696070	stop
004639ac	unicode	FUN_00692670	\chr="monotone"\\pit=131\\spd=170\Young\map="\pit=175\\spd=130\Jon \spd=170\ee"="Johnny"\ Steele \pit=165\has \pit=147\an 
00463aa8	unicode	FUN_00692670	\spd=130\\pit=175\bub \spd=170\\pit=262\ling"="auto-mo-bubbling"\ \spd=130\you
00463b4c	unicode	FUN_006953f0	RandomActionEvent
00463b74	unicode	FUN_00696070	prdesc=
00463b88	unicode	FUN_00696070	dsay=
00463b98	unicode	FUN_00692670	\map="\spd=130\\pit=165\Olds \spd=170\mo \spd=130\beel"="Oldmobile,"\ \spd=170\\pit=131\he \pit=233\\spd=130\loves \spd=170\a dear \map="\pit=220\lit \pit=208\uhl"="little"\\map="\spd=70\\pit=220\girl"="girl."\\pau=200\\spd=170\\pit=131\She \pit=175\\spd=130\is \spd=170\the queen \pit=165\of \pit=147\his 
00463e04	unicode	FUN_00692670	\spd=130\\pit=165\gas \map="\spd=170\mah \spd=130\sheen"="machine,"\ \pit=131\\spd=170\she \pit=233\\spd=130\has \spd=170\his heart \pit=220\in \pit=196\a \map="\pit=175\\spd=70\whirl"="whirl."\\pau=500\ \map="\spd=170\\pit=220\Now"="Now,"\ \pit=175\\spd=130\when\pit=196\\spd=170\they go\pit=220\for \pit=247\a \map="\pit=262\\spd=130\spin"="spin,"\ \pit=196\\spd=170\you 
004640f4	unicode	FUN_00692670	\map="\spd=130\\pit=196\know"="know,"\ \pit=220\\spd=170\she \pit=196\\spd=130\tries \spd=170\\pit=147\to \spd=130\learn \pit=220\\spd=170\the \map="\spd=130\\pit=196\aw 
00464250	unicode	FUN_006953f0	Here is a little song I learned just for you, 
004642b4	unicode	FUN_006953f0,FUN_006bdac0,FUN_006be140	hh:mm
004642c4	unicode	FUN_00696070	prname=
004642d8	unicode	FUN_00692670	\pit=165\\spd=170\toe"="auto"\ \spd=130\so \spd=170\\pit=220\he \pit=175\\spd=130\lets \spd=170\\pit=196\her steer \pit=220\while \pit=247\\spd=170\he \spd=130\\pit=294\gets \spd=170\\pit=262\her \spd=130\\pit=247\ear \spd=170\\pit=220\and \map="\spd=130\\pit=196\whis \pit=185\\spd=170\pers"="whispers"\ \pit=175\\spd=130\soft \spd=170\\pit=147\and \map="\spd=130\\pit=131\low"="low,"\ \pau=800\
004645f8	unicode	FUN_00692670	\map="\spd=130\\pit=262\Come"=""Come"\ \map="\pit=233\\spd=170\uh \pit=220\\spd=130\way"="away"\ \spd=170\\pit=131\with \spd=130\\pit=220\me \map="\pit=131\\spd=170\lu \spd=130\\pit=220\seal"="Lucile"\ \pau=400\ \pit=233\\spd=170\in \pit=220\my \map="\pit=196\\spd=130\mare \spd=170\\pit=147\ee"="merry"\ \map="\spd=130\\pit=196\Olds \spd=170\\pit=147\mo \spd=130\\pit=196\beel"="Oldsmobile."\ \pau=400\\spd=170\Down \pit=175\the \spd=130\\pit=165\road \pit=262\\spd=170\of \spd=130\life \spd=170\we'll \map="\spd=130\fly"="fly,"\ \pau=200\ \map="\pit=131\\spd=170\awe \pit=147\toe \pit=165\moe 
00464aa4	unicode	FUN_00692670	\pau=200\ \pit=262\\spd=170\and \map="\spd=130\I"="I."\ \pau=200\ \spd=130\ To \pit=233\\spd=170\the \pit=220\\spd=130\church \pit=131\\spd=170\we'll \map="\pit=220\\spd=130\swift \pit=131\\spd=170\lee"="swiftly"\ \map="\pit=220\\spd=70\steal"="steal,"\ \pau=200\ \pit=233\\spd=170\Then \pit=220\our \map="\spd=130\\pit=196\wed \pit=147\\spd=170\ing"="wedding"\ \spd=130\\pit=196\bells \spd=170\\pit=147\will \map="\pit=196\\spd=70\peal"="peal."\ \pau=200\ \pit=196\\spd=170\You \pit=175\can \spd=130\\pit=165\go \pit=262\\spd=170\as far\pit=247\as \pit=262\you \spd=130\\pit=294\like \spd=170\with \pit=220\me \pit=196\in \pit=175\my 
00464fa0	unicode	FUN_00692670	\map="\spd=130\\pit=196\mare \pau=400\ \pit=185\ree"="merry"\ \map="\spd=70\\pit=196\Olds \pau=400\  \spd=170\\pit=220\mo \pit=175\\spd=130\beel"="Oldsmobile.""\ \pit=131\\spd=170\\pau=800\They\pit=175\\spd=130\love \spd=170\to spark \pit=165\in \pit=147\the \spd=130\\pit=165\dark \spd=170\old \spd=130\park \spd=170\\pit=131\as \pit=233\\spd=130\they \spd=170\go \map="fly \pit=220\ing"="flying"\
004652c4	unicode	FUN_00692670	\spd=170\\map="\pit=208\uh \spd=70\\pit=220\long"="along."\ \pau=200\\spd=170\\pit=131\She \pit=175\\spd=130\says \spd=170\she knows\pit=165\why \pit=147\the \map="\spd=130\\pit=165\mote \spd=170\her"="motor"\ \map="\spd=130\goes"="goes,"\ \pit=131\\spd=170\the \map="\pit=233\\spd=130\spark \spd=170\ers"="sparker's"\ \map="awe \pit=220\ful \pit=196\lee"="awefully"\ \map="\pit=175\\spd=70\strong"="strong."\ \pau=500\ \spd=170\\pit=220\Each \pit=175\\spd=130\day \pit=196\\spd=170\they spoon \pit=220\to \pit=247\the \map="\pit=262\\spd=130\in \pit=196\\spd=170\gins"="engine's"\ \map="\spd=130\\pit=196\tune"="tune,"\ \pit=220\\spd=170\their
004657d4	unicode	FUN_00692670	\map="\pit=196\\spd=130\honey \spd=170\\pit=147\moon"="honeymoon"\ \spd=130\will \map="\pit=220\\spd=170\hap \spd=130\\pit=196\en"="happen"\ \map="\pit=165\\spd=170\soon"="soon."\ \spd=130\He'll \spd=170\\pit=220\win \map="\pit=175\\spd=130\Lu \spd=170\\pit=196\seel"="Lucile"\ with \pit=220\his \map="\pit=247\\spd=170\Olds \spd=130\\pit=294\mo \spd=170\\pit=262\beel"="Oldsmobile"\ \spd=130\\pit=247\and \spd=170\\pit=220\then \map="\spd=130\\pit=196\They \pit=185\\spd=170\el"="they'll"\\map="\pit=175\\spd=130\fond \spd=170\\pit=147\lee"="fondly"\ \map="\spd=130\\pit=131\croon"="croon."\ \pau=800\\map="\spd=130\\pit=262\Come"=""Come"\ \map="\pit=233\\spd=170\uh \pit=220\\spd=130\way"="away"\ \spd=170\\pit=131\with \spd=130\\pit=220\me \map="\pit=131\\spd=170\lu \spd=130\\pit=220\seal"="Lucile"\ \pau=400\ \pit=233\\spd=170\in \pit=220\my 
00465e78	unicode	FUN_00692670	\map="\pit=196\\spd=130\mare \spd=170\\pit=147\ee"="merry"\ \map="\spd=130\\pit=196\Olds \spd=170\\pit=147\mo \spd=130\\pit=196\beel"="Oldsmobile."\ \pau=400\\spd=170\Down \pit=175\the \spd=130\\pit=165\road \pit=262\\spd=170\of \spd=130\life \spd=170\we'll \map="\spd=130\fly"="fly,"\ \pau=200\ \map="\pit=131\\spd=170\awe \pit=147\toe \pit=165\moe \spd=130\\pit=175\bub \spd=170\\pit=262\ling"="auto-mo-bubbling"\ \spd=130\you\pau=200\ \spd=170\and 
00466204	unicode	FUN_00692670	\pit=262\\spd=170\\map="\spd=130\I"="I."\ \pau=200\ \spd=130\ To \pit=233\\spd=170\the \pit=220\\spd=130\church 
004662ec	unicode	FUN_00694860,FUN_006b99e0	5MinutesAfterLoad
00466314	unicode	FUN_006950b0	EnabledTimer
00466334	unicode	FUN_006950b0	EnableTimers
00466354	unicode	FUN_00695250	DisabledTimer
00466374	unicode	FUN_00695250	DisableTimers
00466394	unicode	FUN_006953f0	Entering Random Action Sub
004663d0	unicode	FUN_00696070	dmsg=
004663e4	unicode	FUN_00692670	\pit=131\\spd=170\we 'll \map="\pit=220\\spd=130\swift \pit=131\\spd=170\lee"="swiftly"\ \map="\pit=220\\spd=70\steal"="steal,"\ \pau=200\ \pit=233\\spd=170\Then \pit=220\our \map="\spd=130\\pit=196\wed \pit=147\\spd=170\ing"="wedding"\ \spd=130\\pit=196\bells \spd=170\\pit=147\will \map="\pit=196\\spd=70\peal"="peal."\ \pau=200\ \pit=196\\spd=170\You \pit=175\can \spd=130\\pit=165\go \pit=262\\spd=170\as far\pit=247\as \pit=262\you \spd=130\\pit=294\like \spd=170\with \pit=220\me \pit=196\in \pit=175\my \map="\spd=130\\pit=196\mare \pau=400\ \pit=185\ree"="merry"\ \map="\spd=70\\pit=196\Olds \pau=400\  \spd=170\\pit=220\mo \pit=175\\spd=130\beel"="Oldsmobile.""\
00466928	unicode	FUN_00699020	Well... I guess I could go back to doing nothing. | I needed the rest anyway.  |  Isn't there anything your interested in?
00466a24	unicode	FUN_00699020	Idle1_24
00466a3c	unicode	FUN_00699020	Searching
00466a74	unicode	FUN_00699020	&l=srch&keywords=
00466a9c	unicode	FUN_00699020	?loc=mnu_search&keyword=
00466ad4	unicode	FUN_0069a760	ProductCode=
00466af0	string		lblSignUp
00466b00	unicode	FUN_00699020	! You know, I can search the web for any topic you may be interested in finding information on.  Just enter a topic if you want to search, or hit 'Cancel' if you don't want to search right now.
00466c88	unicode	FUN_0069a760	svrupdates.tmp
00466ca8	unicode	FUN_0069a760,FUN_0069bb00,FUN_0069def0,FUN_00730070	ShouldBeHeard
00466cc8	unicode	FUN_0069a760	ServerVersion=
00466cf0	unicode		Please download and install the latest version of Microsoft's Internet Explorer from the site HTTP://www.microsoft.com/windows/ie/default.htm.
00466e14	unicode	FUN_0069a760	CheckingUpdatesFileOnServer
00466e50	unicode	FUN_0069a760	CheckUpdatesFile
00466e78	unicode	FUN_0069a760,FUN_00730430	<udver=
00466e8c	unicode	FUN_0069a760,FUN_00730430	<udurl=
00466ea0	unicode	FUN_0069a760	Update File Found
00466ec4	string		imgAlias
00466ed4	unicode	FUN_0069a760	UpdateInProgress, SkippingUpdateCheck
00466f24	unicode	FUN_0069bb00	CheckingProductFileOnServer
00466f60	unicode	FUN_0069bb00	CheckProductFile
00466f88	unicode	FUN_0069bb00	svrprod.tmp
00466fa4	unicode	FUN_0069bb00	Why don't we check it out 
00466fe0	unicode	FUN_0069bb00	UpdateInProgress, SkippingProductCheck
00467034	unicode	FUN_0069d570	GettingDailyFileFromServer
00467070	unicode	FUN_0069d570	GetDailyFile(
00467098	unicode	FUN_006c09e0	11:00
004670ac	unicode	FUN_0069d570	UpdateInProgress, SkippingGetDaily
004670f8	unicode	FUN_0069d570	GetDailyFile
00467118	unicode	FUN_0069def0	ReadingLocalDailyFile
00467148	unicode	FUN_0069def0	CheckDailyFile
0046716c	unicode	FUN_0069f760	Wow 
0046717c	unicode	FUN_0069f760	! | Good News 
004671a0	unicode	FUN_0069f760	If you like, I can automatically update myself with this Free new version!
0046723c	unicode	FUN_006aa640	IgnoreEventsGetFalseInXMinutes = 
00467284	unicode	FUN_0069f760	, would you like me to update myself now?
004672dc	unicode	FUN_006a0930	LookDown
004672f4	unicode	FUN_006a1750	mm/dd
00467304	unicode	FUN_006a1750	Happy New Year's Day!  Have you made your new year's resolutions yet?
00467394	unicode	FUN_006a1750	Monday
004673a8	unicode	FUN_006a1750	Happy Valentine's day, 
004673dc	unicode	FUN_006a1750	.  Will you be my Valentine?
0046741c	unicode	FUN_006aa640	Downloading Update, Exiting Timer
00467464	unicode	FUN_006a1750	Did you know that today is Martin Luther King Jr. Day?  In honor of Martin Luther King Jr., a brilliant and courageous civil rights leader in the 60's.
00467598	unicode	FUN_006a1750	, today is GroundHog day.  I sure hope that little critter doesn't forecast more winter.
00467650	unicode	FUN_006a1750	Isn't today President's Day?  That means that this is the observed birthday of America's founding father, George Washington.
00467750	unicode	FUN_006a1750	Oh my green eggs and ham!  It's St. Patrick's Day.  Hope you're wearing green today!
00467800	unicode	FUN_006aa640	Character Stop
00467824	unicode	FUN_006b41a0	B13=YES&
00467840	unicode	FUN_006a1750	Today is your birthday! Happy Birthday 
00467894	unicode	FUN_006a1750	! \pau=2000\
004678b4	unicode	FUN_006a1750	April Fools!
004678d4	unicode	FUN_006a1750	Secretaries Day! Make sure you send flowers!
00467934	unicode	FUN_006a1750	Throw your aerosol cans and ride your bike to work, because today is Earth Day!
004679d8	unicode	FUN_006a1750	Sunday
004679ec	unicode	FUN_006aa640	tmrCharacterAction_Timer
00467a24	unicode	FUN_006a1750	Wow, it is Mothers Day! One of the most important days of the year! Have you called Mom yet?
00467ae4	unicode	FUN_006a1750	Today is Memorial Day.
00467b18	unicode	FUN_006a1750	Holiday! Holiday! Today is Labor Day! Are you staying home from work?
00467ba8	unicode	FUN_006a1750	, Did you know that today is Columbus Day?
00467c00	string		lblChanges
00467c10	unicode	FUN_006a1750	Father's Day is happening all day today! Try to get your dad something a little more original than that silly tie you got him last year!
00467d28	unicode	FUN_006a1750	Today is American Independence Day! America is celebrating its freedom!
00467dbc	unicode	FUN_006aa250	played stop, and restpose
00467df0	string		chkSpeakIt
00467e00	unicode	FUN_006a1750	On this day in 1492, Christopher Columbus and his crew arrived at an island in the Bahamas inhabited by the Arawak Indians. When Columbus and his sailors came ashore, the Arawaks ran to greet them, bringing food and gifts.
00467fc4	unicode	FUN_006a6900	VR Explained
00467fe4	unicode	FUN_006a6900	 key.
00467ff4	unicode	FUN_006a1750	\chr="whisper"\\spd=100\\pit=50\This is the scariest voice I could come up with for Halloween.  Trick or Treat! And a fright filled All Hallows Eve to you...
00468134	unicode	FUN_006a1750	\chr="whisper"\ Got any cough drops?
00468184	unicode	FUN_006a1750	Thursday
0046819c	unicode	FUN_006a5dc0	Intruder ALERT
004681cc	unicode	FUN_006c09e0	10:30
004681dc	unicode	FUN_006a1750	Happy Thanksgiving! Boy am I glad I'm not a turkey!
00468248	unicode	FUN_006a1750	Happy Hanukkah! Today is the first day of Hanukkah!
004682b4	unicode	FUN_006a1750	Ho Ho Ho! Merry Christmas 
004682f0	unicode	FUN_006a1750	!  Seasons Greeting!
00468378	unicode	FUN_006a5dc0,FUN_006ce0d0,FUN_006d61b0	NetBOOST
0046839c	unicode	FUN_006a5dc0,FUN_006a65d0,FUN_006be310,FUN_00724d00	Products
004683b8	unicode	FUN_006a3db0	! Quick Reminder. | Wow! I almost forgot! | Don't forget! | Reminder! Reminder! 1000 forty niner!
00468480	unicode	FUN_006a3db0	 is scheduled for, or due on 
004684d0	unicode	FUN_006a3db0	, it's 
004684e4	unicode	FUN_006a3db0	h:mm AM/PM
00468500	unicode	FUN_006a3db0	.  You asked me to remind you about '
0046855c	unicode	FUN_006a5dc0	Voice E-Mail
0046857c	unicode	FUN_006a5dc0,FUN_006ce0d0	RegName
00468594	unicode	FUN_006a6900	rundll32.exe shell32.dll,Control_RunDLL speech.cpl,,0
00468604	unicode	FUN_006a6900	Hey!  Let me tell you a little about my Talking Add-On Module!  You can talk to me and give me voice commands when I'm listening to you.  You can make me listen to you by pressing the 
00468778	string		inetSignUp
00468788	unicode	FUN_006a6900	You'll know when I'm listening to you when the listening tip displayed just below me says that I'm listening for Bonzi Buddy commands.
0046889c	unicode	FUN_006a6900	To help me understand your voice well, you should train your voice to my speech recognition system.
00468968	unicode	FUN_006c09e0	10:00
0046897c	unicode	FUN_006a6900	Sometimes, I'll ask you questions, which you can answer by saying 'Yes' or 'No'. To get a list of voice commands that I can recognize, right click on me and select 'My Voice Commands' from my menu.
00468b0c	unicode	FUN_006a7900	! Boy did I need that rest! ||||||
00468b58	unicode	FUN_006aa640	Entering
00468b70	unicode	FUN_006a6900	To do this, select the 'Microsoft Speech Recognition Engine' in the Speech Properties window.\pau=3000\ 
00468c48	unicode	FUN_006a6900	Then click on the 'Training' button. \pau=3000\  From there, follow the instructions to train your voice to my system.
00468d3c	unicode	FUN_006aa250,FUN_006bc700	exiting routine
00468d64	unicode	FUN_006a6900	Once this is done, I'll be able to better understand you!
00468ddc	unicode	FUN_006a6900	You may also adjust your microphone settings by clicking on the 'Adjust Microphone Settings' button.\pau=2000\
00468ec0	unicode	FUN_006a7900	! | That was a nice nap! | Reporting for duty 
00468f24	unicode	FUN_006a7900	! | Anything for you 
00468f54	unicode	FUN_006a6900	Setting a good microphone volume level is important for me to better hear you!
00468ff8	unicode	FUN_006a6900	Can't wait to hear from you!
00469038	unicode	FUN_006a7900	! Go ahead and wake me at anytime! | Let me know when you need me for something my friend! | Nothing like a good power nap!
00469134	unicode	FUN_006c09e0	9:30
00469144	unicode	FUN_006a6900	Hey!  We don't yet have my Talking Add-on Module Installed.  With this add-on installed, I can understand your spoken commands!  Let's check it out 
00469274	unicode	FUN_006a7900	That was a refreshing break! I feel ready to take on the world! | Ready for action 
00469320	unicode	FUN_006b41a0	B15=YES&
00469338	unicode	FUN_006a7900	, I'll just be here if you need me. | I'll just be snoozing over here if you need me! | I'll try not to snore! | Go ahead and wake me if you need me! | Nap time! I could sure use the break! | I'll be right here for you 
004694f4	unicode	FUN_006a7900	! | Thanks for the break 
00469530	unicode	FUN_006a8030,FUN_006a8890,FUN_006a8d20	Software\Microsoft\Windows\CurrentVersion\Internet Settings
004695ac	unicode	FUN_006a8030	EnableAutodial
004695d0	unicode	FUN_006a8890	NoNetAutodial
004695f0	unicode	FUN_006a8d20	EnableSecurityCheck
0046961c	unicode	FUN_006a95c0	debugdata.txt
0046963c	unicode	006aa11d	DisplayDebugData Error Routine:  
00469684	unicode	FUN_006aa250	entering routine
004696ac	unicode	FUN_006aa250	mnuWriteEmail_Click
004696d8	unicode	FUN_006aa250	turned off DND
004696f8	string		lblPitch
00469708	unicode	FUN_006aa640	.  Did you know that you can right click on my tummy with your \emp\mouse button at any time to access my menu!  Why don't you try it now!
00469824	unicode	FUN_006aa640	IgnoreEvents := False in 
0046985c	unicode	FUN_006aa640	 minutes.
00469874	unicode	FUN_006aa640	IsConnected=True
0046989c	unicode	FUN_006aa640	trmCharacterAction_Timer
004698d4	unicode	FUN_006b41a0	B14=YES&
004698f0	unicode	FUN_006aa640	BonziCHECKERS isn't running
0046992c	unicode	FUN_006aa640	Exiting
00469940	unicode	FUN_006ab9c0	ConnectProblem
00469964	unicode	FUN_006ab9c0	?\pau=1000\
00469980	unicode	FUN_006ab9c0	We can go to Microsoft's download site now and download the latest version of Internet Explorer. This should fix the problem! Would you like me to take us there now?
00469ad0	unicode	FUN_006ab9c0	For some reason I am having trouble communicating with the Internet! In order for us to browse, search, and travel the Internet together, we need to update our version of Microsoft's Internet Explorer. 
00469c6c	unicode		IgnoreEvents = 
00469c90	unicode		tmrIgnoreEvents_Timer
00469cc4	unicode	FUN_006ab9c0	For some reason I am having trouble communicating with the Internet! In order for us to browse, search, and travel the Internet together, we need to update our version of Microsoft's Internet Explorer.  We can go to Microsoft's download site now and download the latest version of Internet Explorer. This should fix the problem! Would you like me to take us there now?
00469fac	unicode		m_blnDownloadInProgress = 
00469fe8	unicode	FUN_006ac880	Enabling tmrCharacterAction (inactive 15 min)
0046a048	unicode	006acd6c,FUN_006ac880	tmrWakeUp_Timer
0046a06c	unicode	FUN_006ac880	Setting g_blnIgnoreEvents to False (true for 15 min)
0046a0dc	unicode	006acd7a	Error:  
0046a0f4	unicode		 in routine:  tmrWakeUp_Timer
0046a140	unicode	FUN_006b3ee0	BBPlayerIsRunningAndPlaying
0046a178	string		fraOther
0046a188	unicode	FUN_006ad130	Some of the information that I need to check your E-Mail for you is missing.  Please make sure you enter your Mail Server, User Name, and Password on my E-Mail Options screen.
0046a2ec	unicode	FUN_006ad130	CheckEmail
0046a308	unicode	FUN_006ad130	bbmail.tmp
0046a324	unicode	FUN_006ad130	MailCheckEmpty
0046a348	unicode	FUN_006b41a0	B10=YES&
0046a360	unicode	FUN_006b5090	/CTB
0046a370	unicode	FUN_006ad130	I've just checked and did not find any new mail messages at this time. | Nothing new in our mailbox for now 
0046a450	unicode	FUN_006ad130	. | We have no new mail messages at this time. I will keep checking back! | It appears that there is nothing we have not already heard.
0046a568	unicode	FUN_006ad130	Our mailbox appears to be empty for now 
0046a5c0	unicode	FUN_006ad130	! | Our mailbox is empty for now, but I will keep checking back! | The postmaster must be very busy today, we have not received anything new! | Nothing new in our mailbox for now 
0046a72c	unicode	FUN_006b41a0	BB9=YES&
0046a744	unicode	FUN_006b5090	Started
0046a758	unicode	FUN_006ad130	There was an error while connecting to our mail server. Please check and verify our e-mail settings by clicking on 'Settings' under 'My Options' on my menu and then clicking on the 'E-Mail Account' tab.
0046a8f4	unicode	FUN_006b3ee0	BBPlayer IS running&playing
0046a930	unicode	FUN_006b41a0	BB7=YES&
0046a94c	unicode	FUN_006ad130	It seems that the User Name we are using to check e-mail is incorrect. We can change it by clicking on 'Settings' under 'My Options' on my menu and then clicking on the 'E-Mail Account' tab.
0046aad0	unicode	FUN_006b31f0	I can't seem to open this BonziMESSAGE.
0046ab24	unicode	FUN_006b41a0	BB8=YES&
0046ab40	unicode	FUN_006ad130	It seems that either the User Name or Password we are using to check e-mail is incorrect. We can change it by clicking on 'Settings' under 'My Options' on my menu and then clicking on the 'E-Mail Account' tab.
0046ace4	unicode	FUN_006b31f0	Save
0046acf4	unicode	FUN_006b31f0,FUN_006b5090	The message reads:
0046ad20	unicode	FUN_006c09e0	8:30
0046ad30	unicode	FUN_006ad130	, I am receiving an error while connecting to our mail server. Please check and verify our e-mail settings by clicking on 'Settings' under 'My Options' on my menu and then clicking on the 'E-Mail Account' tab.
0046aed4	unicode	FUN_006b31f0	Attachments
0046aef0	unicode	FUN_006b31f0	BonziMESSAGE.BMS
0046af18	unicode	FUN_006b3ee0	BBPlayer is NOT running&playing
0046af5c	unicode	FUN_006b4040	StoryReader IS running&playing
0046afa0	unicode	FUN_006b4040	StoryReaderIsRunningAndPlaying
0046afe4	unicode	FUN_006b4040	StoryReader is NOT running&playing
0046b030	unicode	FUN_006b41a0,FUN_00728a60	?RegNum=
0046b048	unicode	FUN_006b41a0	&Ver=
0046b058	unicode	FUN_006b41a0	BB1=YES&
0046b070	unicode	FUN_006b41a0	BB2=YES&
0046b088	unicode	FUN_006b41a0	BB3=YES&
0046b0a0	unicode	FUN_006b41a0	BB4=YES&
0046b0b8	unicode	FUN_006b41a0	BB5=YES&
0046b0d0	unicode	FUN_006b41a0	BB6=YES&
0046b0e8	unicode	FUN_006b6cf0	 is in use by another program.  Please select another key as the 'Quiet Mode' Hotkey.
0046b198	unicode	FUN_006b6cf0	, I just noticed that the 'Quiet Mode' Hotkey, '
0046b200	unicode	FUN_006b6cf0	' is currently not available. This may occur when another program is already using the '
0046b2b8	unicode	FUN_006c09e0	8:00
0046b2d4	unicode	FUN_006b6cf0	' key. This is not a problem though 
0046b324	unicode	FUN_006b6cf0	, we can always turn off audio by clicking on my tummy and selecting 'Quiet Mode' from my menu.
0046b3f4	unicode	FUN_006b7d90	Relax Mode
0046b490	unicode	FUN_006b87f0	frmAgent.LoadBonz GetWindowsDirectory
0046b4e0	unicode	FUN_006b87f0	frmAgent.LoadBonz set strBonziCharFileName
0046b53c	unicode	FUN_006b87f0	Msagent\CHARS\
0046b560	unicode	FUN_006b87f0	C:\WINDOWS\Msagent\CHARS\Bonzi.acs
0046b5ac	unicode	FUN_006b87f0	frmAgent.LoadBonz acs missing
0046b5ec	unicode	FUN_006b87f0	Peedy
0046b5fc	unicode	FUN_006b87f0	Peedy.acs
0046b614	unicode	FUN_006b87f0	ToldAboutBonzi
0046b638	unicode	FUN_006b87f0	, have you ever met a purple gorilla? \pau=1000\ Well now is your chance!
0046b6d0	unicode	FUN_006b87f0	I've just learned that there is a \emp\free, exciting new update available for us that introduces you to a great new friend of mine!
0046b7e0	unicode	FUN_006bc700	checking registry for email address
0046b82c	unicode	FUN_006b87f0	His name is Bonzi, and he is the \map="\emp\cuoo test"="cutest"\ little purple gorilla I've ever seen! \pau=500\  Not that I've seen many of them.
0046b958	unicode	FUN_006b87f0	When he swings onto your screen on his very cool jungle vines, \pau=500\well 
0046b9f4	string		SetCharacterPositionToHomePosition
0046ba20	unicode	FUN_006b87f0	, \pau=500\you just may hug your monitor!
0046ba78	unicode	FUN_006b87f0	I just know you're going to love our new friend and master of the jungle, Bonzi!
0046bb20	unicode	FUN_006b87f0	, you still haven't met my new friend, Bonzi.  He can't wait to become friends with you!
0046bbd4	string		CancelAllMoveRequests
0046bbec	string		SetHomePosition
0046bc00	unicode	FUN_006b87f0	Would you like for me to introduce you to Bonzi right now?
0046bc7c	unicode	FUN_006b87f0	frmAgent.LoadBonz calling loadbonzsub
0046bccc	unicode	FUN_006b87f0	, if you want to download this update, simply click on 'Update Me' from my menu!  Bonzi is just waiting to meet you!
0046bdb8	string		RequestMoveToForm
0046bdcc	string		CompleteMoveRequest
0046bde4	unicode		Hey!  Who's calling LoadBonz with intStep equal to 
0046be50	unicode	FUN_006b99e0	frmAgent.LoadBonzSub Load Char
0046be94	unicode	FUN_006b99e0	It seems that you don't have your BonziBUDDY character file installed properly.  Please visit HTTP://www.bonzi.com to download and install this character.
0046bfd0	unicode	FUN_006b99e0	frmAgent.LoadBonzSub enable voice commands
0046c03c	unicode	FUN_006b99e0	frmAgent.LoadBonzSub checkmenuitems
0046c088	unicode	FUN_006b99e0	frmAgent.LoadBonzSub addmenuitems
0046c0d0	unicode	FUN_006b99e0	frmAgent.LoadBonzSub disable popup menu
0046c124	unicode	FUN_006b99e0	frmAgent.LoadBonzSub move to home position
0046c18c	string		RequestMoveToHome
0046c1a4	unicode	FUN_006b99e0	frmAgent.LoadBonzSub check start page
0046c1f4	unicode	FUN_006b99e0	frmAgent.LoadBonzSub show char
0046c238	unicode	FUN_006b99e0	frmAgent.LoadBonzSub disable timers
0046c284	unicode	FUN_006b99e0	frmAgent.LoadBonzSub greet user
0046c2c8	unicode	FUN_006b99e0	frmAgent.LoadBonzSub activate hotkey
0046c344	unicode	FUN_006be310	HeardGoldIntro
0046c368	unicode	FUN_006c09e0	7:00
0046c378	unicode	FUN_006b99e0	frmAgent.LoadBonzSub setrelaxmodecaption
0046c3d0	unicode	FUN_006b99e0	frmAgent.LoadBonzSub enable speachrecognition
0046c430	unicode	FUN_006b99e0	frmAgent.LoadBonzSub set srmodeid
0046c478	unicode	FUN_006b99e0	{D8905400-B5C8-11d0-B968-0020AFDB1B9C}
0046c4cc	unicode	FUN_006b99e0	frmAgent.LoadBonzSub addvoicecommands
0046c51c	unicode	FUN_006bd4c0,FUN_006bd610	{username}
0046c538	unicode	FUN_006bd700,FUN_006bd910	DailyOptOuts
0046c55c	unicode	FUN_006b99e0	frmAgent.LoadBonzSub set server check times
0046c5b8	unicode	FUN_006b99e0	frmAgent.LoadBonzSub exit load bonz sub
0046c60c	unicode	FUN_006bc170	ExplainedTravelReservations
0046c648	unicode	FUN_006bc170	Up Up and away 
0046c66c	unicode	FUN_006bc170	!\pau=1000\
0046c688	unicode	FUN_006bc170	I bet you didn't know that this little gorilla used to work as a Travel Agent!
0046c72c	unicode	FUN_006c09e0	7:30
0046c740	unicode	FUN_006bc170	With my very cool connections at \ctx="email"\Priceline.com,\rst\ we can get great deals and discounts on airline tickets and travel arrangments!
0046c868	unicode	FUN_006bc170	We can even handle booking our hotel and car rentals if we like!
0046c8f0	unicode	FUN_006bc700	CheckEmailSourceAddress
0046c930	unicode	FUN_006bc700	about to display frmEmailConfirm modal
0046c984	unicode	006bcff9,006bd02a	http://www.bonzi.com/bonzibuddy/bbplayeroffline.htm
0046c9f0	unicode	006bcc9c,006bd236	playercontent.htm
0046ca18	unicode	006bcd8c	OfflineFile HAS been downloaded
0046ca5c	unicode	006bcd7e,006bce0c	GetEntertainmentCenterOfflinePage()
0046caa8	unicode	006bce1a	OfflineFile has NOT been downloaded
0046cb04	unicode	FUN_006be310	Congratulations [username]! You are now an official BonziBUDDY Gold Member!!!
0046cba4	unicode	FUN_006be310	We can now download and install \emp\all of my very cool add-ons and enhancements! Are you ready?
0046cc6c	unicode	006bf05c	Simply check the types of news that you would like to hear, 
0046ccec	unicode	FUN_006be310	Simply click your right mouse button on me to pull up our menu, and then click on 'Check for New Add-ons'.
0046cdc8	unicode	006beaea,006bf303	HeardBonziNEWSIntro
0046cdf4	unicode	006beec2	Hey, [username]! Did you know that I can now deliver the news directly to you throughout the day?
0046ceb8	string		__vbaFixstrConstruct
0046ced4	unicode	006bf061	and I'll make sure to look out for anything interesting in 
0046cf50	unicode	006bf078	the categories you \map="choose!"="choose."\
0046cfb0	unicode	006bf1ca,006bf22e	It's as simple as that!
0046cfec	string		__vbaBoolErrVar
0046cffc	string		__vbaVarTstGe
0046d00c	string		__vbaVarCmpLe
0046d01c	string		__vbaVarCmpGe
0046d034	string		__vbaVarAbs
0046d040	string		__vbaStrErrVarCopy
0046d058	unicode	FUN_006c09e0	5:00
0046d068	unicode	FUN_006c09e0	5:30
0046d078	unicode	FUN_006c09e0	6:00
0046d088	unicode	FUN_006c09e0	6:30
0046d09c	unicode	FUN_006bf380	You must enter a valid reminder date before you can save the appointment.
0046d134	unicode	FUN_006bf380,FUN_006c0230	0:15
0046d144	unicode	FUN_006bf380,FUN_006c68b0,FUN_006c9120,FUN_006ccd80	m/d/yy
0046d158	unicode	FUN_006bf380	You must enter some text for the appointment before you can save it.
0046d1e8	unicode	FUN_006c09e0	12:30
0046d1f8	unicode	FUN_006c09e0	1:00
0046d208	unicode	FUN_006c09e0	1:30
0046d218	unicode	FUN_006c09e0	2:00
0046d228	unicode	FUN_006c09e0	2:30
0046d238	unicode	FUN_006c09e0	3:30
0046d248	unicode	FUN_006c09e0	4:00
0046d258	unicode	FUN_006c09e0	4:30
0046d26c	unicode	FUN_006c3410	OK! It's done!  I will now automatically handle your Internet downloads for you!
0046d314	unicode	FUN_006c3e20	Thanks 
0046d328	unicode	FUN_006c43e0	Now let's select the option from my Internet Connection Screen which best describes how we will be connecting to the Internet!
0046d428	string		cmbAccountDomain
0046d43c	string		cmdAddFriend
0046d450	unicode	FUN_006c4ce0	Having trouble?  Let me help you.
0046d498	unicode	FUN_006c4ce0	To add an appointment or task, choose the date from this Calander for which you would like to schedule an appointment.
0046d58c	unicode	FUN_006c4ce0	Then, click the 'Add' button below to add an appointment or memo for that day.
0046d62c	string		cmdChangeLogon
0046d640	unicode	FUN_006c4ce0	To edit an existing appointment, select the date on this calendar that contains the appointment you want to edit.
0046d728	unicode	FUN_006c4ce0	Then, choose the appointment that you wish to edit from this Schedule for the selected day.
0046d7e0	string		lblViewReverseList
0046d7f4	string		lblReenterPass
0046d804	string		sldrPitch
0046d810	string		sldrSpeed
0046d820	unicode	FUN_006c4ce0	Finally, click the edit button to edit this appointment or task.
0046d8a8	unicode	FUN_006c68b0	Edit Appointment or Reminder for 
0046d8f0	unicode	FUN_006c68b0,FUN_006c9120,FUN_006e8620	m/d/yyyy
0046d908	unicode	FUN_006c68b0	Edit Appointment or Task
0046d940	unicode	FUN_006c68b0,FUN_006c9120	Appointment or Task for 
0046d978	unicode	FUN_006c68b0	I see you're editing an appointment!
0046d9c8	unicode	FUN_006cf450,FUN_006d61b0	Receive Window (RWIN=8192)
0046da04	unicode	FUN_006c68b0,FUN_006c9120	Type in the text for the appointment or task.
0046da64	unicode	FUN_006c68b0,FUN_006c9120	Then, below that, choose the Time at which the appointment will be due.
0046daf8	unicode	FUN_006c68b0,FUN_006c9120	If you like, check the Reminder box, and choose a date and time for me to remind you of your appointment.
0046dbd0	unicode	FUN_006ca850	Apps.tmp
0046dbe8	unicode	FUN_006c68b0,FUN_006c9120	Click the Save button when you're done.
0046dc3c	unicode	FUN_006c68b0	You'll need to choose an appointment to edit from the Appointments list first.  Just click on the appointment that you wish to edit, then click the Edit button.
0046dd84	unicode	FUN_006ca850	Delete selected appointment?
0046ddd0	unicode	006c8ef4	I encountered an error while trying to edit this appointment.  The error is: 
0046de70	unicode	FUN_006c9120	Add Appointment or Task
0046dea4	unicode	FUN_006c9120	I see you're adding an appointment!
0046def0	unicode	006ca698	I encountered an error while trying to add this appointment to the Appointment list.  The error is: 
0046dfc0	unicode	006c8f15	.  You may want to try closing my calendar window, re-opening it, and then attempting to edit your appointment again.  If this error still occurs, you should visit Bonzi Software's support site at \Ctx="Email"\HTTP://www.bonzi.com/support.htm.
0046e1a8	string		cmdSignUp
0046e1b8	unicode	006ca6b9	.  You may want to try closing my calendar window, re-opening it, and then attempting to add your appointment again.  If this error still occurs, you should visit Bonzi Software's support site at \Ctx="Email"\HTTP://www.bonzi.com/support.htm.
0046e3a0	string		fraPrivacy
0046e3b0	unicode	FUN_006ca850	You'll need to choose an appointment to delete from the Appointments list first.  Just click on the appointment that you wish to delete, then click the Delete button.
0046e50c	unicode	FUN_006ccd80	Schedule for 
0046e52c	unicode	FUN_006ce0d0	About 
0046e560	unicode	FUN_006cf450,FUN_006d61b0	Receive Window (RWIN=
0046e590	unicode	FUN_006ce7c0	System Information Is Unavailable At This Time
0046e600	unicode	FUN_006cf450,FUN_006d61b0	Time to Live (TTL=
0046e62c	unicode	FUN_006cf450,FUN_006d61b0	Maximum Transfer Unit (MTU=576)
0046e670	unicode	FUN_006cf450,FUN_006d61b0	Maximum Transfer Unit (MTU=1500)
0046e6b8	unicode	FUN_006cf450,FUN_006d61b0	Maximum Transfer Unit (MTU=
0046e704	unicode	FUN_006cefb0	InternetBOOST '99 settings have been successfully applied! Please re-start your computer and re-connect to the Internet to try out your new Internet settings.
0046e848	unicode	FUN_006cefb0	InternetBOOST '99
0046e870	unicode	FUN_006cf450,FUN_006d61b0	Time to Live (TTL=32)
0046e8a0	unicode	FUN_006cf450,FUN_006d61b0	Time to Live (TTL=64)
0046e8ec	unicode	FUN_006cf450	InternetBOOST '99 - Optimized for Dial Up Connection (MODEM)
0046e96c	unicode	FUN_006cf450	InternetBOOST '99 - Optimized for LAN Internet Connection (LAN)
0046e9f0	unicode	FUN_006d2250,FUN_006d61b0	System\CurrentControlSet\Services\VXD\MSTCP
0046ea4c	unicode	FUN_006d2250,FUN_006d61b0	PMTUBlackHoleDetect
0046ea78	unicode	FUN_006d2250,FUN_006d61b0	PMTUDiscovery
0046ea98	unicode	FUN_006d2250,FUN_006d61b0	DefaultTTL
0046eacc	unicode	FUN_006d2250,FUN_006d61b0	System\CurrentControlSet\Services\Class\NetTrans\
0046eb34	unicode	FUN_006d2250,FUN_006d61b0	0000
0046eb44	unicode	FUN_006d2250,FUN_006d61b0	DriverDesc
0046eb6c	unicode	FUN_006d2250,FUN_006d61b0	MaxMTU
0046eb8c	unicode	FUN_006d2250,FUN_006d61b0	1500
0046eb9c	unicode	FUN_006d2250,FUN_006d61b0	DefaultRcvWindow
0046ebc4	unicode	FUN_006d2250	8192
0046ebd4	unicode	FUN_006d2250	Optimizing Your Internet Connection for a MODEM...
0046ec3c	string		txtAccountPasswordbak
0046ec54	string		txtPass2
0046ec64	unicode	FUN_006d2250	Optimizing Your Internet Connection for a LAN...
0046eccc	unicode	FUN_006d5160	You are not currently optimized for a modem Internet connection. Would you like InternetBOOST '99 to optimize your Internet connection for a Modem now?
0046ee00	unicode	FUN_006d5160,FUN_006d98c0	InternetBOOST '99 Modem Optimization
0046ee50	unicode	FUN_006d5160,FUN_006d98c0	InternetBOOST '99 has successfully optimized your settings for a Dial-Up (MODEM) Internet connection.  Click the 'Apply Boost' button to save your changes and speed up your Internet connection!
0046efd8	unicode	FUN_006d5160,FUN_006d98c0	Modem Optimization Completed Successfully!
0046f030	string		lblFirstName
0046f044	unicode	FUN_006d5160	So you want to speed up your Internet connection 
0046f0ac	unicode	FUN_006d5160	Well, this little gorilla can help!
0046f0f8	unicode	FUN_006d5160	I can optimize our Internet connection for quicker download speeds, faster web browsing, and I can \emp\even improve the performance of our e-mail messages!
0046f238	unicode	FUN_006d5160	Simply click the 'Apply Boost' button below and off we go!
0046f2b4	unicode	FUN_006d5160	We will need to re-start the computer in order for our speed changes to take effect. After re-starting we can browse and search the Internet like never before!
0046f3f8	unicode	FUN_006d61b0	NBDir
0046f428	unicode	FUN_006d61b0	System\CurrentControlSet\Services\Class\NetTrans
0046f490	unicode	FUN_006d98c0	InternetBOOST '99 can optimize your settings for a Dial-Up (MODEM) Internet connection. Would you like InternetBOOST '99 optimize these settings now?
0046f5bc	string		__vbaVarMul
0046f5c8	string		txtAccountLogonbak
0046f5e0	unicode	FUN_006d9f10	InternetBOOST '99 can optimize your settings for a Local Area Network (LAN) Internet connection. Would you like InternetBOOST '99 optimize these settings now?
0046f724	unicode	FUN_006d9f10	InternetBOOST '99 LAN Optimization
0046f76c	string		__vbaVarForInit
0046f77c	string		lblMyLogonName
0046f790	unicode	FUN_006d9f10	InternetBOOST '99 has successfully optimized your settings for a Local Area Network (LAN) Internet connection!  Click the 'Apply Boost' button now to save your changes.
0046f8e8	unicode	FUN_006d9f10	LAN Optimization Completed Successfully!
0046f93c	string		__vbaVarForNext
0046f94c	string		lblLogonDesc
0046f95c	string		lblLastName
0046f968	string		cmdAllow
0046f978	unicode	FUN_006daa70	C:\Program Files\Internet Explorer\IEXPLORE.EXE 
0046fa1c	string		txtFriendEmail
0046fa2c	string		cmbDomain
0046fa38	string		fraMyAlias
0046fa44	string		lblAlias
0046fa50	string		lstAllow
0046fa5c	string		lblSpeed
0046fa68	string		lblPassword
0046fa74	string		cmdSubmit
0046fa80	string		lblAboutPass
0046fa90	string		cmdBlock
0046fa9c	string		chkRememberPasswordbak
0046fab4	string		cmdReverseList
0046fac4	string		txtMyAlias
0046fad0	string		lblAccept
0046fadc	string		fraVoiceOptions
0046faec	string		picSearch
0046faf8	string		lstBlock
0046fb04	string		txtAccountPassword
0046fb1c	unicode	FUN_006db1c0	The Friend's Email Address cannot be blank.  Please enter the BonziWolrd Email address for the friend you wish to add to your friends list.
0046fc38	unicode	FUN_006db1c0	You must be logged on to add friends.  Please logon first, and then add friends to your friends list.
0046fd08	unicode	FUN_006db970	http://im.bonziworld.com/bonziworld/bwservices.asp?regnum=
0046fd84	unicode	FUN_006db970	&errcode=
0046fd9c	unicode	FUN_006db970	&name=
0046fdb0	unicode	FUN_006db970	&logon=
0046fdc4	unicode	FUN_006dc7b0	The Alias you choose cannot contain any spaces.  Please re-enter your Alias.
0046fea0	string		mnuAddFriend
0046feb0	string		fraReverse
0046febc	string		lstReverse
0047021c	unicode	FUN_006dcdf0	Please enter the first AND last names that will be used for this new account in the First and Last Names fields.
00470304	unicode	FUN_006dcdf0	The two passwords you've entered do not match.  Please re-enter them in both fields, making sure they match exactly.
004703f4	unicode	FUN_006dcdf0	?custnum=
00470410	unicode	FUN_006dcdf0	The Account Logon name you have chosen is not valid.  Your Logon Name must contain only letters and/or numbers, and be at least 6 characters length.  Also your Logon Name cannot contain spaces.
00470598	unicode	FUN_006dcdf0	Sign-Up in progress, please wait...
004705e4	unicode	FUN_006ddc40,FUN_006e1920,FUN_006f5850,FUN_006f75f0	AccountStatus
00470604	unicode	FUN_006dcdf0	You must first create a password for this account.  Your password must be alpha-numeric, and at least 6 characters long.  Also, be sure to re-enter your password a second time for verification.
0047078c	unicode	FUN_006dcdf0	&xfname=
004707a4	unicode	FUN_006dcdf0	&xlname=
004707bc	unicode	FUN_006dcdf0	&xlogon=
004707d4	unicode	FUN_006dcdf0	&xpass=
004707e8	unicode	FUN_006dcdf0	BonziWORLD Messenger Service Options
00470838	unicode		Error while processing signup info: 
00470888	unicode		You may need to make sure that you are connected to the Internet before trying to sign up for BonziWORLD Services again.
00470980	unicode	FUN_006ddc40	bwssignupsuccess
004709a8	unicode	FUN_006ddc40	<bwsEA=
004709bc	unicode	FUN_006ddc40	<bwsMS=
004709d0	unicode	FUN_006ddc40,FUN_006f75f0	AccountSignupTime
004709f8	unicode	FUN_006ddc40	Congratulations, 
00470a20	unicode	FUN_006ddc40	!  Sign-up to BonziWorld Services is complete!
00470a84	unicode	FUN_006ddc40	Your new Email address is \ctx="email"\
00470ad8	unicode	FUN_006ddc40	\rst\.
00470aec	unicode	FUN_006ddc40	The following message was received while attempting to sign up for BonziWORLD Services:  (
00470ba8	unicode	FUN_006ddc40	I've already setup this new Email account information for you on my Options screen, so you can soon begin checking and sending Email with your new account!
00470ce4	unicode	FUN_006ddc40	In addition, 
00470d00	string		mnuPopupInvite
00470d10	string		rtbOutgoing
00470d1c	string		cmbFontColor
00470d2c	string		cmbFontName
00470d38	string		mnuAnimPopup
00470d48	string		cmbFontSize
00470d54	string	0043a848,0043a84c	SessionObject
00470d64	string	0043a2b4	ContactTyping
00470d78	unicode	FUN_006ddc40	, I've saved your logon information for BonziWorld Instant Messaging, so you can also log on and begin chatting with your online friends!
00470e90	unicode	FUN_006ddc40	Please remember though, 
00470ec8	unicode	FUN_006ddc40	, it looks like the Logon Name you chose, (
00470f20	string		mnuViewAnimation
00470f34	string		fraSendText
00470f40	string		mnuClose
00470f4c	string		fraHistory
00470f5c	unicode	FUN_006ddc40	, it could take up to an hour before your account is active and you can begin chatting and emailing.  So please be patient, and keep trying for a while until you are finally able to log on.
004710dc	unicode	FUN_006ddc40	Enjoy!
004710f0	unicode	FUN_006ddc40	<bwsERR=
00471104	string		mnuSendAnimation
00471124	string		rtbHistory
00471130	string	0043a2bc	OpenSession
00471140	unicode	FUN_006ddc40	An unknown error occurred while processing this signup information.  Please close this window, make sure you are connected to the Internet, and re-open this window and attempt to sign up for BonziWORLD Services again.
004712fc	string		tmrClearStatus
0047130c	string		mnuFont
00471314	string		mnuStopBonzi
0047132c	unicode	FUN_006ddc40	), is already being used by a BonziWorld Services member.  Let's choose a different Logon Name, and try signing up again.
00471434	unicode	FUN_006ddc40	There was an unexpected Error (
00471478	unicode	FUN_006ddc40	),  while attempting to sign up for BonziWORLD Services.
004714fc	string		mnuEdit
00471508	unicode	FUN_006ddc40	One possible cause for this error is invalid characters in the Logon Name that you chose.  The Logon Name must contain only letters and spaces, and be at least 6 characters in length.
0047167c	unicode	FUN_006e52e0,FUN_006f91b0	This is what is returned when the user clicks cancel!
004716fc	unicode	FUN_006ddc40	Please check the Logon Name you chose now and make sure it doesn't contain invalid characters, and try signing up again.
004717f4	unicode	FUN_006ddc40	, it appears that we are already subscribed to BonziWorld services.  We can only subscribe once. \pau=1000\
004718d0	unicode	FUN_006e1920,FUN_006e2630,FUN_006f9fa0	VoicePitch
004718f0	unicode	FUN_006ddc40	If your Logon Name appears to be valid, or if you receive this error again, please click the 'Services' button at the bottom of this screeen for online assistance.
00471a87	string		'lblEnterPassword
00471ac4	unicode	FUN_006ddc40	There was an unexpected Error while attempting to create an email box for your BonziWORLD account.  Please click the 'Services' button at the bottom of this screeen for online assistance.
00471c4c	unicode	FUN_006e1920,FUN_006e2630,FUN_006f9fa0	VoiceSpeed
00471c68	unicode	FUN_006e2630,FUN_006f91b0	EmailAddress
00471cac	unicode	FUN_006ddc40	If you cannot remember your Logon Name or Password, don't worry.  Simply press the 'Services' button at the bottom of this screen now, and follow the links on the BonziWorld Member Services Web page for support.
00471e58	unicode	FUN_006ddc40	svrmsg
00471e6c	unicode	FUN_006df3e0,FUN_006e5890,FUN_006edaf0	\pit=
00471e7c	unicode	FUN_006df3e0,FUN_006e5890,FUN_006e8620,FUN_006edaf0	\\spd=
00471e90	unicode	FUN_006df3e0	\ This is the voice I'll use when I express your messages to your online friends.
00471f38	unicode	FUN_006e0190,FUN_006f4bc0	Privacy
00471f4c	unicode	FUN_006e0190	General
00471f60	unicode	FUN_006e0190,FUN_006f4e40	Friends
00471f74	unicode	FUN_006e0190,FUN_006f5850,FUN_006f91b0,FUN_00720240	Account
00471f88	unicode	FUN_006e1920,FUN_006e2630	AccountFirstName
00471fb0	unicode	FUN_006e1920,FUN_006e2630	AccountLastName
00471fd4	unicode	FUN_006e1920,FUN_006e2630,FUN_006fab90	ReadMessages
00471ff4	unicode	FUN_006e1920,FUN_006e2630,FUN_006fab90	NotifyOfFriends
00472018	unicode	FUN_006e1920,FUN_006e2630,FUN_006fab90	EchoMessages
00472038	unicode	FUN_006e1920,FUN_006f91b0,FUN_006fab90	False
00472060	unicode	FUN_006e4430	Please select the user to add first, by clicking on that user in the list.
00472138	string		Picture1
00472144	string		lblStatus
00472150	string		lblEmail
0047215c	string		lbltxtName
00472168	string		lbltxtEmail
00472174	string		lbltxtStatus
00472184	string		fraProperties
00472198	unicode	FUN_006e4960	User Properties
004721bc	unicode	FUN_006e4960	About the selected user
0047220c	string		NewMember
00472248	unicode	FUN_006e5890	Message expected
00472270	unicode	FUN_006e5890	Mime-Version: 1.0\r\nContent-Type: text/plain; charset=UTF-8\r\n\r\n
004722f4	unicode	FUN_006e5890	Your message could not be delivered.
00472350	unicode	FUN_006e6160	 says:
00472374	unicode	FUN_006e80c0	BonziHead
00472388	unicode	FUN_006e80c0,FUN_006ed970,FUN_006fb710	FriendlyName
004723a8	unicode	FUN_006e80c0	 is typing a message.
004723d8	unicode	FUN_00728a60	interest
004723f0	unicode	FUN_006e8620	Last message received on 
00472428	unicode	FUN_006e8620	h:mm:ss ampm
00472448	unicode	FUN_006e97f0,FUN_006f7bc0	 is online.
00472464	unicode	FUN_006e97f0	 may not reply because his or her status is set to 
004724d0	unicode		setdata
004724e4	unicode	FUN_006ea880	Content-Type: application/x-client
00472544	unicode	FUN_006ea880	Content-Type: text/x-msmsgscontrol
00472590	unicode	FUN_006ea880	TypingUser: 
004725b0	unicode	FUN_006eadf0	Invite
004725c8	unicode	FUN_006eb2e0	No other online friends to invite
00472630	unicode	FUN_006eb2e0,FUN_006f8d00,FUN_006fb710,FUN_006fd0c0,FUN_006fd970,FUN_006fdea0,FUN_00700920,FUN_00700ad0,FUN_00700f60,FUN_0071d890	Online
00472644	unicode	FUN_006eb2e0,FUN_006f8d00,FUN_006fb710,FUN_006fd0c0,FUN_006fd970,FUN_006fdea0,FUN_0071d890	Offline
00472658	unicode	FUN_006ebbe0	Black
00472668	unicode	FUN_006ebbe0	Blue
00472684	unicode	FUN_006ebbe0	Green
00472694	unicode	FUN_006ebbe0	Yellow
004726a8	unicode		Couldn't add friend, 
004726d8	unicode		, to this messaging session.  This friend may not be online at this time.
00472780	unicode	FUN_00728a60	daily
00472790	unicode	FUN_006ed970	 has been added to the conversation.
004727e0	unicode	FUN_006edaf0	\map=""=
004727f8	unicode	FUN_006edaf0	 says:"\ 
00472810	unicode	FUN_006f0900,FUN_006f8820	Shutting down...
00472838	unicode	FUN_006f1d70,FUN_006f5240	formstate
00472850	unicode	FUN_006f1d70,FUN_006f5240	maximized
00472868	unicode	FUN_006f1d70,FUN_006f5240	minimized
00472880	unicode	FUN_006f1d70,FUN_006f5240	formtop
00472894	unicode	FUN_006f1d70,FUN_006f5240	formleft
004728ac	unicode	FUN_006f1d70,FUN_006f5240	formx
004728bc	unicode	FUN_006f1d70,FUN_006f5240	formy
004728cc	unicode	FUN_006f27d0,FUN_006f2b40	Click
004728dc	unicode		 has invited us to do something.
00472924	unicode		OnLogOff
0047293c	unicode	FUN_006f4740	&log on
00472954	unicode	FUN_006f3510	Your message could not be sent to some or all of the intended recipients.
004729ec	unicode	FUN_006f3970	getattention
00472a0c	unicode	FUN_006f3970	 is requesting your attention.
00472a50	unicode	FUN_006f3ac0	text/x-msmsgscontrol
00472a80	unicode	FUN_006f3ac0	application/x-client
00472ab0	unicode	FUN_006f3ff0,FUN_006ff960	 has left the conversation.
00472aec	unicode	FUN_006f43c0,FUN_00700ad0	&Block
00472b00	unicode	FUN_006f43c0,FUN_00700ad0	&Unblock
00472b18	unicode	FUN_006f4740	log on
00472b30	unicode	FUN_006f4990	http://www.bonzi.com/support/bonziworld.htm
00472bdc	unicode	FUN_006f5850	Banana
00472bf0	unicode	FUN_006f5850	, before we can begin chatting, we need to setup your BonziWorld Services account Logon name and Password. \pau=1000\
00472ce0	unicode	00712dab,0071317d	error: 
00472cf4	unicode	FUN_00728a60	product
00472d08	unicode	FUN_006f5850	On this Account Setup screen, enter your actual first and last names. \pau=1000\
00472db0	unicode	FUN_006f5850	Then, create a Logon name and Password for your new account. \pau=1000\
00472e44	unicode	006fc78a	Error adding friend: 
00472e74	unicode	FUN_00701560	About the selected friend
00472ea8	string		BBPlayerContinue
00472ebc	unicode	FUN_00711d30	AddressLists
00472edc	unicode	FUN_00711d30	SMTP
00472eec	unicode	FUN_006f5850	This Logon Name and Password will be used to both log on to the BonziWorld Messenger Service, and to check and send BonziWorld Email. \pau=1000\
00473014	unicode	FUN_006f91b0	Error logging onto BonziBUDDY Messaging service: Service object not created.
004730b4	unicode	FUN_006fb710	onlinefriend
004730d4	unicode	FUN_006f5850	When your done creating a Logon Name and Password, click the 'Sign Up' button below to activate your account. \pau=3000\
004731cc	unicode	FUN_006f75f0	Could not logon.  Please verify that the password you are using is correct, and try logging on again.
0047329c	unicode		Friendly = 
004732c4	unicode	FUN_006f5850	Due to server loads and new account requests at BonziWorld, it may take up to an hour before your account is fully activated, and you are able to log on or check your BonziWorld Email.
0047343c	unicode	FUN_006f8d00	Friends Currently Online
00473474	unicode	FUN_006f8d00	online
00473488	unicode	FUN_006f8d00	Friends Not Online
004734b4	unicode	FUN_006f5850	, be sure to write down your password and store it in a safe place.  And, keep in mind that your password is case sensitive.\pau=1000\
004735c8	unicode	FUN_006f5850	You must setup your account before you can send or receive messages. (Click 'Tools' button)
00473684	unicode	FUN_006f5850	Log On
00473698	unicode	FUN_006f5850	If you've already signed up for a BonziWorld Services account, enter your BonziWorld Logon name and Password here, and simply click 'OK' to save this information and Logon to the BonziWorld Messenger Service.\pau=2000\
00473854	unicode	FUN_006f7bc0	 has a status of 
0047388c	unicode	FUN_006f5850	, after you've setup your BonziWorld account information and logged on, you can add friends to your friends list by clicking on the 'Friends' tab.\pau=1000\
004739cc	unicode	FUN_006f5850	Then, we can begin chatting!
00473a0c	unicode	FUN_006f5850	congratulate
00473a40	unicode	FUN_006f7bc0	 is offline.
00473a60	unicode	FUN_006f8d00	offline
00473a74	unicode	FUN_006f75f0	, we are not yet able to logon to this service.  Your account is probably not yet fully active.  It may take up to an hour after signing up for us to be able to log on.  Please wait a while for our account to become active, and try logging on again.
00473c70	unicode	FUN_006f75f0	Could not logon.  Your account may not be fully active yet.  It may take up to an hour after signing up for you to be able to log on.  Please wait a while for your account to become active, and try logging on again.
00473e24	unicode	FUN_006f75f0	BonziWORLD Services Logon
00473e5c	unicode	FUN_006f91b0	You must setup your BonziWORLD Account information on the Account screen before you can logon and begin chatting.
00473f44	unicode	FUN_006f91b0	Click on the 'Tools' button on the toolbar, then click on the 'Account' tab.
00473ff0	unicode	FUN_006fb710	State
00474000	unicode	FUN_006fb710	offlinefriend
00474020	unicode	FUN_006fb710	allow
00474040	unicode		Error logging onto BonziBUDDY Instant Messaging service.  Please re-check your logon name and password on the Tools -> Account screen.
00474154	unicode	FUN_006fa3c0	 (Not Logged On)
0047417c	unicode	FUN_006faec0	&Log Off
004741a0	unicode	FUN_006faec0	&Log On
004741b4	unicode	FUN_006faec0,FUN_006fd970,FUN_00700f60	Send
004741c4	unicode	FUN_006faec0,FUN_006fd970,FUN_00700f60	Remove
004741f4	unicode	FUN_006fb710	 (Blocked) 
00474210	unicode	FUN_006fd970,FUN_006fdea0	 is currently offline.  Would you like to send them a BonziMAIL Message?
004742a8	unicode	FUN_006fd970	Tools
004742b8	unicode	FUN_006fdea0	Mail
004742c8	unicode	FUN_006fdea0,FUN_0071d890	Busy
004742e4	unicode	FUN_006fdea0,FUN_0071d890	Away
004742f4	unicode	FUN_006fdea0	Phone
00474304	unicode	FUN_006fdea0	Lunch
00474310	unicode	FUN_006fed80	Members
00474324	unicode	FUN_00700200	__SESSION_ID__
00474344	unicode	FUN_007002f0	EmailAddress
00474364	unicode	FUN_00700ad0	 (Blocked)
00474380	unicode	FUN_00701560	Friend Properties
004743a4	unicode	FUN_00711d30	AddressEntries
004743c4	unicode	FUN_00711d30	Type
004743d4	unicode	FUN_00701fa0	Cannot add friend to list.  A friend with this alias is already in the list.
004744b0	string	0043a4b0,0043a4b4	BBPlayerIsPlaying
004744c4	string	0043a4b8,0043a4bc	BBPlayerWasInterrupted
004744dc	string	0043a4c8	FireBBPlayerStop
004744f0	string	0043a4cc	FireBBPlayerContinue
00474508	string	0043a4d0	FireBBPlayerShutDown
00474520	string	0043a4d4	BBPlayerStartup
00474530	string	0043a4d8	BBPlayerShutDown
00474544	string	0043a4dc	BBPlayerPausePlayback
0047455c	string	0043a4e0	BBPlayerResumePlayback
00474574	string	0043a4e4	IsConnected
00474580	string		BBPlayerStop
00474594	unicode	FUN_007029f0	Shutting down BBPlayer.
004745c8	unicode	FUN_007029f0	FireBBPlayerShutDown
004745f8	unicode	FUN_00702be0	BBPlayerPausePlayback
00474628	unicode	FUN_00702e00	BBPlayerResumePlayback
0047465c	unicode	FUN_00702e00	Continuing Playback
00474688	unicode	FUN_00702e00	Continued Playback
004746b8	string		__vbaVarNeg
004746d4	unicode	FUN_0070a380	.cFlatControl
0047471c	unicode	FUN_007084d0	hPal
0047474c	string		ScreenToClient
00474794	string		InflateRect
004747d8	string		OffsetRect
00474820	string		IsWindowEnabled
00474868	string		GetSystemMetrics
004748b4	string		InvalidateRect
004748fc	string		SetTimer
00474940	string		KillTimer
00474984	string		GetWindowRect
00474994	unicode	FUN_0070a380	hWnd
004749e8	string		PtInRect
00474a2c	string	00474a3c	olepro32.dll
00474a74	string		FindWindowExA
00474abc	string		GetWindow
00474b00	string		GetFocus
00474b40	string		hWndAttach
00474b4c	string		DroppedDown
00474b70	unicode	FUN_0070a380	Incorrect control type passed to 'Attach' parameter - must be a control with a hWnd property.
00474c30	unicode	FUN_0070a380	ImageCombo
00474c4c	unicode	FUN_0070a380	ComboBox
00474c64	unicode	FUN_0070a380	OwnerDrawComboList
00474c8c	unicode	FUN_0070a380	Parent
00474c9c	unicode	FUN_0070a380	Left
00474cb0	unicode	FUN_0070a380	Width
00474cbc	unicode	FUN_0070a380	Height
00474ccc	unicode	FUN_0070a380	Move
00474cd8	string		__vbaVarLateMemCallLdRf
00474cf0	unicode	FUN_00711d30	Address
00474d50	unicode	FUN_0070d8a0	Clear
00474d5c	unicode	FUN_0070d8a0	AddItem
00474d70	unicode	FUN_0070dcd0,FUN_0070e580	XPos
00474d80	unicode	FUN_0070dcd0	-200
00474d90	unicode	FUN_0070dcd0,FUN_0070e580	YPos
00474de0	unicode	FUN_00711370	\*.*
00474df0	unicode	FUN_00711d30	Outlook.Application
00474e1c	unicode	FUN_00711d30	MAPI
00474e28	unicode	FUN_00711d30	GetNameSpace
00474e48	unicode	00712d9d	LoadBonziMailSettings
00474e78	unicode	0071316f	SaveBonziMailSettings
00474eb4	string	0043a7f8,0043a7fc	ContactName
00474ec0	string	0043a800,0043a804	ContactObject
00474ed0	string	0043a808,0043a80c	ListCount
00474edc	string	0043a810,0043a814	Ignored
00474efc	unicode		Error adding contact: 
00474f30	unicode		Error removing contact: 
00474f73	string		LSessionName
00474f80	string	0043a83c,0043a840	SessionForm
00474fa8	unicode	FUN_00715130	R&egistration
00474fc8	unicode		Error adding new session: 
00475004	unicode	FUN_00715130	Bonzi Buddy
00475020	unicode	FUN_00715130	My &Home
00475038	unicode	FUN_00715130	&Browse
0047504c	unicode	FUN_00715130	&Search
00475060	unicode	FUN_00715130	&Read Web Page
00475084	unicode	FUN_00715130	S&peak
00475098	unicode	FUN_00715130	S&ing a Song
004750b8	unicode	FUN_00715130	Tell a &Joke
004750d8	unicode	FUN_00715130	Ama&zing Facts
004750fc	unicode	FUN_00715130	Tell Me Some Trivia
00475128	unicode	FUN_00715130	Speech Reco&gnition
00475154	unicode	FUN_00715130	&Calendar
0047516c	unicode	FUN_00715130	Sa&lutation
00475188	unicode	FUN_00715130	&Advanced Options
004751b0	unicode	FUN_00715130	Ta&ke a Break
004751d0	unicode	FUN_00715130	My &Online Help
004751f4	unicode	FUN_00715130	&Update Me
00475210	unicode	FUN_00715130	&Tell Your Friends About Me!
00475250	unicode	FUN_00715130	E&xit
00475260	unicode	FUN_00715130	Goodbye
00475274	unicode	FUN_00715130	What's New?
00475290	unicode	FUN_00715130	How are you?
004752b0	unicode	FUN_00715130	What time is it?
004752d8	unicode	FUN_00715130	What is the date?
00475300	unicode	FUN_00715130	I'm doing well.
00475324	unicode	FUN_00715130	I'm not doing well.
00475354	unicode	FUN_00715130	Check for new Add-Ons
00475384	unicode	FUN_00715130	Bonzi and the Polizoof
004753b8	unicode	FUN_00715130	Bonzi and the Treasure Chest
004753f8	unicode	FUN_00715130	Download Manager
00475420	unicode	FUN_00715130	Entertainment Center
00475450	unicode	FUN_00715130	Instant Messenger
00475478	unicode	FUN_00715130	Check Mail
00475494	unicode	FUN_0071ba50	entering
004754ac	unicode	FUN_0071ba50	EncryptText
004754c8	unicode	FUN_0071ba50	exiting
004754dc	unicode	FUN_0071c110,FUN_0071c850	.temp
004754ec	unicode	0071c6f5	Error Reading File:  
0047551c	unicode	0071ce69	Error Decrypting File:  
00475560	string		__vbaMidStmtBstr
004755a0	unicode	FUN_0071d890	Invisible
004755b8	unicode	FUN_0071d890	Be Right Back
004755d8	unicode	FUN_0071d890	On The Phone
004755f8	unicode	FUN_0071d890	Out To Lunch
00475618	unicode	FUN_0071d890	Finding Server...
00475640	unicode	FUN_0071d890	Connecting...
00475660	unicode	FUN_0071d890	Synchronizing...
00475688	unicode	FUN_0071d890	Disconnecting...
004756b0	unicode	FUN_0071db40	Contact
004756c4	unicode	FUN_0071db40	Allow
004756d4	unicode	FUN_0071db40	Block
004756e4	unicode	FUN_0071db40	Reverse
00475733	string		 txtPassword2
00475744	string		txtOldPassword
00475758	unicode	FUN_0071e8c0	InstallIt
00475770	unicode	FUN_00721650,FUN_00728a60	false
004757fc	unicode	FUN_007221b0	BBProductList
0047581c	unicode	FUN_007221b0	Count
0047582c	unicode	FUN_007221b0	ProductURL
00475848	unicode	FUN_007221b0,FUN_0072f8c0,FUN_00731390,FUN_007320b0	Product
0047585c	unicode	FUN_007221b0	Code
0047586c	unicode	FUN_007221b0	Size
0047587c	unicode	FUN_007221b0	SizeUnits
004758b4	unicode	FUN_007221b0	Description
004758d0	unicode	FUN_007221b0	http://secure.bonzi.com/bonzibuddy/goldmembers/
00475934	unicode	FUN_00723780	We have not yet installed the 
00475978	unicode	FUN_00723780	The good news is 
004759b0	unicode	FUN_007284f0	main
004759c4	unicode	FUN_00723780	, you and I are \emp\already BonziBUDDY Gold Members and we can install our software right now!
00475a88	unicode	FUN_00723780	Simply click on the Install Now button and I will take care of it for you!
00475b24	unicode	FUN_007242f0	Total Size:  
00475b44	unicode	FUN_007242f0	 KB - Approximate Download Time:  
00475b90	unicode	FUN_007242f0	hh:nn:ss
00475bac	unicode	FUN_00724d00	HeardGoldFormIntro
00475bd8	unicode	FUN_00724d00	Explain4
00475bf0	unicode	FUN_00724d00	Right on [username]! We now have Gold Member Status!
00475c60	unicode	FUN_00724d00	We now have access to \emp\all of my very cool add-ons and enhancements!
00475cf8	unicode	FUN_00726040	Please enter a password.
00475d30	unicode	FUN_00727520	BBGoldPasswordChangeResponse
00475d80	unicode	FUN_00724d00	To download any add-on or enhancement, simply select it from the 'Available Add-Ons' list and then select 'Add'. Depending on how much time you have, you can select \emp\only the add-ons you would like to download for now, and \emp\always come back later for the rest!  When you are done selecting the add-ons you would like to install, click the 'Install Now' button and I will take care of it for you!
004760ac	unicode	FUN_00726040	Please enter a password that is 6 or more characters in length.
00476130	unicode	FUN_00726040	Please enter the same password twice.
00476180	unicode	FUN_00726040	Please enter your current password.
0047624c	unicode	FUN_00726960	</NEWPASSWORD>
00476290	unicode	FUN_00727520	, your password has been changed.
00476313	string		5lblLabels
00476324	unicode	FUN_00728140	Invalid password, please try again!
00476370	unicode	FUN_00728140	{Home}+{End}
004763bc	string	00476404	C:\WINNT\System32\BonziTapFilters.dll
004763e4	string	00476408	BonziTapFilters
00476420	unicode	FUN_00728a60,FUN_00731390	InterestsHeard\
00476444	unicode	FUN_00728a60	news
00476454	unicode	FUN_00728a60,FUN_00731390	NewsHeard\
00476470	unicode	FUN_00728a60	clsCommandDownloadFile
004764b4	unicode	FUN_00728a60	clsCommandHTTPPost
004764f0	unicode	FUN_00728a60	clsCommandMsgBox
00476528	unicode	FUN_00728a60	clsCommandMsgBoxOnYes
00476568	unicode	FUN_00728a60	clsCommandMsgBoxOnNo
004765a8	unicode	FUN_00728a60	clsCommandOpenWeb
004765e4	unicode	FUN_00728a60	clsCommandSetIEHomePage
00476628	unicode	FUN_00728a60	clsCommandPlay
0047665c	unicode	FUN_00728a60	clsCommandRaiseEvent
0047669c	unicode	FUN_00728a60	clsCommandSpeak
004766d0	unicode	FUN_0072d0d0,FUN_00733ff0	ServerLoad
004766ec	unicode	FUN_0072d0d0,FUN_00733ff0	+ 15 n
00476700	unicode	FUN_0072d0d0	NextServerLoad
00476724	unicode	FUN_0072d0d0	LoadUpServers
00476744	unicode	FUN_0072d0d0	Time for forced product tap
004767a0	unicode	FUN_0072d0d0	Forced product tap in 
004767d4	unicode	FUN_0072d870	I've just checked, and there are no new updates for me at this time. | Nothing new right now, but check back often to keep me up to date. | There are no updates for me right now.
00476940	unicode	FUN_0072da30,FUN_0072dc70	Nothing right now, 
0047698c	unicode		Playing a Update tap
004769bc	unicode		No Update Tap Found
004769e8	unicode	FUN_0072e430	Virus-Alerts
00476a08	unicode		Playing a VirusAlert tap
00476a40	unicode		No VirusAlert Tap Found
00476a74	unicode		Playing a news tap
00476aa0	unicode		No News Tap Found
00476ac8	unicode	FUN_0072ef10	+ 30 n
00476adc	unicode	FUN_0072ef10,FUN_00733ff0	FirstTimeInterval
00476b04	unicode	FUN_0072ef10	+ 2 n
00476b14	unicode	FUN_0072f150,FUN_0072f310	NextTapDateTime
00476b38	unicode	FUN_00730430	<udcode=BNZ>
00476b5c	unicode	FUN_0072f480,FUN_00733ff0	NextDownloadDateTime
00476b8c	unicode		running a tap
00476bac	unicode	FUN_00730430	<content type="update"
00476be0	unicode	FUN_00730430,FUN_00733ff0	</content>
00476bfc	unicode	FUN_00730430	<serverversion
00476c2c	unicode	FUN_00730430,FUN_00733200	maj="
00476c3c	unicode	FUN_00730430	min="
00476c4c	unicode	FUN_00730430	rev="
00476c5c	unicode	FUN_00730430	<downloadfile
00476c7c	unicode	FUN_00730430	href="
00476c90	unicode	FUN_00730430	<udurl=http://download.bonzi.com/freebuddy/wd/bbsmartsetup.exe>
00476d14	unicode	FUN_00736070	ignore
00476d28	unicode	FUN_00730430	<udsize=162>
00476d48	unicode	FUN_00730430	<apromptu2=Update News! Update News! Wow {username}! I just learned that there is a new Free update available for little ol' me! {username}, would you like me to update myself now?>
00476eb8	unicode	FUN_00730430	<aexityesu2=[pl=Acknowledge]>
00476ef8	unicode	FUN_00733200	</RegNum>
00476f10	unicode	FUN_00730430	<aintrou2=[pl=Wave][sp=Update News! Update News!][pl=GetAttention2][pl=Explain][sp=Wow {username}! I just learned that there is a new \emp\Free update available for little ol' me!][pl=Explain3][sp= {username}, would you like me to update myself now?]>
0047710c	unicode	FUN_00730430	<aexitnou2=[pl=Explain3][sp=Ok {username}, but let me take a quick note to remind us of this later! I'm very excited to show you this new update!][pl=Write][pl=PleasedHard]>
0047726c	unicode	FUN_00730bd0,FUN_00733200	Software\VB and VBA Program Settings\BonziBUDDY\News
004772dc	unicode	FUN_00730ce0	update
004772f0	unicode	FUN_007310c0	bonzibuddymailcontent
00477320	unicode	FUN_007310c0	not connected
00477340	unicode	FUN_007310c0	connected
00477358	unicode	FUN_00731390,FUN_00732300	Interest
00477370	unicode	FUN_00732300	Interests
00477388	unicode	FUN_00732300	virus-alerts
004773a8	unicode	FUN_00732300	headlines
004773c0	unicode	FUN_00733200	LastDownloadDateTime
004773f0	unicode	FUN_00733200	" min="
00477404	unicode	FUN_00733200	" rev="
0047743c	string		GetTimeZoneInformation
004774a8	unicode	FUN_00733200	Software\VB and VBA Program Settings\BonziBUDDY\Products
00477520	unicode	FUN_00733200	</Products>
0047753c	unicode	FUN_00733200	<Interests>
00477558	unicode	FUN_00733200	Software\VB and VBA Program Settings\BonziBUDDY\Interests
004775d0	unicode	FUN_00733200	</Interests>
004775f0	unicode	FUN_00733200	<News>
00477604	unicode	FUN_00733200	</News>
00477618	unicode	FUN_00733200	<News></News>
00477638	unicode	FUN_00733200	<News>Headlines~Virus-Alerts</News>
00477684	unicode	FUN_00733200	~Virus-Alerts</News>
004776b4	unicode	FUN_00733200	<?xml version="1.0"?>
004776e4	unicode	FUN_00733200	<BonziRequest Type="content" Action="stream" Subject="BonziBUDDYTapData" LastTapData="
00477798	unicode	FUN_00733200	" Reply="XML" UserInit="
004777dc	unicode	FUN_00733200	<ClientVersion 
00477800	unicode	FUN_00733200	<GMTOffset>
0047781c	unicode	FUN_00733200	</GMTOffset>
0047783c	unicode	FUN_00733200	<RegNum>
00477854	unicode	FUN_00733200	</BonziRequest>
00477878	unicode	FUN_00733200	GetTapData
00477894	unicode	FUN_00733ff0	BonziContent
004778b4	unicode	FUN_00733ff0	Expires
004778c8	unicode	FUN_00733ff0	+ 1 h
004778d8	unicode	FUN_00733ff0	FirstTap
004778f0	unicode	FUN_00733ff0	<content type="bonzibuddymail"
00477934	unicode	FUN_00733ff0	server
00477948	unicode	FUN_00733ff0	user
00477958	unicode	FUN_00733ff0	password
00477970	unicode	FUN_00733ff0	scheme
00477980	unicode	FUN_00736070,FUN_00736c00	NextContent
0047799c	unicode	FUN_00736070	<?xml version="1.0" ?>
004779d0	unicode	FUN_00736070	&amp;
004779e0	unicode	FUN_00736070	bonzibuddymail
00477a04	unicode	FUN_00737570	Software\VB and VBA Program Settings\BonziBUDDY\NewsHeard
00477a7c	unicode	FUN_00737570	Software\VB and VBA Program Settings\BonziBUDDY\NewsHeard\
00477af8	unicode	FUN_00737af0	LastCacheClear
00477b1c	unicode	FUN_007381f0,FUN_00738400	RegSuppress
00477b38	unicode	FUN_007381f0,FUN_00738400	RegDismissedCount
00477bc0	string		FToolTip
00477bcd	string		ToolTip
00477c0a	string		tmrToolTip
00477c8c	string		frmMusicLicense
00477cd6	string		lblMusic
00477d68	string		frmAddressProperties
00477d81	string		Address Book Entry
00477df2	string		cmdCancel
00477e00	string		&Cancel
00477e1f	string		txtAddress
00477e40	string		txtName
00477e69	string		E-Mail Address:
00477e90	string		Label1
00477e9b	string		Name:
00477f18	string		frmGoldChangePassword
00477f32	string		Change Gold Member Password
00477f80	string		txtOldPassword
00477fa5	string		txtPassword2
00477fc8	string		txtPassword
00477fea	string		cmdCancel
00477ff8	string		&Cancel
00478047	string		Current Password:
00478079	string		Confirm New Password:  
004780a6	string		Label1
004780b1	string		New Password:  
00478134	string		frmGoldLogin
00478145	string		Gold Membership Login
004781a1	string		Gold Member Logon Information
004781d4	string		cmdCancel
004781e2	string		&Cancel
00478201	string		chkSavePassword
00478215	string		Remember my password when logging in.
00478252	string		cmdLogin
0047825f	string		&Login
0047827d	string		txtEmail
0047829c	string		txtPassword
004782d0	string		Password:
004782fc	string		Email Address:
00478384	string		ppAppearance
00478395	string		Appearance
004783c3	string		cboDateTipFormat
004783e1	string		cboDateTipFormat
00478426	string		chkDateTipEnabled
0047843c	string		Date Tip Enabled
00478464	string		cboDayFormat
004784b2	string		cboStartOfWeek
004784e0	string		chkDisplayDOW
004784f2	string		Display Days Of Week
0047851e	string		cboStyle
00478540	string		cboLineStyle
00478568	string		Labels
00478573	string		Date Tip Format:
004785a2	string		Labels
004785ad	string		Day Name Format:
004785dc	string		Labels
004785e7	string		Start Of Week:
00478614	string		lblGeneral
00478623	string		Calendar Style:
00478651	string		lblGeneral
00478660	string		Line Style:
004786e8	string		frmDownloaderOptions
00478701	string		Bonzi's Download Manager - Options
0047875a	string		fraOptions1
0047876a	string		Downloading Options
00478793	string		chkIntegrate
004787a4	string		Integrate Download Manager with Internet Explorer
004787eb	string		chkNotify
004787f9	string		Notify Me on Startup of Files to Download or Install
00478843	string		chkAutoRun
00478852	string		Launch or Install File After Download Completes
00478897	string		chkPromptSave
004788a9	string		Prompt for a File Name Before Downloading
004788eb	string		picOptions
00478918	string		fraSample4
00478927	string		Sample 4
00478948	string		picOptions
00478975	string		fraSample3
00478984	string		Sample 3
004789a5	string		picOptions
004789d2	string		fraSample2
004789e1	string		Sample 2
00478a00	string		cmdCancel
00478a0e	string		&Cancel
00478ab0	string		frmConnectionType
00478ac6	string		How should we connect to the Internet?
00478f89	string		fraConnectType
00478f9c	string		Select Our Internet Connection Type:
00478fd6	string		optLAN
00478fe1	string		Always connected to the Internet (LAN, T1, ISDN, Cable Modem, etc.)
00479045	string		Using America Online (AOL)
00479075	string		optModem
00479082	string		Using a dial-up modem
004790bc	string		In order for me to best help you in our Internet travels together, I need to know how we connect to the Internet.  Select the option below which describes how we connect to the Internet.  
004791ec	string		CalendarVB
0047921c	string		ppAppearance
0047922b	string		StandardFont
0047923a	string		StandardColor
0047924a	string		StandardPicture
00479263	string		tmrResize
00479288	string		ctlFocus
004792c8	string		cboPeriod
004792eb	string		imgIcon
00479614	string		mnuPopup
00479623	string		PopupMenu
00479638	string		mnuNextPeriod
0047964a	string		Next Period
0047965f	string		mnuPrevPeriod
00479671	string		Previous Period
0047968a	string		mnuCalendarType
0047969e	string		Calendar Types
004796b8	string		mnuCalTypeMonth
004796cc	string		Month
004796db	string		mnuCalTypePeriod
004796f0	string		Period
00479700	string		mnuCalTypeWeek
00479722	string		mnuCalendarStyle
00479737	string		Calendar Style
00479751	string		mnuStyleNoLine
00479764	string		No Line
00479775	string		mnuStyle3D
00479790	string		mnuStyleFlat
004797af	string		mnuStyleSunken
004797c2	string		Sunken
0047999c	string		frmEmailQueue
004799ae	string		BonziBUDDY Message Queue
00479ac8	string		wwwwwwwwwwwwwp
00479bf8	string		wwwwwwwwwwwwwp
00479e41	string		InetCtlsObjects.Inet
00479ed3	string		cmdRetry
00479ee0	string		&Retry
00479efc	string		cmdSend
00479f27	string		tmrReloadMsgs
00479f50	string		cmdClose
00479f5d	string		&Close
00479f7b	string		lviewQueue
00479f89	string		MSComctlLib.ListView
0047a058	string		Subject
0047a080	string		Created
0047a0a8	string		Send Attempts
0047a0c7	string		UTDNSLibCtl.DNS
0047a16c	string		frmInput
0047aaa1	string		cmdCancel
0047aaaf	string		&Cancel
0047aacc	string		fraQuestion
0047aaee	string		txtAnswer
0047ab11	string		lblDescription
0047ab94	string		frmProgress
0047aba4	string		BonziBUDDY Update Progress
0047b4ba	string		fraProgress
0047b4ca	string		Update Progress
0047b4f8	string		MSComctlLib.ProgressBar
0047b5e0	string		frmGoldPasswordEntry
0047b5f9	string		Please enter your Gold Member Password
0047bf51	string		cmdCancel
0047bf5f	string		Cancel
0047bf7d	string		txtPassword
0047bfa8	string		lblLabels
0047bfb6	string		&Password:  
0047c03c	string		frmAddFile
0047c04b	string		Add File to Download List
0047c4dc	string		fraAddFile
0047c4eb	string		File Information
0047c52e	string		txtDescription
0047c55e	string		File URL (Internet Address)
0047c591	string		lblDescription
0047c5a4	string		File Description
0047c5cd	string		CancelButton
0047c5de	string		Cancel
0047c5fc	string		OKButton
0047c623	string		imgInstruction
0047ca88	string		lblInstruction
0047ca9b	string		Enter or change the location (URL) of the file to add to the download list.  You can also enter a description for the file.
0047cb8c	string		frmEmailConfirm
0047cbaa	string		 - E-Mail Adress Confirmation
0047d4d2	string		E-Mail Address Confirmation:
0047d57f	string		txtAddress
0047d5a0	string		txtAddressConfirm
0047d5c8	string		cmdCancel
0047d5d6	string		Cancel
0047d623	string		E-Mail Address:
0047d64a	string		Label1
0047d655	string		Re-Enter E-Mail Address:
0047d6e4	string		frmNBProgress
0047d6f6	string		Optimizing Internet Connection...
0047d7e0	string		wwwwwwwww
0047dbad	string		fraOptimize
0047dbbd	string		Optimizing Your Internet Connection for a LAN...
0047dc03	string		ProgressBar1
0047dc13	string		MSComctlLib.ProgressBar
0047dc99	string		imgOptimize2
0047dd68	string		wwwwwwwww
0047e0fc	string		imgOptimize1
0047e2dc	string		frmAppointment
0047e2ef	string		Add New Appointment or Task
0047ec2e	string		cmdDelete
0047ec3c	string		&Cancel
0047ec64	string		Appointment or Task
0047ec8d	string		txtDatePicker
0047ecbf	string		fraDivider
0047ece0	string		cboDueHour
0047ed0a	string		cboDueAMPM
0047ed9b	string		chkRemind
0047eda9	string		Reminder:
0047edd3	string		Time:
0047edf0	string		lblReminderTime
0047ee20	string		Label1
0047ee2b	string		Enter or edit the appointment or task below and select the appointment time.  If you like, select a reminder time and I will remind you of your appointment in advance.
0047ef48	string		frmDialog
0047ef56	string		BonziBUDDY
0047f860	string		chkStopIt
0047f86e	string		Don't Prompt Me Again
0047fd3e	string		lblPrompt
0047fdc0	string		frmBBIMDialog
0047fddd	string		 Logon Password Required
00480c6d	string		txtPass
00480c92	string		CancelButton
00480ca3	string		Cancel
00480cc1	string		OKButton
00480ce8	string		lblEnterPassword
00480cfd	string		Please enter your logon password.
00480d94	string		frmCalendarReminder
00480dac	string		BonziBUDDY Scheduled Reminder! 
004813e7	string		DDDDDDDDDDDDDD
004813f7	string		DDDDDDDDDDDDDD
0048154c	string		&Dismiss
0048156c	string		fraMain
0048158a	string		lblReminder
00481bd2	string		DDDDDDDDDDDDDD
00481be2	string		DDDDDDDDDDDDDD
00481d74	string		frmBBIMReverseList
00481d8b	string		Who has added me as a friend?
00482c20	string		fraReverse
00482c2f	string		These users have me listed:
00482c60	string		lstReverse
00482c7b	string		Right-click on a user in this list for options.
00482cb5	string		OKButton
00482cc2	string		&Close
00482ce1	string		mnuListPopUp
00482d00	string		mnuAddFriend
00482d11	string		&Add to My Friends List
00482d4b	string		mnuProperties
00482d5d	string		&Properties
00482dd4	string		frmBBIMUserProperties
00482df9	string		 User Properties
00483c83	string		Picture1
00483ca7	string		fraProperties
00483cb9	string		About the selected user
00483ce6	string		lbltxtName
00483d09	string		lbltxtEmail
00483d2d	string		lbltxtStatus
00483d5e	string		Name:
00483d7b	string		lblEmail
00483d88	string		Email Address:
00483dae	string		lblStatus
00483dbc	string		Status:
00483ddd	string		cmdClose
00483dea	string		&Close
00483e75	string		BonziBUDDY Bargain Hunter - Save Money!
0048479c	string		chkStopIt
004847aa	string		Don't Prompt Me Again
00484823	string		lblPrompt
00484f54	string		frmMailSetup
00484f65	string		Bonzi's E-Mail Reader - Options
00485882	string		fraUserInfo
00485892	string		E-Mail Server Account Information:
004858ca	string		txtServerSMTP
004858ee	string		txtAddress
00485911	string		cmdTest
0048591d	string		&Test
00485938	string		txtServer
00485958	string		txtPass
0048597d	string		txtName
0048599b	string		lblServerSMTP
004859ad	string		Outgoing Mail Server (SMTP):
004859e1	string		lblAddress
004859f0	string		E-mail Address:
00485a17	string		imgMail
00485b3e	string		wwwwwwwwwwww
00485e75	string		lblServer
00485e83	string		Incoming Mail Server (POP3):
00485ec3	string		Password:
00485ef0	string		Account Name:
00485f15	string		lblDescAcct
00485f25	string		Please enter your E-Mail Server account information below.
00485f76	string		fraInterval
00485f86	string		Check/Read E-Mail Time Interval:
00485fbc	string		txtCheckInterval
00485fe8	string		imgInterval
00486312	string		lblInterval2
00486323	string		minute(s).
00486345	string		lblInterval1
00486356	string		Check for new mail every
00486392	string		I can automatically check and read new e-mail messages for you. From here, you can adjust how often you would like me to check and read you new mail messages.
00486447	string		cmdSave
00486470	string		cmdCancel
0048647e	string		&Cancel
0048649d	string		tabMailOptions
004864af	string		MSComctlLib.TabStrip
00486551	unicode		UserInfo
00486585	unicode		Interval
0048660c	string		frmAgent
00486619	string		BonziBUDDY
00486f1f	string		tmrEventQueueTimeout
00486f4f	string		tmrBonziEventQueue
00486f7d	string		tmrWakeUp
00486fa2	string		tmrCharacterMove
00486fce	string		lstRandomizer
00486ff4	string		tmrUnload
00487019	string		tmrIgnoreEvents
00487042	string		txtDebugData
0048706d	string		tmrCharacterAction
00487099	string		RegiCon1
004870a5	string		RegistryControl.RegiCon
00487149	string		wsConnected
00487158	string		MSWinsockLib.Winsock
004871b1	string		InetReReg
004871be	string		InetCtlsObjects.Inet
00487240	string		InetCtlsObjects.Inet
004872ab	string		InetGoldSiteAccess
004872c1	string		InetCtlsObjects.Inet
0048732c	string		InetBonziTaps
0048733d	string		InetCtlsObjects.Inet
004873a8	string		Agent1
004873b2	string		AgentObjectsCtl.Agent
004873f1	string		mnuPopup
00487400	string		PopUpMenu
00487415	string		mnuMain
00487423	string		Main Menu...
00487439	string		mnuMyHome
00487447	string		My Home
00487458	string		mnuSearch
00487466	string		Search
00487476	string		mnuBrowse
00487484	string		Browse
004874ae	string		mnuInternetServices
004874c8	string		My Services...
004874e2	string		mnuServices
004874f2	string		TRAVEL
00487504	string		mnuAirline
00487513	string		Airline Reservations...
00487534	string		mnuCarRentals
00487546	string		Car Rentals...
0048755e	string		mnuHotel
0048756b	string		Hotel Reservations...
0048758b	string		mnuIS_Gifts
0048759b	string		GIFT IDEAS
004875b1	string		mnuIS_GiftsItem1
004875c6	string		Flowers...
004875da	string		mnuIS_GiftsItem2
004875ef	string		Gift Baskets...
00487608	string		mnuIS_GiftsItem3
0048761d	string		Birthdays...
00487634	string		mnuIS_Books
00487655	string		mnuIS_BooksItem1
0048766a	string		Search by Title...
004876a0	string		mnuIS_BooksItem2
004876b5	string		Browse by Subject...
004876ed	string		mnuIS_BooksItem3
00487702	string		BestSellers...
0048771a	string		mnuIS_BooksItem4
0048772f	string		Childrens...
00487746	string		mnuIS_Movies
00487757	string		MOVIES
00487767	string		mnuIS_Music
00487777	string		MUSIC
004877a3	string		mnuTopTen
004877b1	string		My Favorite Sites
004877d0	string		mnuTopSitesList
004877f3	string		mnuTopSitesList
00487816	string		mnuTopSitesList
00487839	string		mnuTopSitesList
0048785c	string		mnuTopSitesList
0048787f	string		mnuTopSitesList
004878a1	string		mnuReadWeb
004878b0	string		Read Web Page
004878c7	string		mnuIEDownload
004878d9	string		Get the Latest Version of Internet Explorer
0048792a	string		mnuCheckAddons
0048793d	string		Check for New Add-Ons...
0048795f	string		mnuCheckForNews
00487975	string		Check for Breaking News...
00487999	string		mnuCheckForVirusAlerts
004879b6	string		Check for Virus Alerts...
004879d9	string		mnuNBSetp2
004879f5	string		mnuVoiceCommands
00487a0a	string		Open Voice Commands Window
00487a2e	string		mnuSpeak
00487a3b	string		Speak
00487a56	string		Tell a Joke
00487a6b	string		mnuFact
00487a77	string		Tell an Amazing Fact
00487a95	string		mnuSing
00487aa1	string		Sing a Song
00487ab6	string		mnuCalendar
00487ac6	string		Calendar
00487ad8	string		mnuGames
00487ae5	string		Play Games
00487afb	string		mnuGamesGamesville
00487b14	string		Gamesville
00487b28	string		mnuGamesCasinoGames
00487b42	string		Casino Games
00487b58	string		mnuGamesSportsbook
00487b6f	string		Online Games
00487b85	string		mnuSepGames1
00487ba3	string		mnuGamesBonziBUDDYGames
00487bbf	string		BonziBUDDY Games
00487bd9	string		mnuGamesBonziCHECKERS
00487bf5	string		Bonzi's Beach Checkers
00487c15	string		mnuGamesBonziJungleJigsaw
00487c35	string		Bonzi's Jungle Jigsaw
00487c54	string		mnuGamesBonziSolitaire
00487c71	string		Bonzi's Solitaire
00487c8d	string		mnuReadStoryGroup
00487ca5	string		Read Stories
00487cbd	string		mnuReadStoryAlphanet
00487cd6	string		Bonzi and the Alpha-net!
00487cf8	string		mnuReadStoryInternet
00487d11	string		Bonzi and the Internet!
00487d32	string		mnuReadStoryPolizoof
00487d4b	string		Bonzi and the Polizoof!
00487d6c	string		mnuReadStoryTreasureChest
00487d8a	string		Bonzi and the Treasure Chest!
00487db2	string		mnuSep16
00487dcc	string		mnuBonziMAIL
00487ddd	string		BonziBUDDY E-Mail
00487dfa	string		mnuWriteEmail
00487e0c	string		New Message
00487e24	string		mnuEMAIL
00487e31	string		Check for E-Mail...
00487e69	string		mnuSaveYouMoney
00487e7f	string		Save You Money...
00487e9a	string		mnuDownloadManager
00487eb3	string		Download Files...
00487ece	string		mnuECenter
00487edf	string		Play Video && Audio...
00487f1b	string		mnuInternetAlert
00487f32	string		Protect Yourself On The Internet...
00487f5f	string		mnuNetBoost
00487f71	string		Speed Up Your Internet Connection...
00487f9f	string		mnuWallet
00487faf	string		My Wallet
00487fdf	string		mnuBonziWorld
00487ff3	string		BonziWORLD Services
0048801c	string		Instant Messaging...
0048803a	string		mnuBWEMail
00488049	string		Check our BonziWORLD Mailbox...
0048808c	string		mnuBWMember
0048809c	string		Become a BonziWORLD Member...
004880e0	string		mnuTellFriends
004880f3	string		Share Me With Friends
00488112	string		mnuUpdate
00488120	string		Update Me
00488133	string		mnuSetup
00488140	string		My Options
00488156	string		mnuOptionsSettings
0048816d	string		Settings
0048817f	string		mnuInteractionControl
00488199	string		Personality
004881ae	string		mnuSalutation
004881c0	string		Salutation
004881ed	string		mnuSupport
004881fc	string		Support
0048820d	string		mnuInteraction
00488222	string		Interaction
00488239	string		mnuMoreInteraction
00488250	string		More Interaction
0048826a	string		mnuLessInteraction
00488281	string		Less Interaction
0048829c	string		mnuConnection
004882b0	string		Internet Connection Settings
004882d6	string		mnuEmailSetup
004882ea	string		E-Mail Reader Options
00488309	string		mnuDownloadManagerSetup
00488327	string		Download Manager Setup
00488347	string		mnuRegistration
0048835b	string		Online Registration...
00488387	string		Advanced Setup Options
004883c6	string		mnuOnlineHelp
004883d8	string		My Online Help
004883f0	string		mnuTalkingHelp
00488403	string		Talking Add-on Help
00488420	string		mnuAbout
0048842f	string		About BonziBUDDY
00488463	string		mnuRelaxMode
00488476	string		Relax Mode
0048848a	string		mnuSilentMode
0048849c	string		Quiet Mode - F9
0048854c	string		frmNetBOOST
0048855c	string		InternetBOOST '99 - Optimized for Dial Up Connection (MODEM)
00488661	string		wwwwwwwww
00488a12	string		RegiCon1
00488a1e	string		RegistryControl.RegiCon
00488a9a	string		btnAbout
00489682	string		More on NetBOOST 98'
004896a2	string		btnApply
004896af	string		&Apply Boost
004896d5	string		Applies NetBOOST Settings.
004896fb	string		btnCancel
00489709	string		&Close
00489729	string		Cancels NetBOOST 98' without saving changes.
0048976c	string		Select the type of Internet Connection you are currently using:
004897d0	string		optLAN
004897db	string		Local Area Network (LAN)
00489812	string		Show what your current Internet Connection is optimized for:
00489858	string		optDialUP
00489866	string		Dial-Up (MODEM)
00489894	string		Show what your current Internet Connection is optimized for:
00489b1d	string		wwwwwwwww
00489eb1	string		Label1
00489ecf	string		FramePMTU
00489edd	string		Path Maximum Transfer Unit (PMTU)
00489f1e	string		chkBlackHole
00489f2f	string		Black Hole Detection
00489f58	string		Black Hole Detection is recommended to be turned off.
00489f97	string		chkAutoDetection
00489fac	string		Auto Detection
00489fcf	string		Auto detect maximum MTU. Recommened to be turned on.
0048a00e	string		FrameTTL
0048a01b	string		Time to Live (TTL)
0048a059	string		Custom
0048a079	string		Allows you to customize the TTL to a specific value.
0048a0c3	string		Default (32)
0048a0e9	string		Time to Live (TTL) is maximum # of hops a packet can take before being re-transmitted. Windows 95 default is 32. 
0048a170	string		Recommended (64)
0048a19a	string		Time to Live (TTL) is maximum # of hops a packet can take before being re-transmitted. Recommended is 64.
0048a23d	string		FrameRWIN
0048a24b	string		Receive Window (RWIN)
0048a280	string		cboRWIN
0048a307	string		Multiple
0048a324	string		Automatically configures the RWIN based on multiples. Recommended is '4x'
0048a377	string		optRWIN1
0048a384	string		Default (8192)
0048a3a7	string		Default (8192) is the Windows 95 default setting for RWIN.
0048a3eb	string		optRWIN3
0048a3f8	string		Custom
0048a413	string		Allows you to customize the RWIN to a specific value.
0048a453	string		FrameMTU
0048a460	string		Maximum Transfer Unit (MTU=1500)
0048a4dd	string		Custom
0048a4fd	string		Allows you to customize the MTU to a specific value.
0048a547	string		Dial-Up (576)
0048a56e	string		Dial-Up (576) is the recommended setting if you use a Dial-Up (MODEM) to connect to the Internet.
0048a5e5	string		Local Area Network (1500)
0048a618	string		Local Area Network (1500) is the recommended setting if you use a LAN to connect to the Internet.
0048a690	string		 Copyright 1999, BONZI.COM Software. All Rights Reserved.
0048a744	string		frmTellAFriend
0048a757	string		Send Me to Your Friends as a FREE Gift!
0048b0a0	string		fraMessage
0048b0af	string		Message to Deliver:
0048b0d8	string		txtUserName
0048b0fa	string		lblMessage
0048b109	string		This e-mail message will entitle you to a FREE copy of my new found friend, BonziBUDDY!   BonziBUDDY is an interactive gorilla that travels the Internet as your sidekick, speaking, singing, laughing and learning from you over time!  He can even send and receive animated talking e-mail!  BonziBUDDY retails for $40.00, but for a limited time, you can download your own copy of BonziBUDDY - FREE!
0048b2c5	string		lblSubject
0048b2d4	string		FREE BonziBUDDY Gift from your friend:  
0048b32e	string		cmdSend
0048b33a	string		&Share Me With Your Friends - Click Here!
0048ce9f	string		&Friends List:
0048cf24	string		frmOptionsTabbed
0048cf39	string		Bonzi's Options and Settings
0048cf8e	string		picOptions
0048cfbb	string		cmdPersonalityDefaults
0048cfd6	string		Use Defaults
0048d003	string		Control How Much You Would Like Me to Interact With You!
0048d05c	string		Master (Controls How Often I Talk)
0048d094	string		sldrInteraction
0048d0a7	string		MSComctlLib.Slider
0048d146	string		Adjust How Often You Would Like Me Talk To You.
0048d1db	string		Personality (Controls What I Talk About)
0048d219	string		sldrJokes
0048d226	string		MSComctlLib.Slider
0048d2c5	string		Adjust My Personality For More Or Less Jokes.
0048d2fc	string		sldrPersonality
0048d30f	string		MSComctlLib.Slider
0048d3ae	string		Adjust My Personality For More Or Less Friendly Conversation.
0048d3f5	string		sldrFacts
0048d402	string		MSComctlLib.Slider
0048d4a1	string		Adjust My Personality For More Or Less Facts & Trivia.
0048d557	string		Label1
0048d57e	string		Label12
0048d5da	string		(Friendly Conversation)
0048d60b	string		Label16
0048d617	string		(Facts && Trivia)
0048d64d	string		(Jokes && Humor)
0048d67c	string		picOptions
0048d6a9	string		fraUserInfo
0048d6b9	string		E-Mail Server Account Information:
0048d6f1	string		txtName
0048d70f	string		txtPass
0048d734	string		txtServer
0048d754	string		cmdTest
0048d760	string		&Test
0048d77b	string		txtAddress
0048d79e	string		lblDescAcct
0048d7ae	string		Please enter your E-Mail Server account information below.
0048d80a	string		Account Name:
0048d83b	string		Password:
0048d85c	string		lblServer
0048d86a	string		Incoming Mail Server (POP3):
0048d89e	string		imgMail
0048d9c5	string		wwwwwwwwwwww
0048dcfc	string		lblAddress
0048dd0b	string		E-mail Address:
0048dd36	string		picOptions
0048dd63	string		picIcon
0048e0d5	string		lblDescription
0048e0e8	string		App Description
0048e112	string		lblTitle
0048e11f	string		Application Title
0048e17c	string		lblVersion
0048e18b	string		Version
0048e1a8	string		lblDisclaimer
0048e1ba	string		Warning: ...
0048e1e4	string		picOptions
0048e21c	string		Sleep Mode Options
0048e244	string		cboRelaxHotKey
0048e26c	string		chkRelaxUseHotKey
0048e282	string		Enable Quiet Mode Hot Key
0048e2b1	string		chkRelaxModeOnStartup
0048e2cb	string		Remember Quiet Mode Setting on Startup
0048e309	string		optRelaxMode
0048e31a	string		Never fall asleep.
0048e345	string		txtRelaxIdleTime
0048e37b	string		optRelaxMode
0048e38c	string		Fall asleep after
0048e6e8	string		minute(s) of inactivity.
0048e723	string		I can take a nap for a while if you are busy.  Just check the options below so I can adjust to the way you use your computer.
0048e7ba	string		picOptions
0048e7e7	string		fraInterval
0048e7f7	string		Check/Read E-Mail Time Interval:
0048e82d	string		txtCheckInterval
0048e859	string		lblIntervalDesc
0048e86d	string		I can automatically check and read new e-mail messages for you. From here, you can adjust how often you would like me to check and read you new mail messages.
0048e921	string		lblInterval1
0048e932	string		Check for new mail every
0048e962	string		lblInterval2
0048e973	string		minute(s).
0048e995	string		imgInterval
0048ecc3	string		picOptions
0048ecf0	string		fraConnectType
0048ed03	string		Select Our Internet Connection Type:
0048ed3d	string		optModem
0048ed4a	string		Using a dial-up modem
0048ed82	string		Using America Online (AOL)
0048edb2	string		optLAN
0048edbd	string		Always connected to the Internet (LAN, T1, ISDN, Cable Modem, etc.)
0048ee23	string		In order for me to best help you in our Internet travels together, I need to know how we connect to the Internet.  Select the option below which describes how we connect to the Internet.  
0048eef8	string		picOptions
0048ef25	string		cmdRegistration
0048ef39	string		Registration
0048ef5d	string		fraQuestion
0048ef7f	string		txtSalutation
0048efa6	string		lblSalutationDescription
0048efc3	string		lblDescription
0048efe8	string		cmdAdvanced
0048eff8	string		Advanced
0048f016	string		cmdApply
0048f023	string		Apply
0048f03e	string		cmdCancel
0048f04c	string		Cancel
0048f08c	string		tbsOptions
0048f09a	string		MSComctlLib.TabStrip
0048f14c	unicode		Set Your Salutation
0048f1ba	unicode		Set Options for Your Internet Connection
0048f242	unicode		Set Options for My Personality
0048f2bc	unicode		Set Options for Your E-mail Account
0048f342	unicode		Set how often BonziBUDDY should check your E-mail
0048f3da	unicode		Set Options for Sleep Mode
0048f43a	unicode		About BonziBUDDY
0048f499	string		picOptionsNews
0048f4d4	string		Deliver News Right To Your Desktop!
0048f50d	string		sschkAutomotive
0048f520	string		Threed.SSCheck
0048f57b	string		Automotive
0048f599	string		sschkBooks
0048f5a7	string		Threed.SSCheck
0048f61b	string		sschkChildren
0048f62c	string		Threed.SSCheck
0048f687	string		Children's Products
0048f6ae	string		sschkHardware
0048f6bf	string		Threed.SSCheck
0048f71a	string		Computer Hardware && Electronics
0048f74e	string		sschkSoftware
0048f75f	string		Threed.SSCheck
0048f7ba	string		Computer Software
0048f7df	string		sschkFashion
0048f7ef	string		Threed.SSCheck
0048f84a	string		Fashion && Apparel
0048f870	string		sschkFood
0048f87d	string		Threed.SSCheck
0048f8d8	string		Food && Wine
0048f8f8	string		sschkGames
0048f906	string		Threed.SSCheck
0048f961	string		Games
0048f97a	string		sschkHealth
0048f989	string		Threed.SSCheck
0048f9e4	string		Health && Fitness
0048fa09	string		sschkHome
0048fa16	string		Threed.SSCheck
0048fa71	string		Home && Garden
0048fa93	string		sschkOffice
0048faa2	string		Threed.SSCheck
0048fafd	string		Home Office
0048fb1c	string		sschkInvestment
0048fb2f	string		Threed.SSCheck
0048fb8a	string		Investment && Insurance
0048fbb5	string		sschkLottery
0048fbc5	string		Threed.SSCheck
0048fc20	string		Lotteries && Sweepstakes
0048fc4c	string		sschkMusic
0048fc5a	string		Threed.SSCheck
0048fcb5	string		Music
0048fcce	string		sschkPets
0048fcdb	string		Threed.SSCheck
0048fd4e	string		sschkVideo
0048fd5c	string		Threed.SSCheck
0048fdd6	string		chkNewsHeadlines
0048fdea	string		Threed.SSCheck
0048fe45	string		News (Top Stories)
0048fe6b	string		chkNewsBusiness
0048fe7e	string		Threed.SSCheck
0048fed9	string		Business
0048fef5	string		chkNewsTechnology
0048ff0a	string		Threed.SSCheck
0048ff65	string		Technology
0048ff83	string		chkNewsSports
0048ff94	string		Threed.SSCheck
0048ffef	string		Sports
00490009	string		chkNewsLivingTravel
00490020	string	00453db4	Threed.SSCheck
0049007b	string		Travel
004900f8	string		frmGoldOptions
0049010b	string		BonziBUDDY Gold Member Access!
00490167	string		picOptions
00490194	string		fraAccount
004901a3	string		Gold Member Account and Logon Information
004901e2	string		cmdGoldSite
004901f2	string		&Gold Member's Site
0049021b	string		cmdChangePassword
00490231	string		Change &Password
00490257	string		txtUserName
0049027e	string		chkRememberPassword
00490296	string		Remember my password when logging in.
004902d3	string		txtPassword
00490302	string		Email Address:
00490333	string		Password:
00490358	string		picOptions
00490385	string		fraAddons
00490393	string		Choose the add-ons you would like to download and install
004903e2	string		cmdAddonsInstall
004903f7	string		&Install Now
00490419	string		cmdAddonsRemove
0049042d	string		<<&Remove
0049044c	string		lstAddonsAvail
00490478	string		lstAddonsSelected
004904a7	string		cmdAddonsAdd
004904d5	string		lblDownloadTime
004904e9	string		lblDownloadTime
00490510	string		lblAddonDescription
00490528	string		lblAddonDescription
00490a99	string		lblInfo
00490aa5	string		When you're done choosing add-ons to install, click Install Now, to begin installing.
00490b10	string		lblAvail
00490b1d	string		Available Add-ons
00490b5f	string		lblSelected
00490b6f	string		Selected for Installation
00490bb9	string		lblAllow2
00490bc7	string		These items are add-ons available for installation.
00490c10	string		Label1
00490c1b	string		These items will be installed when you click 'Install Now'.
00490c6e	string		cmdApply
00490c7b	string		&Apply
00490c97	string		cmdCancel
00490ca5	string		&Cancel
00490ce9	string		tbsOptions
00490cf7	string		MSComctlLib.TabStrip
00490db3	unicode		Install or update available add-ons.
00490e1b	unicode		Account(
00490e2d	unicode		View or change your account information.
00493a4c	string		frmBBIMOptions
00493a5f	string		BonziWORLD Messenger Service Options
00493ab8	string		inetSignUp
00493ac6	string		InetCtlsObjects.Inet
00493b33	string		picOptions
00493b60	string		fraVoiceOptions
00493b74	string		BONZI's Voice Options
00493b9f	string		cmdTestVoice
00493bb0	string		&Test...
004940f5	string		sldrSpeed
00494102	string		MSComctlLib.Slider
004941a7	string		sldrPitch
004941b4	string		MSComctlLib.Slider
00494259	string		lblDescription
0049426c	string		Customize the way your friends hear messages from you.
004942ba	string		lblSpeed
004942c7	string		Speed
004942e4	string		lblPitch
004942f1	string		Pitch
0049430f	string		fraOther
0049431c	string		Notifications
0049433f	string		chkEchoMessages
00494353	string		Have BONZI speak and play messages that I send to friends.
004943a3	string		chkNotifyStateChg
004943b9	string		Have BONZI notify me when friends come online or go offline.
0049440d	string		chkSpeakIt
0049441c	string		Have BONZI read messages from friends.
0049445b	string		fraMyAlias
0049446a	string		My Alias
0049448a	string		txtMyAlias
004944ab	string		imgAlias
00494821	string		lblAlias
0049482e	string		Enter the name that you want others to know you as. (no spaces)
00494887	string		picOptions
004948b4	string		fraFriends
004948c3	string		Add BonziWORLD Users to my Friends List
00494900	string		picSearch
0049560c	string		cmbDomain
00495650	string		txtFriendEmail
00495675	string		cmdAddFriend
00495686	string		&Add Friend
00495bc2	string		lblLogonDesc
00495bd3	string		*  A user's Logon Name is the part of the user's BonziWOLRD e-mail address before the '@' symbol.
00495c4a	string		lblFriendEmail
00495c5d	string		Enter New Friend's Logon Name:*
00495c98	string		picOptions
00495cc5	string		fraPrivacy
00495cd4	string		Choose which friends can send you instant messages
00495d1c	string		cmdReverseList
00495d2f	string		&View List
00495d49	string		Move selected 'allowed' user to Block List.
00495d7e	string		cmdAllow
00495d8b	string		<< &Allow
00495da4	string		Move selected 'blocked' user to Allow List.
00495dd9	string		lstAllow
00495df8	string		lstBlock
00495e17	string		cmdBlock
00495e24	string		&Block >>
00495e3d	string		Move selected 'allowed' user to Block List.
00495e72	string		lblViewReverseList
00495e89	string		View a list of other online users who have added me to their BonziWORLD Friends List.
0049695e	string		lblAccept
0049696c	string		Allow List
004969b2	string		Block List
004969ed	string		lblAllow2
004969fb	string		These users can send me instant messages:
00496a3a	string		Label1
00496a45	string		These users cannot send me instant messages:
00496a8b	string		picOptions
00496ac3	string		Account and Logon Information
00496af6	string		txtPass2
00496b1c	string		txtLastName
00496b3e	string		txtFirstName
00496b61	string		cmdASPServices
00496b74	string		Se&rvices...
00496b96	string		txtAccountLogon
00496bbc	string		txtAccountPassword
00496bec	string		cmdSubmit
00496bfa	string		&Sign Up...
00496c1b	string		chkRememberPassword
00496c33	string		Remember my password when logging in.
00496c6e	string		cmbAccountDomain
00496cbf	string		lblReenterPass
00496cd2	string		Re-enter Password:
00496cfc	string		lblFirstName
00496d0d	string		Your First Name:
00496d35	string		lblLastName
00496d45	string		Your Last Name:
00496d77	string		Create a Logon Name:
00496dae	string		Create a Password:
00496de3	string		Edit your logon information through BonziWORLD Services
00496e3b	string		Click the 'Sign Up' button once you've completed filling out this form.
00496ea5	string		(Passwords are case sensitive.)
00496edd	string		Frame1bak
00496eeb	string		Account and Logon Information
00496f22	string		chkRememberPasswordbak
00496f3d	string		Remember my password when logging in.
00496f7a	string		cmdSignUp
00496f88	string		&Sign Up...
00496fab	string		txtAccountPasswordbak
00496fe0	string		txtAccountLogonbak
0049700b	string		cmdChangeLogon
0049701e	string		&Services...
00497042	string		lblAboutPass
00497053	string		(Passwords are case sensitive.)
0049708a	string		lblSignUp
00497098	string		Sign up for BonziWORLD Services
004970cd	string		lblChanges
004970dc	string		Edit your logon information through BonziWORLD Services
00497129	string		lblPassword
00497139	string		My BonziWORLD Password:
00497168	string		lblMyLogonName
0049717b	string		My BonziWORLD Logon Name:
004971ae	string		cmdApply
004971bb	string		Apply
004971d6	string		cmdCancel
004971e4	string		Cancel
00497222	string		tbsOptions
00497230	string		MSComctlLib.TabStrip
004972cc	unicode		General-
004972de	unicode		Setup the way Bonzi interacts with messaging.
00497358	unicode		Friends3
0049736a	unicode		Add new friends to your list of available contacts.
004973f0	unicode		Privacy3
00497402	unicode		Choose which friends can send you instant messages.
00497488	unicode		Account(
0049749a	unicode		View or change your account information.
00497588	string		frmDownloader
0049759a	string		Bonzi's Download Manager
00497eae	string		tmrDownloadRate
00497ee4	string		MSComctlLib.ImageList
0049b7d5	string		DDDDDDDDDDD@
0049c2c4	string		MSComctlLib.Toolbar
0049c383	unicode		btnDownload.
0049c39d	unicode		Download Selected File(s) in the Download List
0049c433	unicode		Stop the Current Download
0049c4b3	unicode		Run the Selected File from Hard Disk
0049c549	unicode		Add File to Download List
0049c5b5	unicode		Edit the Selected File
0049c5fd	unicode		Remove\t
0049c60d	unicode		btnDelete*
0049c623	unicode		Remove Selected File(s) from Download List
0049c6a3	unicode		btnDeleteFromDisk/
0049c6c9	unicode		Delete the Selected File(s) from Your Hard Disk
0049c75b	unicode		Options\n
0049c785	unicode		Setup Options for Downloading
0049c7ff	unicode		btnExit!
0049c811	unicode		Close BonziBUDDY Download Manager
0049c9b2	string		fraDowloadQueue
0049c9c6	string		Current Download List
0049c9fd	string		MSComctlLib.ListView
0049ca93	string		pbDownload
0049caa1	string		MSComctlLib.ProgressBar
0049cb27	string		sbStatus
0049cb33	string		MSComctlLib.StatusBar
0049cbe1	string		MSInet
0049cbeb	string		InetCtlsObjects.Inet
0049cc57	string		mnuFile
0049cc63	string		&File
0049cc9c	string		Get Server Info
0049ccb8	string		mnuSetup
0049ccd7	string		mnuOptions
0049cce6	string		&Options
0049ccf9	string		mnuListPopup
0049cd0c	string		ListPopup
0049cd21	string		mnuPopupDownloadNow
0049cd39	string		&Download File
0049cd51	string		mnuPopupRun
0049cd61	string		Run File
0049cd73	string		mnuPopupEdit
0049cdad	string		mnuPopupRemove
0049cdc0	string		&Remove File from List
0049cde0	string		mnuPopupDelete
0049cdf3	string		Delete File from Disk
0049ce74	string		frmNBAbout
0049ce83	string		About MyApp
0049cf67	string		wwwwwwwww
0049d323	string		Licensed to:
0049d345	string		Label1
0049d350	string		Registration Number: 5324698
0049d384	string		lblRegName
0049d393	string		RegName
0049d3d9	string		cmdSysInfo
0049d3e8	string		&System Info...
0049d40d	string		lblBuild
0049d41a	string		Build 3
004a3636	string		lblDescription
004a3649	string		App Description
004a3673	string		lblTitle
004a3680	string		Application Title
004a36dd	string		lblVersion
004a36ec	string		Version
004a3709	string		lblDisclaimer
004a371b	string		Copyright 1999, BONZI.COM Software. All rights reserved.
004a37d0	string		frmPrivacyPolicy
004a37e5	string		BONZI.COM Privacy Policy
004a3c7c	string		tmrShowMe
004a3cb3	string		,BONZI.COM ONLINE PRIVACY POLICY STATEMENT\r\n\r\nYou may contact us via e-mail at support@bonzi.com.\r\n\r\nBONZI.COM's PRIVACY POLICY \r\nYour privacy on the Internet is important to us. As part of the\r\noperations of BONZI.COM, we gather certain types of information about BONZI.COM users. This Privacy Policy ("Privacy Policy") explains the types of information we gather, what we do with it and how you may correct or change information that BONZI.COM may collect. \r\n\r\nInformation Collected by BONZI.COM.\r\nBONZI.COM collects two types of information about users: personal information (such as name and e-mail address) and aggregate information (such as information about how many users log on to our sites on a daily basis). \r\n\r\nPersonal Information\r\nPersonal information is collected when users voluntarily register for\r\nmembership services. These services include receiving electronic\r\nnewsletters, creating personal stock portfolios, using community and\r\ncommunication services, answering surveys, purchasing items, and\r\nentering contests and other promotional opportunities provided on our\r\nsites. We may collect personal information from you in other areas of\r\nour sites, but we will provide on-screen notification that we are doing\r\nso. We may receive personal usage and demographic information from our\r\nthird-party partners, and we also collect e-mail addresses from users\r\nwho send us support mail or request technical or other help. This\r\ninformation enables BONZI.COM to improve our sites to make your online visits more productive and enjoyable. \r\n\r\nAggregate Information\r\nOne method of collecting aggregate information about your activities\r\nonline (such as the pages you access most frequently or the search terms you enter), and information volunteered by you (such as survey or\r\nregistration information), is by tracking Internet Protocol (IP)\r\naddresses. An IP address is a number that is automatically assigned to\r\nyour computer whenever you surf the Web. The computers that deliver the\r\nWeb pages to you automatically identify your computer by its IP address. When you request a page from one of our sites, our servers log your IP address. Our sites record IP addresses for the purposes of system administration and to provide aggregate data to advertisers about the volume of use on our sites. We also create aggregate reports on user demographics and traffic patterns for advertisers and partners. This allows these parties to advertise more effectively, and allows you to receive advertisements that are most relevant to your personal interests. An advertiser will not know that you clicked its advertisement unless you voluntarily and explicitly permit us to provide such information. \r\n\r\nSearch Terms\r\nAs a measure of user interest, we track search terms that are entered\r\ninto our sites' search features. Search data and user-provided\r\ninformation help to improve the relevancy of search results by learning\r\nuser preferences and prioritizing search results accordingly. The\r\nintended result is a more efficient search feature for visitors to our\r\nsites. \r\n\r\nUse of Cookies\r\nOur sites use 'cookies' to record information. A cookie is a small data\r\nfile that Web sites store on your hard drive when you visit them.\r\nCookies allow us to measure activity on our sites and to improve your\r\nuser experience by remembering your passwords and viewing preferences,\r\nand allowing you to visit various members-only parts of our sites\r\nwithout re-registering. Cookies allow us to determine which areas and\r\nfeatures of our sites are most popular by measuring user activity. This\r\ninformation allows us to make improvements and updates to improve your\r\nBONZI.COM experience. Our sites do not use cookies to retrieve any\r\ninformation from your computer. Most browsers are set to accept cookies. If you prefer, you may set your browser to refuse cookies or to alert you when cookies are being sent. However, some parts of our sites, such as the members-only areas (i.e. shopping, contest and game areas) will not function properly if you choose not to accept cookies. You may occasionally get cookies from our advertisers. BONZI.COM does not control these cookies, and they are not subject to BONZI.COM's \r\n\r\nPrivacy Policy. \r\nUse of Information Collected by BONZI.COM\r\nBONZI.COM uses the personal information we collect to improve the content of our sites; to customize the content and/or layout of our sites for each individual user; to notify users about updates to our sites or promotional offers or opportunities that we believe will be of interest to users; and to investigate violations of our terms and conditions of use. \r\n\r\nSharing Data with BONZI.COM Affiliates\r\nBONZI.COM may share the personal and aggregate information we collect with our affiliates and other sites operated by or for BONZI.COM.\r\n \r\nSharing Data with Third Parties\r\nBONZI.COM shares aggregate information with third parties for advertising and promotional purposes. With user permission, BONZI.COM accesses personal information on behalf of pre-screened third parties for marketing or promotional purposes. We will always request permission to share such information on our sites. You may elect not to participate by clicking the appropriate on-screen button. BONZI.COM may also share personal information with consultants and affiliates for internal business purposes and may divulge personal information if such information is subpoenaed, or if BONZI.COM believes that membership has been used to commit unlawful acts, or acts that may endanger the health or safety of another user or of the general public. In some situations, we will share your personal information, on a confidential basis, with third parties who perform a particular service on our behalf, such as sending e-mails. These parties are not allowed to use personal information except for the limited purpose of providing \r\nthe particular service on our behalf. In addition, BONZI.COM receives personal usage and demographic information from third parties and uses this information to improve our products and services. Occasionally, we may post the name of a user (for example, a contest winner) on one of our sites. BONZI.COM will notify you of this possibility when you provide your information or, if possible, will notify you when the information is posted. BONZI.COM uses a third-party advertising company to serve ads when you visit our sites. This company may use information (not including your name, address, email address or telephone number) about your visits to our and other web sites in order to provide advertisements about goods and services of interest to you. In addition, we share web site usage information about visitors to our sites with such company for the purpose of managing and targeting advertisements on our sites. For this purpose, we and our third-party advertising company note some of the pages you visit on our si\r\ntes through the use of pixel tags (also called clear gifs). \r\n\r\nMembership Services and Service Providers\r\nWhen you register to use membership services, BONZI.COM may share your\r\nregistration information with content or service providers. For\r\ninstance, the personal information that you provide to our e-mail,\r\nfantasy sports, FreeISP, discussion boards and gaming services is shared with the companies that provide those services in order to retrieve your password when necessary. You do not have to register your personal information with our sites, but if you choose not to, certain services, such as e-mail and fantasy sports, will not be available to you. \r\n\r\nCHILDREN AND PRIVACY\r\nBONZI.COM encourages parents and guardians to spend time with their children online, and to be familiar with the sites their children visit. At various places on our sites, we ask whether users are under the age of 18 or 13. BONZI.COM relies on our users to be truthful in responding to these questions. \r\nIndividuals Under 13\r\nNo information should be submitted to or posted on our sites by users\r\nunder the age of 13. Individuals under the age of 13 are not allowed to\r\nbecome registered users of our sites. \r\nIndividuals 13 Through 17\r\nBONZI.COM requests that children under the age of 18 not submit or post\r\ninformation to our sites. If an individual between the ages of 13 and 17 does so, BONZI.COM may collect information (including personally identifying information). This information may be used for marketing and promotional purposes by BONZI.COM and may, with the user's permission, be shared with pre-screened third parties. If a user or his/her parent or guardian changes his/her mind with respect to such use, that user, parent or guardian may stop that use either by e-mail request or by modifying his/her registration information online. \r\n\r\nCommunity and Public Areas\r\nInformation posted to message boards, chat areas, clubs and home pages\r\nis available to the general public. Please use caution when posting any\r\nsuch information. Users under the age of 18 should be particularly\r\ncareful not to provide any personally identifying information while\r\nusing chat rooms or message boards. Users of chat areas and message\r\nboards must follow acceptable standards of behavior when posting\r\nmessages online. BONZI.COM reserves the right to, but is not obligated to, refuse or delete any content that in our sole discretion is considered inappropriate. \r\n\r\nLinks to Other Sites\r\nOur sites contain links to sites other than our own. Those sites may not follow the same privacy policies as BONZI.COM. Such links may be to\r\nadvertisers, content providers or partners who may use our logo and/or\r\nstyle as a result of a co-branding agreement. These sites may send their own cookies to you, and may collect information and use it in a way inconsistent with BONZI.COM's privacy policy. BONZI.COM does not control the content that appears on these sites. Such sites may contain information that content providers independent of BONZI.COM have created, maintained, published, posted or otherwise made available. \r\nThe use of any information or materials that you may access at these\r\nexternal sites is purely voluntary. You should not rely on their\r\ncontents without independent and thorough review of the accuracy,\r\ncompleteness, effectiveness, timeliness and correct sequencing. These\r\nexternal sites may also refer to specific commercial products,\r\nprocesses, or services by trade name, trademark, service mark,\r\nmanufacturer or otherwise. Unless BONZI.COM has provided explicit authority, such references in no way indicate our endorsement, recommendation or preference. \r\n \r\nAdditional Information\r\nNo transmission of data over the Internet is guaranteed to be completely secure. It may be possible for third parties not under the control of BONZI.COM to intercept or access transmissions or private communications unlawfully. While we strive to protect your personal information, BONZI.COM cannot ensure or warrant the security of any information you transmit to us. Any such transmission is done at your own risk. \r\nUnder no circumstances, including but not limited to negligence, shall\r\nBONZI.COM be liable for any special, incidental or consequential damages that result from the use of the information or materials on our sites, even if BONZI.COM or an authorized representative of BONZI.COM, has been advised of the possibility of such damages. \r\nBONZI.COM reserves the right to change this Privacy Policy at any time. Any such changes will be posted online. Questions should be directed to\r\nsupport@bonzi.com.\r\n
004a69c2	string		OKButton
004a69e7	string		Picture4
004ac4b0	string		frmRegistration
004ac4cf	string		 Online Registration
004acde1	string		SSActiveTabs1
004acdf2	string		ActiveTabs.SSActiveTabs
004ace85	string		Registration Step 1.
004acec4	string		Registration Step 2.
004acf05	string		chkBuggerOff
004acf16	string		Do not ask me to register again.
004acf50	string		SSActiveTabPanel3
004acf65	string		ActiveTabs.SSActiveTabPanel
004acfc3	string		cmdRegister
004acfd3	string		&Register Me
004acff5	string		SSFrame4
004ad001	string		Threed.SSFrame
004ad05c	string		Areas of Interest: (BonziBUDDY can deliver information based on your interests!)
004ad0bc	string		sschkAutomotive
004ad0cf	string		Threed.SSCheck
004ad12a	string		Automotive
004ad148	string		sschkBooks
004ad156	string		Threed.SSCheck
004ad1ca	string		sschkChildren
004ad1db	string		Threed.SSCheck
004ad236	string		Children's Products
004ad25d	string		sschkHardware
004ad26e	string		Threed.SSCheck
004ad2c9	string		Computer Hardware && Electronics
004ad2fd	string		sschkSoftware
004ad30e	string		Threed.SSCheck
004ad369	string		Computer Software
004ad38e	string		sschkFashion
004ad39e	string		Threed.SSCheck
004ad3f9	string		Fashion && Apparel
004ad41f	string		sschkFood
004ad42c	string		Threed.SSCheck
004ad487	string		Food && Wine
004ad4a7	string		sschkGames
004ad4b5	string		Threed.SSCheck
004ad510	string		Games
004ad529	string		sschkHealth
004ad538	string		Threed.SSCheck
004ad593	string		Health && Fitness
004ad5b8	string		sschkHome
004ad5c5	string		Threed.SSCheck
004ad620	string		Home && Garden
004ad642	string		sschkOffice
004ad651	string		Threed.SSCheck
004ad6ac	string		Home Office
004ad6cb	string		sschkInvestment
004ad6de	string		Threed.SSCheck
004ad739	string		Investment && Insurance
004ad764	string		sschkLottery
004ad774	string		Threed.SSCheck
004ad7cf	string		Lotteries && Sweepstakes
004ad7fb	string		sschkMusic
004ad809	string		Threed.SSCheck
004ad864	string		Music
004ad87d	string		sschkPets
004ad88a	string		Threed.SSCheck
004ad8fd	string		sschkVideo
004ad90b	string		Threed.SSCheck
004ad985	string		chkNewsHeadlines
004ad999	string		Threed.SSCheck
004ad9f4	string		News (Top Stories)
004ada1a	string		chkNewsBusiness
004ada2d	string		Threed.SSCheck
004ada88	string		Business
004adaa4	string		chkNewsTechnology
004adab9	string		Threed.SSCheck
004adb14	string		Technology
004adb32	string		chkNewsSports
004adb43	string		Threed.SSCheck
004adb9e	string		Sports
004adbb8	string		chkNewsLivingTravel
004adbcf	string		Threed.SSCheck
004adc2a	string		Travel
004adc45	string		sschkReceiveEmails
004adc5b	string		Threed.SSCheck
004adcb8	string		Yes, I would like to change my Start Page to Lycos so that I can receive customized content.
004add2a	string		lblPrivacyPolicy
004add3f	string		Privacy Policy
004add91	string		imgCheck
004ae201	string		- Required Field
004ae22c	string		SSActiveTabPanel2
004ae241	string		ActiveTabs.SSActiveTabPanel
004ae29f	string		cmdRegisterLater
004ae2b4	string		Register Later
004ae2d8	string		cmdContinue
004ae2e8	string		&Continue >>
004ae30a	string		SSFrame5
004ae316	string		Threed.SSFrame
004ae371	string		BonziBUDDY is Registered To:
004ae39d	string		txtFirstName
004ae3d8	string		txtLastName
004ae3ff	string		txtMiddleName
004ae480	string		cboState
004ae594	string		Manitoba\r
004ae614	string		Yukon Territory!?
004ae6ee	string		txtEmail
004ae725	string		cboCountry
004ae765	string		United Kingdom\t
004ae80d	string		Antigua and Barbuda\t
004ae83d	string		Ascension\t
004ae874	string		Austria\n
004ae892	string		Bahrain\n
004ae975	string		Canada\n
004ae9fe	string		Cook Islands\n
004aea0c	string		Costa Rica\r
004aead9	string		Falkland Islands\r
004aeb11	string		France\r
004aeb67	string		Ghana\t
004aeb79	string		Greece\t
004aeba4	string		Guadeloupe\t
004aebbb	string		Guinea\r
004aebe1	string		Honduras\t
004aec08	string		India\t
004aec58	string		Jordan\t
004aecd6	string		Liechtenstein\t
004aece5	string		Lithuania\n
004aed03	string		Macedonia\n
004aed43	string		Marshall Islands\n
004aed55	string		Martinique\n
004aed61	string		Mauritania\t
004aed78	string		Mexico\n
004aed9d	string		Mongolia\n
004aedb3	string		Morocco\n
004aedfd	string		Netherlands Antilles\r
004aee22	string		New Zealand\t
004aee57	string		North Korea*
004aeea8	string		Palau\t
004aef98	string		Saipan\n
004aefcf	string		Senegal"
004aefd8	string		Serbia and Montenegro (Yugoslavia)\n
004af008	string		Sierra Leone\t
004af06a	string		Spain\t
004af083	string		Suriname\t
004af184	string		United Kingdom\r
004af1f5	string		Vatican City\t
004af217	string		Wallis & Futuna\r
004af5ca	string		Label1
004af5d5	string		First Name:
004af605	string		Last Name:
004af634	string		Middle:
004af68a	string		State/Province:
004af6be	string		Zip/Postal:
004af71a	string		Country:
004af748	string		Address1:
004af76b	string		Label12
004af777	string		Address2:
004af79c	string		imgCheck
004afc02	string		imgCheck
004b0068	string		imgCheck
004b04ce	string		imgCheck
004b093c	string		(US and Canada Only)
004b096b	string		SSFrame3
004b0977	string		Threed.SSFrame
004b09d2	string		Gender:
004b09e9	string		optMale
004b09f4	string		Threed.SSOption
004b0a6a	string		optFemale
004b0a77	string		Threed.SSOption
004b0ad3	string		Female
004b0af0	string		SSFrame6
004b0afc	string		Threed.SSFrame
004b0b57	string		Age Range: (Choose One)
004b0c82	string		SSOption2
004b0c8f	string		Threed.SSOption
004b0d05	string		SSOption3
004b0d12	string		Threed.SSOption
004b0d6e	string		Female
004b0d8d	string		lblPrivacyPolicy
004b0da2	string		Privacy Policy
004b0dfe	string		- Required Field
004b0e2a	string		imgCheck
004b128f	string		SSActiveTabPanel1
004b12a4	string		ActiveTabs.SSActiveTabPanel
004b130c	string		SSFrame1
004b1318	string		Threed.SSFrame
004b1373	string		Explore the Internet...
004b139a	string		txtBrowse
004b13ba	string		SSPanel2
004b13c6	string		Threed.SSPanel
004b1421	string		Enter a site or URL to travel to below:
004b1468	string		cmdBrowse
004b1475	string		Threed.SSCommand
004b324e	string		SSFrame2
004b325a	string		Threed.SSFrame
004b32b5	string		Search the Internet...
004b32db	string		txtSearch
004b32fb	string		cmdSearch
004b3308	string		Threed.SSCommand
004b4e4e	string		SSPanel3
004b4e5a	string		Threed.SSPanel
004b4eb5	string		Enter keyword or topic to search for below:
004b4f01	string		lblDate
004b4f0c	string		Threed.SSPanel
004b4f67	string		Tuesday, September 26, 2000
004b4fa4	string		inetReg
004b4faf	string		InetCtlsObjects.Inet
004b5482	string		Please enter your registration information below. This will entitle you to FREE software updates of lil' old me!
004b5508	string		lblCopyright
004b551a	string		 Copyright 1999-2001 - BONZI.COM Software. All Rights Reserved.
004b55dc	string		frmBBIMMain
004b55ec	string		BonziWORLD - Messenger Service
004b6478	string		sbStatus
004b6484	string		MSComctlLib.StatusBar
004b654d	string		MSComctlLib.Toolbar
004b65c6	unicode		imgImages24
004b6622	unicode		Add a friend to your My Friends list.\t
004b6670	unicode		addfriend
004b6706	unicode		removefriend
004b6876	unicode		Status,
004b6a2c	unicode		Tools.
004b6a9a	unicode		tools
004b6ac9	string		SHDocVwCtl.WebBrowser
004b6b9b	string		fraFriendsOnline
004b6bb0	string		My Friends
004b6bd0	string		tvwFriends
004b6bde	string		MSComctlLib.TreeView
004b6cad	string		picbxMask
004b6cd7	string		imgLogOn
004b7d40	string		lblLogOn
004b7d4d	string		Click on Image to Log On
004b7da4	string		imgTreeViewPics
004b7db7	string		MSComctlLib.ImageList
004b8249	string		wwwwwwwww
004b9b05	string		imgImages24
004b9b14	string		MSComctlLib.ImageList
004bf3d6	string		Agent1
004bf3e0	string		AgentObjectsCtl.Agent
004bf41f	string		mnuFile
004bf42b	string		&File
004bf43c	string		mnuLogOnOff
004bf44c	string		&LogOn
004bf491	string		mnuTools
004bf4b0	string		mnuFriends
004bf4bf	string		&Friends...
004bf4d4	string		mnuPrivacy
004bf4e3	string		&Privacy...
004bf4f8	string		mnuOptions
004bf507	string		&Options...
004bf51d	string		mnuFriendPopup
004bf532	string		MainPopup
004bf547	string		mnuSendMessage
004bf55a	string		&Send an Instant Message
004bf57c	string		mnuSendMail
004bf58c	string		Send a Bonzi&Mail Message
004bf5c8	string		mnuBlock
004bf5d5	string		&Block
004bf5e5	string		mnuRemove
004bf5f3	string		&Remove Friend
004bf60b	string		mnuProperties
004bf61d	string		&Properties
004bf650	string		mnuOnlineHelp
004bf662	string		&BonziChat Online Help
004bf6e4	string		frmAddressBook
004bf701	string		 - Address Book
004bf751	string		Picture4
004c51ba	string		cmdAddons
004c51c7	string		Threed.SSCommand
004ddc3c	string		fraControls
004ddc6f	string		lstAddresses
004ddcb9	string		cmdCancel
004ddcc7	string		Cancel
004ddd62	string		cmdProperties
004dddd9	string		cmdDelete
004ddde7	string		&Delete
004dde04	string		cmdImport
004dde12	string		&Import Addresses
004dde39	string		Label1
004dde44	string		Message Recipient(s):
004dde86	string		Contact List:
004ddeb6	string		fraMeter
004ddee6	string		prgProgress
004ddef5	string		MSComctlLib.ProgressBar
004ddf86	string		Importing Addresses from Outlook...
004de028	string		frmSpeak
004de035	string		Speak Bonzi, Speak!
004de949	string		tmrButternutAnimation
004de978	string		Picture4
004e43e1	string		cmdAddons
004e43ee	string		Threed.SSCommand
004fce63	string		cmdCancel
004fce71	string		&Cancel
004fce8e	string		cmdSpeak
004fcec6	string		Bonzi Says:
004fceec	string		txtSpeak
004fcf15	string		lblDescription
004fcf28	string		What would you like me to say? Type something below and I will be happy to say it for you. Press F1 at any time if you need help.
004fd028	string		frmCalendar2
004fd039	string		My Calendar/Schedule
004fd94e	string		tmrButternutAnimation
004fd97d	string		CalendarVB1
004fd98c	string		BonziBUDDY.CalendarVB
004fdaf3	unicode		currentperiodforecolor
004fdca3	unicode		activedayfontbold
004fdcd3	unicode		activedayfontitalic
004fdd3f	unicode		activedayfontname\r
004fdd8b	unicode		dayheaderfontbold
004fddbb	unicode		dayheaderfontitalic
004fde27	unicode		dayheaderfontname\r
004fde73	unicode		daysfontbold
004fde9b	unicode		daysfontitalic
004fdef3	unicode		daysfontname\r
004fdf0f	unicode		MS Sans Serif
004fe528	string		no+pqrstuvwxyz{|
004fe824	string		Command1
004fe853	string		lviewSchedule
004fe864	string		MSComctlLib.ListView
004fe935	string		Description
004fe954	string		&Close
004fe995	string		cmdDelete
004fe9a3	string		&Delete
004fe9c0	string		cmdEdit
004fe9e7	string		Picture4
00504450	string		cmdAddons
0050445d	string		Threed.SSCommand
0051cedd	string		Schedule for 12/31/2000
0051cf31	string		lblDescription
0051cf44	string		I can help keep you on schedule.  Simply enter your appointments, birthdays and special events into my calendar below. I will remind you when they are near.
0051d060	string		frmSingSong
0051d070	string		Sing Bonzi, Sing!
0051d984	string		tmrButternutAnimation
0051d9b3	string		Picture4
0052341c	string		cmdAddons
00523429	string		Threed.SSCommand
0053be9e	string		cmdStopSinging
0053beb1	string		&Stop Singing
0053d0b2	string		cmdSing
0053d0be	string		&Sing
0053f0c7	string		cmdMusicLicense
0053f0db	string		License Info
0053f0ff	string		chkSingStartStop
0053f114	string		&Sing
0054111f	string		fraSongs
0054112c	string		BonziBUDDY Playlist...
0054115d	string		lviewSongs
0054116b	string		MSComctlLib.ListView
00541217	string		Titles
0054123e	string		Authors
00541250	string		lblInstructions
00541264	string		Simply double click on a song or click on a song title and then click the Sing button.
0054133c	string		frmBBIMSession
0054134f	string		BoziWORLD Messenger Session
005421e5	string		MSComctlLib.Toolbar
0054225e	unicode		imgImages24
005422bc	unicode		Invite:
005422cc	unicode		Invite an online friend to join this conversation session.\t
00542344	unicode		addfriend
00542371	string		tmrClearStatus
00542399	string		cmbFontColor
005423c1	string		Choose the color of your message font.
005423f1	string		cmbFontName
00542418	string		Choose the color of your message font.
00542448	string		cmbFontSize
0054246f	string		Choose the color of your message font.
0054249f	string		fraSendText
005424af	string		Type Something to Send
005424db	string		cmdSend
0054401e	string		rtbOutgoing
0054402d	string		RichTextLib.RichTextBox
005440a9	string		Type text and/or drag images from the Animations list into this box to send.
00544100	string		fraHistory
0054410f	string		Conversation History
00544139	string		rtbHistory
00544147	string		RichTextLib.RichTextBox
005441c5	string		Displays a history of the current session.
005441fa	string		fraAnimations
0054420c	string		Emotions and Gestures
00544237	string		lviewAnimations
0054424a	string		MSComctlLib.ListView
00544344	string		Actions
0054434f	string		Double-click image or drag into Send box to send gestures.  Right-click image for more options.
005443b9	string		sbStatus
005443c5	string		MSComctlLib.StatusBar
00544483	string		imlAnimations
00544494	string		MSComctlLib.ImageList
00544500	unicode		Back Flip\r
00544602	unicode		Say What?\r
005446ff	unicode		Surprised\t
00544749	unicode		Uncertain\t
005651fb	string		imgTreeViewPics
0056520e	string		MSComctlLib.ImageList
005667e8	string		imgImages24
005667f7	string		MSComctlLib.ImageList
0056c0ba	string		mnuAnimPopup
0056c0cd	string		PopupAnim
0056c0e2	string		mnuSendAnimation
0056c0f7	string		&Send Animation
0056c110	string		mnuViewAnimation
0056c125	string		&View Animation
0056c13f	string		mnuFile
0056c14b	string		&File
0056c15c	string		mnuClose
0056c169	string		&Close
0056c17a	string		mnuEdit
0056c199	string		mnuFont
0056c1a5	string		&Message Font...
0056c1df	string		mnuStopBonzi
0056c1f0	string		&Stop Current Action
0056c212	string		mnuPopupInvite
0056c227	string		Friends
0056c23c	string		mnuFriends
0056c2b8	string		frmMsgEdit
0056c2c7	string		BonziBUDDY E-Mail - New Message
0056cbf1	string		picHideLine
0056cc30	string		SHDocVwCtl.WebBrowser
0056cd04	string		fraMessage
0056cd13	string		Message to Deliver:
0056cd46	string		txtMessage
0056cd54	string		RichTextLib.RichTextBox
0056cdcd	string		{\rtf1\ansi\ansicpg1252\deff0{\fonttbl{\f0\fnil\fcharset0 Arial;}}\r\n\viewkind4\uc1\pard\lang1033\fs24 RichTextBox1\r\n\par }\r\n
0056ce74	string		fraAnimations
0056ce86	string		Emotions && Gestures:
0056cebb	string		lviewAnimations
0056cece	string		MSComctlLib.ListView
0056cfca	string		Actions
0056cfd5	string		Click & Drag Emotions and Gestures into your message wherever you would like me to express them!
0056d040	string		cmdPerformAction
0056d055	string		&Perform Action
0056d07c	string		cmdViewQueue
0056d08d	string		&View Queue
0056d0b0	string		txtSubject
0056d0fe	string		&Copy To:
0056d131	string		&Address:
0056d158	string		imlAnimations
0056d169	string		MSComctlLib.ImageList
0056d1d5	unicode		Back Flip\r
0056d2d7	unicode		Say What?\r
0056d3d2	unicode		Surprised\t
0056d41c	unicode		Uncertain\t
0058dece	string		picOffline
005975ee	string		cmdAddons
005975fb	string		Threed.SSCommand
005b0091	string		cmdRead
005b009c	string		Threed.SSCommand
005b168e	string		Please preview my message before we send it.
005b16c4	string		cmdSend
005b16cf	string		Threed.SSCommand
005b2e5f	string		Please deliver my message now.
005b2e87	string		lblCopyright
005b2e99	string		 Copyright 1999-2001 - BONZI.COM Software. All Rights Reserved.
005b2efc	string		lblRead
005b2f08	string		Preview...
005b2f4d	string		lblSend
005b2f59	string		Deliver Now...
005b2fa2	string		lblSubject
005b2fb1	string		Sub&ject:
005bb92c	string	005b391c	clrLineColor
005bb93c	string	005b3a3c,005b3abc,005b3d4c,005b3d68,005b3f08,005b7530	rctLeft
005bb944	string	005b3a40,005b3ac0,005b3d50,005b3d6c,005b3f0c,005b7534	rctTop
005bb94c	string	005b3a44,005b3ac4,005b3d54,005b3d70,005b3f10,005b7538	rctWidth
005bb958	string	005b3a48,005b3ac8,005b3d58,005b3d74,005b3f14,005b753c	rctHeight
005bb964	string	005b3d78	clrBorderColor
005bb974	string	005b3d7c	clrFillColor
005bb984	string	005b3d80	EllipseWidth
005bb994	string	005b38e4,005b3f04	sText
005bb99c	string		nTextAlignment
005bb9ac	string	005b3ee4	brdLeft
005bb9b4	string	005b3ee8	brdTop
005bb9bc	string	005b3eec	brdWidth
005bb9c8	string	005b3ef0	brdHeight
005bb9d4	string	005b3ef4	brdStyle
005bb9e0	string	005b3ef8	bFlat
005bb9e8	string	005b3efc	bMono
005bb9f0	string	005b3f00	bSoft
005bb9f8	string	005b3d5c	nType
005bba00	string	005b3d60	Style
005bba08	string	005b3d64	State
005bba10	string	005b3f18	Format
005bba18	string	005b3f1c	clrForeColor
005bba34	string	005b7540	picImage
005bba40	string	005b7544	oPalette
005bba50	string	005b7548	clrMaskColor
005bba60	string	005b754c	clrBackColor
005bba70	string	005b7550	bEnabled
005bba7c	string	005b3d18,005b3f68,005b7674,005b794c,005b8588	picSource
005bba88	string	005b39ac,005b3b0c,005b3d1c,005b3f6c,005b7678,005b7950,005b858c	lLeft
005bba98	string	005b39b4,005b3af0,005b3b14,005b3d24,005b3f74,005b7680,005b7958,005b8594	lWidth
005bbaa0	string	005b39b8,005b3af4,005b3b18,005b3d28,005b3f78,005b7684,005b795c,005b8598	lHeight
005bbaa8	string	005b7688,005b859c	lDestLeft
005bbab4	string	005b768c,005b85a0	lDestTop
005bbac0	string	005b7690,005b85a4	lDestWidth
005bbacc	string	005b7694,005b85a8	lDestHeight
005bbad8	string	005b7960	lBackColor
005bbae4	string		lFlatLineColor
005bbaf4	string	005b30dc	lForeColor
005bbb00	string	005b3a38,005b3af8	bCopySourceDC
005bbb10	string	005b3acc,005b6474,005b7848	nLeft
005bbb20	string	005b3ad4,005b647c,005b7850	nWidth
005bbb28	string	005b3ad8,005b6480,005b7854	nHeight
005bbb30	string	005b7858	rgbColor
005bbb3c	string	005b6484,005b785c	sCaption
005bbb48	string	005b6488,005b7860	CaptionAlign
005bbb58	string	005b6490,005b7864	picBackground
005bbb68	string	005b6494,005b7868	blnPicFill
005bbb80	string	005b31dc	oFont
005bbb88	string	005b648c	Appearance
005bbbc4	string	005b3b7c	Value
005bbc5c	string	005b3fa4,005b3fc4	ISubclass
005bbc74	string		bState
005bbc7c	string	005b396c	newHours
005bbc88	string	005b3970	newMinutes
005bbc94	string	005b3974	TheTimer
005bbca0	string		strURLName
005bbcac	string	005b356c	pDisp
005bbcb4	string	005b39bc	bstrText
005bbcd0	string	005b39c8	cCode
005bbcd8	string		SongNumber
005bbce4	string	005b3564	ActionType
005bbcf0	string	005b33b4,005b3568,005b35a4,005b393c	NewAction
005bbcfc	string	005b37dc	strSaveAs
005bbd08	string	005b37e0	blnDontExecute
005bbd18	string	005b37e4	blnDontExit
005bbd24	string		PName
005bbd2c	string		TapCode
005bbd34	string	005b35dc	strData
005bbd3c	string	005b3b78	Action
005bbd44	string	005b316c,005b3170,005b35e0	strCaller
005bbd50	string	005b3554,005b3644	objMessage
005bbd5c	string		strNewURL
005bbd74	string		objRequest
005bbd94	string	005b3b38,005b3c64	wParam
005bbd9c	string	005b3b3c,005b3c68	lParam
005bbda4	string		strCommand
005bbdb0	string	005b37c4	strKeyName
005bbdbc	string	005b37c8	lngKeyCode
005bbdc8	string		strFileName
005bbdd4	string	005b355c	intStep
005bbe18	string		blnNewValue
005bbe24	string	005b3144	lngNewValue
005bbe54	string	005b302c,005b3068,005b30a8,005b30ac,005b313c,005b31ac,005b31ec,005b3270,005b344c,005b34b0,005b351c,005b3520,005b3528,005b352c	vNewValue
005bbe90	string		nDayNumberAlignment
005bbea4	string		bDayHeaderFontBold
005bbeb8	string	005b3b6c	Number
005bbec0	string		If false the control will not paint itself until this property is set to true.
005bbf10	string		bAutoPaint
005bbf1c	string	005b3424	nStyle
005bbf24	string	005b4ba4	This indicates which period style will be used when displaying the calendar. Month, Period, or Week
005bbf88	string	005b4ba8,005b4c38,005b5418,005b55c8,005b56e8,005b6300,005b6390,005b79d8	;Behavior
005bbf94	string	005b34a0	nCalendarType
005bbfa4	string	005b4c34	If true then the popup menu will not be displayed when the right mouse button is pressed
005bc000	string		bPopupMenuDisabled
005bc014	string	005b4cc4	If true then the days of the week header will be displayed
005bc050	string	005b4cc8,005b4d58,005b4e78,005b4f08,005b4f98,005b5028,005b50b8,005b5148,005b51d8,005b5268,005b52f8,005b5388,005b5658,005b5808,005b5bb0,005b6780,005b8158	;Appearance
005bc05c	string	005b3524	bShowDayHeader
005bc06c	string	005b4d54	Controls background color
005bc08c	string	005b4e74	The background color used to display the days of the week header
005bc0d0	string		lDayHeaderBackColor
005bc0e4	string	005b4f04	The foreground color used to display the days of the week header
005bc128	string		lDayHeaderForeColor
005bc13c	string	005b4f94	The foregound color to display the currenlty selected date
005bc178	string	005b34a8	lActiveDayForeColor
005bc18c	string	005b5024	The color used for drawing the flat grid lines
005bc1bc	string	005b50b4	The background color used to display the period calendar cells just prior to the current period
005bc21c	string		lPrePeriodBackColor
005bc230	string	005b3138	oDayHeaderFont
005bc240	string	005b5dec,005b5e7c,005b5f0c,005b5f9c	For the Day Of Week header
005bc260	string	005b5144	The foreground color used to display the period calendar cells just prior to the current period
005bc2c0	string	005b3448	lPrePeriodForeColor
005bc2d4	string	005b51d4	The background color used to display the current period calendar cells
005bc31c	string	005b341c	lCurrentPeriodBackColor
005bc334	string	005b5264	The foreground color used to display the current period calendar cells
005bc37c	string	005b33f4	lCurrentPeriodForeColor
005bc394	string	005b52f4	The background color used to display the period calendar cells just after the current period
005bc3f4	string	005b34ac	lPostPeriodBackColor
005bc40c	string	005b5a8c	The year value for the currently active period
005bc43c	string	005b5384	The foreground color used to display the period calendar cells just after the current period
005bc49c	string	005b3498	lPostPeriodForeColor
005bc4b4	string	005b5414	If true then the datevalue for the calendar cell that the mouse cursor is over will be displayed
005bc518	string		bShowDateTip
005bc528	string		Shows or hides the Period DropDown list
005bc550	string		bShowPeriodList
005bc560	string		Shows or Hides the Year DropDown list
005bc588	string		bShowYearList
005bc598	string	005b55c4	Indicates which day of the week will be used as the first day of the week
005bc5e4	string	005b3304	nFirstDayOfWeek
005bc5f4	string	005b4564	nPeriodYear
005bc600	string	005b3b74	Description
005bc60c	string	005b5654	The style of grid lines that will be used when drawing the control
005bc650	string	005b3450	nLineStyle
005bc65c	string	005b56e4	Indicates whether the previous year or current year is used for the first week of a period year
005bc6bc	string	005b32c4	nYearStartPlacement
005bc6d0	string	005b5804	A URL path to a picture image
005bc6f0	string	005b58dc	The begin date to use for filling the dropdown year combolist box
005bc734	string	005b58e0,005b5a00,005b5a90,005b5c40	;Data
005bc73c	string		nYearBegin
005bc748	string		The end date to use for filling the dropdown year combolist box
005bc788	string		nYearEnd
005bc794	string	005b59fc	The date value for the currently selected calendar cell
005bc7cc	string		dtDateValue
005bc7dc	string	005b8154	A picture image that is tiled on the background of the calendar control
005bc824	string		picPicture
005bc830	string	005b5bac	The format to use when displaying the date in the tooltip. Ex. dd-Mmm-yyyy
005bc87c	string	005b31a8	sDateTipFormat
005bc88c	string	005b5c3c	The period value for the currently selected calendar cell
005bc8c8	string		nPeriodValue
005bc8d8	string		A value indicating whether to display the day of the week names in short, medium, or long weekname formats
005bc944	string		nDayHeaderFormat
005bc958	string	005b7c54	The font attributes that are used to display the day of week header
005bc99c	string	005b5df0,005b5e80,005b5f10,005b5fa0,005b60c0,005b6150,005b61e0,005b6270,005b64b0,005b6540,005b65d0,005b6660,005b7c58,005b8018,005b8108	;Font
005bc9a4	string	005b3b70	Source
005bc9b0	string		bDayHeaderFontItalic
005bc9c8	string	005b30d8	sDayHeaderFontName
005bc9dc	string		lDayHeaderFontSize
005bc9f0	string	005b8104	The font attributes used for displaying the days in the calendar grid
005bca38	string		oDaysFont
005bca44	string	005b60bc,005b614c,005b61dc,005b626c	For the Calendar Days
005bca5c	string		bDaysFontBold
005bca6c	string		bDaysFontItalic
005bca7c	string		sDaysFontName
005bca8c	string		lDaysFontSize
005bca9c	string	005b62fc	Enables or disables the calendar control
005bcac8	string	005b638c	Tells the calendar control where to place the extra week for some leap years. The first period or the last period.
005bcb3c	string	005b3300,005b4578	nExtraWeekPlacement
005bcb50	string	005b3a1c,005b3a4c	DateValue
005bcb5c	string	005b3a20,005b3a50	PeriodValue
005bcb68	string		Event
005bcb70	string	005b8014	The currently selected dates font attributes
005bcba0	string		oActiveDayFont
005bcbb0	string	005b64ac,005b653c,005b65cc,005b665c	For the currently selected date
005bcbd0	string		bActiveDayFontBold
005bcbe4	string		bActiveDayFontItalic
005bcbfc	string		sActiveDayFontName
005bcc10	string	005b32c0	lActiveDayFontSize
005bcc24	string	005b79d4	This is the periods object that defines the period structure.
005bcc64	string	005b4568	oPeriods
005bcc70	string	005b677c	The number of rows that are displayed on the calendar control.
005bccb0	string		nPeriodRows
005bccbc	string		Redraws the calendar control
005bccdc	string		Sets the Periods object structure back to 4 week intervals for a total of 13 periods
005bcd38	string	005b35b4	OldDate
005bcd40	string	005b35b8,005b35c4	NewDate
005bcd48	string	005b35c8	Cancel
005bcd50	string		An event that gets fired before the date is changed allowing the programming to cancel the date change before it takes place.
005bcddc	string	005b38f0	intMonth
005bcde8	string	005b38f4	intYear
005bcdf0	string	005b3bbc,005b4560	dtCurrentDate
005bce00	string	005b3bc0,005b456c	nPeriodType
005bce0c	string	005b3bc4,005b4570	nFirstCurrentPeriod
005bce20	string	005b3bc8,005b4574	nCalendarStartWeek
005bce34	string	005b457c	vDate
005bce3c	string	005b33b0	rgbNew
005bce44	string		NewFont
005bce4c	string	005b3a2c	CtlHdc
005bce54	string	005b3a30	CtlWidth
005bce60	string	005b3a34	CtlHeight
005bce78	string	005b3a14,005b3b8c	Width
005bce80	string	005b3a18,005b3b90	Height
005bce88	string	005b3b80	hdcSource
005bce94	string	005b369c	vTipID
005bce9c	string	005b36a0	sToolTipText
005bceac	string	005b3140	lInterval
005bceb8	string		sTipText
005bcec4	string	005b33f0,005b3764	sName
005bcecc	string	005b32bc,005b3768	nNumberOfWeeks
005bcee8	string	005b31f4,005b33b8,005b36bc,005b3704	index
005bcef0	string		iIndex
005bcef8	string	005b31f0	blnNewStoryReaderIsPlaying
005bcf14	string	005b31d8	strNewPath
005bcf20	string	005b31d0	objStoryReaderInstance
005bcf38	string	005b31b4	strBookPath
005bcf44	string	005b3578	strURL
005bcf4c	string	005b3d14,005b3f64,005b7948,005b8584	lhdcDest
005bcf58	string	005b7964	bUseMaskColor
005bcf68	string	005b3f7c,005b7968	lMaskColor
005bcf74	string	005b3d2c,005b3f80,005b796c,005b85ac	lhPal
005bcf7c	string	005b8398	lSrcHdc
005bcf94	string	005b83ac	lDestHdc
005bcfe0	string	005b394c	strName
005bcfe8	string	005b3950	strAddress
005bcff4	string	005b31d4,005b3954	blnEditMode
005bd000	string		objList
005bd008	string	005b31b8	strOriginalAddressName
005bd038	string	005b33ec	blnForceShow
005bd048	string	005b36a4	blnTellAFriend
005bd070	string	005b36fc	strText
005bd078	string	005b3700	nCode
005bd090	string		strProductName
005bd0a0	string	005b35e4	vNewQItem
005bd0ac	string	005b326c,005b3420	vNewVal
005bd12c	string	005b349c	ParentObject
005bd13c	string		NewBBEvent
005bd148	string		NewMutuallyExclusive
005bd160	string		NewStatus
005bd16c	string		NewType
005bd174	string	005b3940	blnIgnoreVersion
005bd188	string	005b3944	blnUserInit
005bd1a0	string	005b32fc	objPOP
005bd1b8	string	005b3558	maNumber
005bd1e8	string	005b3754,005b37a0,005b37bc,005b3838,005b3e2c	pUser
005bd1f0	string	005b36b8,005b3e30	lCookie
005bd1f8	string	005b3e34	bstrAppGUID
005bd204	string	005b3e38	bstrAppName
005bd210	string	005b3e3c	bstrAppURL
005bd21c	string	005b3e40	lInviteType
005bd228	string	005b3760,005b3784,005b37a8,005b3b54,005b3e44	pfEnableDefault
005bd238	string	005b3750,005b3834	MLIST
005bd240	string	005b377c	pRequestUser
005bd25c	string	005b35c0,005b35d8,005b3780,005b3b44	pIMSession
005bd268	string	005b36b4	lresult
005bd270	string	005b35f4,005b35fc,005b3674,005b3684	pSession
005bd27c	string	005b3b48	pSourceUser
005bd288	string	005b3b4c	bstrMsgHeader
005bd298	string	005b3b50	bstrMsgText
005bd2a4	string	005b3758	MFOLDER
005bd2ac	string	005b375c	cUnreadEmail
005bd2bc	string	005b37c0	bstrPrevFriendlyName
005bd2d4	string	005b35bc,005b35d4	pIMsgrUser
005bd2e0	string	005b381c	mLocalState
005bd2f8	string	005b3610,005b3820	pService
005bd304	string	005b37a4	mPrevState
005bd31c	string		oSession
005bd328	string	005b30b4,005b30e0,005b35f8,005b3678	pContact
005bd334	string	005b3574,005b395c	strPrompt
005bd340	string	005b3960	strCaption
005bd34c	string	005b3964	udtDialogType
005bd35c	string	005b3c48	KeyRoot
005bd364	string	005b3c4c	KeyName
005bd36c	string	005b3c50	SubKeyRef
005bd378	string	005b3c54	KeyVal
005bd380	string	005b3028	strProductCode
005bd39c	string	005b3800	frmCaller
005bd3a8	string	005b3660,005b3804	blnForceImmediate
005bd3bc	string	005b3808	blnForceNoRedirect
005bd3d0	string	005b365c	frmMoveToMe
005bd3dc	string	005b3664	lngNewLeft
005bd3e8	string	005b3668	lngNewTop
005bd3f4	string	005b359c	strMessage
005bd400	string	005b35a0	imFriend
005bd40c	string	005b3788,005b3a7c	objSession
005bd418	string	005b378c	strFriend
005bd424	string	005b3790	blnSelfStart
005bd434	string	005b368c	objFriend
005bd440	string	005b3690	lngNewState
005bd44c	string	005b35ac	bbimNewSession
005bd45c	string	005b35b0	blnUpdateCaption
005bd470	string	005b39cc	imObject
005bd47c	string	005b39d0	strLogonName
005bd48c	string	005b39d4	blnUpdateCount
005bd49c	string	005b36cc	vntIndexKey
005bd4a8	string	005b30b0	vIndexKey
005bd4b4	string	005b3a80	frmSessionForm
005bd4cc	string	005b31a4	blnNewBBPlayerIsPlaying
005bd4e4	string		blnNewBBPlayerWasInterrupted
005bd504	string	005b3174	objBBPlayer
005bd510	string	005b3060	objthis
005bd518	string	005b38b4	hWndControl
005bd524	string	005b38b8	hWndControlParent
005bd538	string	005b38bc	bComboBox
005bd544	string	005b3064	vData
005bd54c	string	005b3d84	g_blnGoldLoginSucceeded
00738ce8	TerminatedCString		MSVBVM60.DLL
00738cf8	TerminatedCString		EVENT_SINK_GetIDsOfNames
00738d14	TerminatedCString		__vbaVarTstGt
00738d24	TerminatedCString		__vbaVarSub
00738d32	TerminatedCString		__vbaStrI2
00738d40	TerminatedCString		_CIcos
00738d4a	TerminatedCString		_adj_fptan
00738d58	TerminatedCString		__vbaVarMove
00738d68	TerminatedCString		__vbaStrI4
00738d76	TerminatedCString		__vbaVarVargNofree
00738d8c	TerminatedCString		__vbaAryMove
00738d9c	TerminatedCString		__vbaFreeVar
00738dac	TerminatedCString		__vbaLineInputStr
00738dc0	TerminatedCString		__vbaLateIdCall
00738dd2	TerminatedCString		__vbaStrVarMove
00738de4	TerminatedCString		__vbaLenBstr
00738df4	TerminatedCString		__vbaEnd
00738e00	TerminatedCString		__vbaVarIdiv
00738e10	TerminatedCString		__vbaFreeVarList
00738e24	TerminatedCString		_adj_fdiv_m64
00738e34	TerminatedCString		__vbaFpCDblR8
00738e44	TerminatedCString		EVENT_SINK_Invoke
00738e58	TerminatedCString		__vbaVarIndexStore
00738e6e	TerminatedCString		__vbaRaiseEvent
00738e80	TerminatedCString		__vbaFreeObjList
00738e94	TerminatedCString		__vbaStrErrVarCopy
00738eaa	TerminatedCString		__vbaVarIndexLoadRef
00738ec2	TerminatedCString		_adj_fprem1
00738ed0	TerminatedCString		__vbaRecAnsiToUni
00738ee4	TerminatedCString		__vbaI2Abs
00738ef2	TerminatedCString		__vbaResume
00738f00	TerminatedCString		__vbaVarCmpNe
00738f10	TerminatedCString		__vbaStrCat
00738f1e	TerminatedCString		__vbaBoolErrVar
00738f30	TerminatedCString		__vbaLsetFixstr
00738f42	TerminatedCString		__vbaWriteFile
00738f54	TerminatedCString		__vbaStrDate
00738f64	TerminatedCString		__vbaSetSystemError
00738f7a	TerminatedCString		__vbaRecDestruct
00738f8e	TerminatedCString		__vbaNameFile
00738f9e	TerminatedCString		__vbaHresultCheckObj
00738fb6	TerminatedCString		__vbaLenVar
00738fc4	TerminatedCString		_adj_fdiv_m32
00738fd4	TerminatedCString		__vbaVarTstLe
00738fe4	TerminatedCString		__vbaAryVar
00738ff2	TerminatedCString		Zombie_GetTypeInfo
00739008	TerminatedCString		__vbaVarCmpGe
00739018	TerminatedCString		__vbaAryDestruct
0073902c	TerminatedCString		EVENT_SINK2_Release
00739042	TerminatedCString		__vbaVarForInit
00739054	TerminatedCString		__vbaStrBool
00739064	TerminatedCString		__vbaBoolStr
00739074	TerminatedCString		__vbaForEachCollObj
0073908a	TerminatedCString		__vbaExitProc
0073909a	TerminatedCString		__vbaOnError
007390aa	TerminatedCString		__vbaObjSet
007390b8	TerminatedCString		_adj_fdiv_m16i
007390ca	TerminatedCString		__vbaObjSetAddref
007390de	TerminatedCString		_adj_fdivr_m16i
007390f0	TerminatedCString		__vbaVarIndexLoad
00739104	TerminatedCString		__vbaFpR4
00739110	TerminatedCString		__vbaStrFixstr
00739122	TerminatedCString		__vbaBoolVar
00739132	TerminatedCString		__vbaVarTstLt
00739142	TerminatedCString		__vbaRefVarAry
00739154	TerminatedCString		__vbaBoolVarNull
00739168	TerminatedCString		__vbaFpR8
00739174	TerminatedCString		_CIsin
0073917e	TerminatedCString		__vbaErase
0073918c	TerminatedCString		__vbaNextEachCollObj
007391a4	TerminatedCString		__vbaVarZero
007391b4	TerminatedCString		__vbaVarCmpGt
007391c4	TerminatedCString		__vbaChkstk
007391d2	TerminatedCString		__vbaCyVar
007391e0	TerminatedCString		__vbaFileClose
007391f2	TerminatedCString		EVENT_SINK_AddRef
00739206	TerminatedCString		__vbaVarAbs
00739214	TerminatedCString		__vbaGenerateBoundsError
00739230	TerminatedCString		__vbaExitEachColl
00739244	TerminatedCString		__vbaStrCmp
00739252	TerminatedCString		__vbaAryConstruct2
00739268	TerminatedCString		__vbaVarTstEq
00739278	TerminatedCString		__vbaPutOwner3
0073928a	TerminatedCString		__vbaPutOwner4
0073929c	TerminatedCString		__vbaDateR8
007392aa	TerminatedCString		__vbaR4Str
007392b8	TerminatedCString		__vbaPrintObj
007392c8	TerminatedCString		__vbaObjVar
007392d6	TerminatedCString		__vbaI2I4
007392e2	TerminatedCString		DllFunctionCall
007392f4	TerminatedCString		__vbaVarOr
00739302	TerminatedCString		__vbaCastObjVar
00739314	TerminatedCString		__vbaLbound
00739322	TerminatedCString		__vbaRedimPreserve
00739338	TerminatedCString		__vbaStrR4
00739346	TerminatedCString		_adj_fpatan
00739354	TerminatedCString		__vbaR4Var
00739362	TerminatedCString		__vbaFixstrConstruct
0073937a	TerminatedCString		__vbaLateIdCallLd
0073938e	TerminatedCString		Zombie_GetTypeInfoCount
007393a8	TerminatedCString		__vbaStrR8
007393b6	TerminatedCString		__vbaRedim
007393c4	TerminatedCString		__vbaRecUniToAnsi
007393d8	TerminatedCString		EVENT_SINK_Release
007393ee	TerminatedCString		__vbaNew
007393fa	TerminatedCString		_CIsqrt
00739404	TerminatedCString		__vbaObjIs
00739412	TerminatedCString		__vbaRedimVar
00739422	TerminatedCString		__vbaVarAnd
00739430	TerminatedCString		EVENT_SINK_QueryInterface
0073944c	TerminatedCString		__vbaVarMul
0073945a	TerminatedCString		__vbaExceptHandler
00739470	TerminatedCString		__vbaPrintFile
00739482	TerminatedCString		__vbaInputFile
00739494	TerminatedCString		__vbaStrToUnicode
007394a8	TerminatedCString		__vbaDateStr
007394b8	TerminatedCString		_adj_fprem
007394c6	TerminatedCString		_adj_fdivr_m64
007394d8	TerminatedCString		__vbaLateIdStAd
007394ea	TerminatedCString		__vbaR8ErrVar
007394fa	TerminatedCString		__vbaI2Str
00739508	TerminatedCString		__vbaFailedFriend
0073951c	TerminatedCString		__vbaVarCmpLe
0073952c	TerminatedCString		__vbaFPException
00739540	TerminatedCString		__vbaInStrVar
00739550	TerminatedCString		__vbaUbound
0073955e	TerminatedCString		__vbaStrVarVal
00739570	TerminatedCString		__vbaGetOwner4
00739582	TerminatedCString		__vbaVarCat
00739590	TerminatedCString		__vbaDateVar
007395a0	TerminatedCString		__vbaI2Var
007395ae	TerminatedCString		_CIlog
007395b8	TerminatedCString		__vbaErrorOverflow
007395ce	TerminatedCString		__vbaFileOpen
007395de	TerminatedCString		__vbaVarLateMemCallLdRf
007395f8	TerminatedCString		__vbaInStr
00739606	TerminatedCString		__vbaVar2Vec
00739616	TerminatedCString		__vbaR8Str
00739624	TerminatedCString		__vbaNew2
00739630	TerminatedCString		_adj_fdiv_m32i
00739642	TerminatedCString		_adj_fdivr_m32i
00739654	TerminatedCString		__vbaStrCopy
00739664	TerminatedCString		EVENT_SINK2_AddRef
0073967a	TerminatedCString		__vbaI4Str
00739688	TerminatedCString		__vbaVarCmpLt
00739698	TerminatedCString		__vbaFreeStrList
007396ac	TerminatedCString		_adj_fdivr_m32
007396be	TerminatedCString		__vbaR8Var
007396cc	TerminatedCString		__vbaPowerR8
007396dc	TerminatedCString		_adj_fdiv_r
007396ea	TerminatedCString		__vbaVarTstNe
007396fa	TerminatedCString		__vbaI4Var
00739708	TerminatedCString		__vbaVarCmpEq
00739718	TerminatedCString		__vbaVarAdd
00739726	TerminatedCString		__vbaLateMemCall
0073973a	TerminatedCString		__vbaAryLock
0073974a	TerminatedCString		__vbaStrToAnsi
0073975c	TerminatedCString		__vbaVarDup
0073976a	TerminatedCString		__vbaVerifyVarObj
0073977e	TerminatedCString		__vbaFpI2
0073978a	TerminatedCString		__vbaVarMod
00739798	TerminatedCString		__vbaVarTstGe
007397a8	TerminatedCString		__vbaVarLateMemCallLd
007397c0	TerminatedCString		__vbaVarCopy
007397d0	TerminatedCString		__vbaFpI4
007397dc	TerminatedCString		__vbaR8IntI2
007397ec	TerminatedCString		__vbaLateMemCallLd
00739802	TerminatedCString		__vbaRecDestructAnsi
0073981a	TerminatedCString		_CIatan
00739824	TerminatedCString		__vbaAryCopy
00739834	TerminatedCString		__vbaStrMove
00739844	TerminatedCString		__vbaCastObj
00739854	TerminatedCString		__vbaR8IntI4
00739864	TerminatedCString		__vbaHresultCheckNonvirt
00739880	TerminatedCString		__vbaStrVarCopy
00739892	TerminatedCString		__vbaI4Cy
0073989e	TerminatedCString		__vbaVarNeg
007398ac	TerminatedCString		_allmul
007398b6	TerminatedCString		__vbaLateIdSt
007398c6	TerminatedCString		__vbaAryRecCopy
007398d8	TerminatedCString		_CItan
007398e2	TerminatedCString		__vbaFPInt
007398f0	TerminatedCString		__vbaAryUnlock
00739902	TerminatedCString		__vbaVarForNext
00739914	TerminatedCString		_CIexp
0073991e	TerminatedCString		__vbaMidStmtBstr
00739932	TerminatedCString		__vbaRecAssign
00739944	TerminatedCString		__vbaI4ErrVar
00739954	TerminatedCString		__vbaFreeObj
00739964	TerminatedCString		__vbaFreeStr
00751492	unicode		_IID_CPERIOD
007514ac	unicode		_IID_CLSADDRESSBOOK
007514d4	unicode		_IID_CLSREGISTRATION
007514fe	unicode		TYPELIB
0075150e	unicode		_SRCIID_CLSSTORYREADER
0075153c	unicode		_IID_CLSBBPLAYER
0075155e	unicode		_IID_CCALENDARVBPERIOD
0075158c	unicode		_SRCIID_CLSBBPLAYER
007515b4	unicode		_IID_CLSSTORYREADER
007515dc	unicode		_IID_CPERIODS
007515f8	unicode		_IID_CLSCLICKTHEBUTTON
00751626	unicode		_IID_CLSDOWNLOADMANAGER
00751656	unicode		_IID_CCALENDARVBPERIODS
00751696	unicode		VS_VERSION_INFO
007516f2	TerminatedUnicode		VarFileInfo
00751712	TerminatedUnicode		Translation
00751736	TerminatedUnicode		StringFileInfo
0075175a	TerminatedUnicode		040904B0
00751772	TerminatedUnicode		CompanyName
0075178c	TerminatedUnicode		BONZI.COM Software
007517ba	TerminatedUnicode		FileDescription
007517dc	TerminatedUnicode		BonziBUDDY, the intelligent, interactive traveling companion on the Internet.
0075187e	TerminatedUnicode		ProductName
00751898	TerminatedUnicode		BonziBUDDY
007518b6	TerminatedUnicode		FileVersion
007518d0	TerminatedUnicode		4.01.0009
007518ea	TerminatedUnicode		ProductVersion
00751908	TerminatedUnicode		4.01.0009
00751922	TerminatedUnicode		InternalName
0075193c	TerminatedUnicode		BonziBDY
00751956	TerminatedUnicode		OriginalFilename
00751978	TerminatedUnicode		BonziBDY.EXE
0075199a	TerminatedUnicode		OLESelfRegister
